<mets xmlns="http://www.loc.gov/METS/" xmlns:xlink="http://www.w3.org/1999/xlink">
  <fileSec>
    
    <fileGrp USE="export">
      
        <file ID="export1">
          <FLocat xlink:href="Muqaffa-or14533-3.pdf_page_66.xml"/>
        </file>
      
        <file ID="export2">
          <FLocat xlink:href="Muqaffa-or14533-3.pdf_page_67.xml"/>
        </file>
      
        <file ID="export3">
          <FLocat xlink:href="Muqaffa-or14533-3.pdf_page_68.xml"/>
        </file>
      
        <file ID="export4">
          <FLocat xlink:href="Muqaffa-or14533-3.pdf_page_69.xml"/>
        </file>
      
        <file ID="export5">
          <FLocat xlink:href="Muqaffa-or14533-3.pdf_page_70.xml"/>
        </file>
      
        <file ID="export6">
          <FLocat xlink:href="Muqaffa-or14533-3.pdf_page_71.xml"/>
        </file>
      
        <file ID="export7">
          <FLocat xlink:href="Muqaffa-or14533-3.pdf_page_72.xml"/>
        </file>
      
        <file ID="export8">
          <FLocat xlink:href="Muqaffa-or14533-3.pdf_page_73.xml"/>
        </file>
      
        <file ID="export9">
          <FLocat xlink:href="Muqaffa-or14533-3.pdf_page_74.xml"/>
        </file>
      
        <file ID="export10">
          <FLocat xlink:href="Muqaffa-or14533-3.pdf_page_75.xml"/>
        </file>
      
        <file ID="export11">
          <FLocat xlink:href="Muqaffa-or14533-3.pdf_page_76.xml"/>
        </file>
      
        <file ID="export12">
          <FLocat xlink:href="Muqaffa-or14533-3.pdf_page_77.xml"/>
        </file>
      
        <file ID="export13">
          <FLocat xlink:href="Muqaffa-or14533-3.pdf_page_78.xml"/>
        </file>
      
        <file ID="export14">
          <FLocat xlink:href="Muqaffa-or14533-3.pdf_page_79.xml"/>
        </file>
      
        <file ID="export15">
          <FLocat xlink:href="Muqaffa-or14533-3.pdf_page_80.xml"/>
        </file>
      
        <file ID="export16">
          <FLocat xlink:href="Muqaffa-or14533-3.pdf_page_81.xml"/>
        </file>
      
        <file ID="export17">
          <FLocat xlink:href="Muqaffa-or14533-3.pdf_page_82.xml"/>
        </file>
      
        <file ID="export18">
          <FLocat xlink:href="Muqaffa-or14533-3.pdf_page_83.xml"/>
        </file>
      
        <file ID="export19">
          <FLocat xlink:href="Muqaffa-or14533-3.pdf_page_84.xml"/>
        </file>
      
        <file ID="export20">
          <FLocat xlink:href="Muqaffa-or14533-3.pdf_page_85.xml"/>
        </file>
      
        <file ID="export21">
          <FLocat xlink:href="Muqaffa-or14533-3.pdf_page_86.xml"/>
        </file>
      
        <file ID="export22">
          <FLocat xlink:href="Muqaffa-or14533-3.pdf_page_87.xml"/>
        </file>
      
        <file ID="export23">
          <FLocat xlink:href="Muqaffa-or14533-3.pdf_page_88.xml"/>
        </file>
      
        <file ID="export24">
          <FLocat xlink:href="Muqaffa-or14533-3.pdf_page_89.xml"/>
        </file>
      
        <file ID="export25">
          <FLocat xlink:href="Muqaffa-or14533-3.pdf_page_90.xml"/>
        </file>
      
        <file ID="export26">
          <FLocat xlink:href="Muqaffa-or14533-3.pdf_page_91.xml"/>
        </file>
      
        <file ID="export27">
          <FLocat xlink:href="Muqaffa-or14533-3.pdf_page_92.xml"/>
        </file>
      
        <file ID="export28">
          <FLocat xlink:href="Muqaffa-or14533-3.pdf_page_93.xml"/>
        </file>
      
    </fileGrp>
  </fileSec>
  <structMap TYPE="physical">
    <div TYPE="document">
      
      <div TYPE="page">
        
        <fptr FILEID="export1"/>
      </div>
      
      <div TYPE="page">
        
        <fptr FILEID="export2"/>
      </div>
      
      <div TYPE="page">
        
        <fptr FILEID="export3"/>
      </div>
      
      <div TYPE="page">
        
        <fptr FILEID="export4"/>
      </div>
      
      <div TYPE="page">
        
        <fptr FILEID="export5"/>
      </div>
      
      <div TYPE="page">
        
        <fptr FILEID="export6"/>
      </div>
      
      <div TYPE="page">
        
        <fptr FILEID="export7"/>
      </div>
      
      <div TYPE="page">
        
        <fptr FILEID="export8"/>
      </div>
      
      <div TYPE="page">
        
        <fptr FILEID="export9"/>
      </div>
      
      <div TYPE="page">
        
        <fptr FILEID="export10"/>
      </div>
      
      <div TYPE="page">
        
        <fptr FILEID="export11"/>
      </div>
      
      <div TYPE="page">
        
        <fptr FILEID="export12"/>
      </div>
      
      <div TYPE="page">
        
        <fptr FILEID="export13"/>
      </div>
      
      <div TYPE="page">
        
        <fptr FILEID="export14"/>
      </div>
      
      <div TYPE="page">
        
        <fptr FILEID="export15"/>
      </div>
      
      <div TYPE="page">
        
        <fptr FILEID="export16"/>
      </div>
      
      <div TYPE="page">
        
        <fptr FILEID="export17"/>
      </div>
      
      <div TYPE="page">
        
        <fptr FILEID="export18"/>
      </div>
      
      <div TYPE="page">
        
        <fptr FILEID="export19"/>
      </div>
      
      <div TYPE="page">
        
        <fptr FILEID="export20"/>
      </div>
      
      <div TYPE="page">
        
        <fptr FILEID="export21"/>
      </div>
      
      <div TYPE="page">
        
        <fptr FILEID="export22"/>
      </div>
      
      <div TYPE="page">
        
        <fptr FILEID="export23"/>
      </div>
      
      <div TYPE="page">
        
        <fptr FILEID="export24"/>
      </div>
      
      <div TYPE="page">
        
        <fptr FILEID="export25"/>
      </div>
      
      <div TYPE="page">
        
        <fptr FILEID="export26"/>
      </div>
      
      <div TYPE="page">
        
        <fptr FILEID="export27"/>
      </div>
      
      <div TYPE="page">
        
        <fptr FILEID="export28"/>
      </div>
      
    </div>
  </structMap>
</mets>
