<?xml version="1.0" encoding="UTF-8"?>
<alto xmlns:xsi="http://www.w3.org/2001/XMLSchema-instance"
      xmlns="http://www.loc.gov/standards/alto/ns-v4#"
      xsi:schemaLocation="http://www.loc.gov/standards/alto/ns-v4# http://www.loc.gov/standards/alto/v4/alto-4-2.xsd">
  <Description>
    <MeasurementUnit>pixel</MeasurementUnit>
    <sourceImageInformation>
      <fileName>Muqaffa-or14533-3.pdf_page_81.png</fileName>
      <fileIdentifier>pdf//Muqaffa-or14533-3.pdf</fileIdentifier>
    </sourceImageInformation>
  </Description>
  <Tags>
    <OtherTag ID="BT1094" LABEL="text" DESCRIPTION="block type text"/><OtherTag ID="BT1066" LABEL="Chancery_Material" DESCRIPTION="block type Chancery_Material"/><OtherTag ID="BT1065" LABEL="Flyleaf" DESCRIPTION="block type Flyleaf"/><OtherTag ID="BT1064" LABEL="default" DESCRIPTION="block type default"/><OtherTag ID="BT1063" LABEL="Marginal_Material" DESCRIPTION="block type Marginal_Material"/><OtherTag ID="BT1062" LABEL="Catchword" DESCRIPTION="block type Catchword"/><OtherTag ID="BT4" LABEL="Illustration" DESCRIPTION="block type Illustration"/><OtherTag ID="BT3" LABEL="Commentary" DESCRIPTION="block type Commentary"/><OtherTag ID="BT2" LABEL="Main" DESCRIPTION="block type Main"/><OtherTag ID="BT1" LABEL="Title" DESCRIPTION="block type Title"/>
    <OtherTag ID="LT1" LABEL="Main" DESCRIPTION="line type Main"/><OtherTag ID="LT219" LABEL="default" DESCRIPTION="line type default"/><OtherTag ID="LT220" LABEL="Main-90" DESCRIPTION="line type Main-90"/><OtherTag ID="LT221" LABEL="Main-180" DESCRIPTION="line type Main-180"/><OtherTag ID="LT222" LABEL="Main-270" DESCRIPTION="line type Main-270"/>
  </Tags>
  <Layout>
    <Page WIDTH="3963"
          HEIGHT="3021"
          PHYSICAL_IMG_NR="277"
          ID="eSc_dummypage_">
      <PrintSpace HPOS="0"
                  VPOS="0"
                  WIDTH="3963"
                  HEIGHT="3021">
        <TextBlock HPOS="2062"
                   VPOS="302"
                   WIDTH="1483"
                   HEIGHT="2444"
                   ID="eSc_textblock_1bd33be0"
                   TAGREFS="BT2">
          <Shape><Polygon POINTS="3545 302 3529 2535 3489 2736 2122 2746 2062 2706 2086 873 2145 829 2145 797 2145 330 2235 302"/></Shape>
          <TextLine ID="eSc_line_f87a0f8f"
                    TAGREFS="LT1"
                    BASELINE="2180 385 3091 375 3197 377 3464 377" 
                    HPOS="2175"
                    VPOS="307"
                    WIDTH="1286"
                    HEIGHT="126">
            <Shape><Polygon POINTS="2175 317 2177 382 2177 417 2218 433 2248 415 2472 412 2497 430 2583 412 2646 430 2694 412 2948 427 3041 407 3079 425 3207 425 3411 422 3459 405 3461 375 3459 307 3220 307 3200 322 2976 322 2945 337 2897 322 2877 337 2857 319 2829 334 2797 314 2772 337 2688 339 2180 317 2175 317"/></Shape>
            <String CONTENT="
 بكتوت الخزنداري 
 ب بكتوت الخزنداري الأمير بدر الدين أمير شكار متولى
ا"
                    HPOS="2175"
                    VPOS="307"
                    WIDTH="1286"
                    HEIGHT="126"
                    ></String>
          </TextLine>
          <TextLine ID="eSc_line_8399dd74"
                    TAGREFS="LT1"
                    BASELINE="2157 470 3499 465" 
                    HPOS="2157"
                    VPOS="433"
                    WIDTH="1342"
                    HEIGHT="88">
            <Shape><Polygon POINTS="2157 503 2228 518 2311 500 2331 521 2490 506 2545 521 2580 503 2744 521 2802 506 3086 518 3225 498 3328 516 3348 498 3497 498 3499 465 3494 460 2970 433 2935 460 2880 460 2832 433 2777 463 2711 463 2683 435 2598 435 2535 458 2485 438 2469 453 2442 440 2349 463 2185 463 2157 470 2157 503"/></Shape>
            <String CONTENT="راكا سمكندريه احدمما ليك الام بدوالدين سلبك الحم نواوباب السلطنة"
                    HPOS="2157"
                    VPOS="433"
                    WIDTH="1342"
                    HEIGHT="88"
                    ></String>
          </TextLine>
          <TextLine ID="eSc_line_9c0bbbd9"
                    TAGREFS="LT1"
                    BASELINE="2131 560 3502 546" 
                    HPOS="2130"
                    VPOS="518"
                    WIDTH="1369"
                    HEIGHT="93">
            <Shape><Polygon POINTS="2130 594 2349 611 2379 591 2401 609 2500 591 2520 609 2583 609 2759 606 2835 584 2900 604 2958 584 3011 604 3305 579 3461 599 3497 579 3499 543 3497 538 3265 518 3220 543 3074 543 3013 523 2963 546 2938 526 2809 523 2769 548 2701 526 2615 548 2580 526 2568 541 2495 528 2457 551 2424 533 2351 553 2130 553 2130 558 2130 594"/></Shape>
            <String CONTENT="اريام الغلاصومة سرس سرفان الجدم الم ان عمله الكب العاء ول سبع"
                    HPOS="2130"
                    VPOS="518"
                    WIDTH="1369"
                    HEIGHT="93"
                    ></String>
          </TextLine>
          <TextLine ID="eSc_line_0fa68a60"
                    TAGREFS="LT1"
                    BASELINE="2131 641 3504 634" 
                    HPOS="2130"
                    VPOS="614"
                    WIDTH="1372"
                    HEIGHT="80">
            <Shape><Polygon POINTS="2130 677 2328 694 2351 674 2399 689 2454 674 2583 694 2845 692 2933 672 3021 692 3144 669 3499 669 3502 631 3497 629 3179 614 3164 629 3071 629 3041 614 2855 616 2835 631 2590 616 2474 634 2346 619 2316 634 2130 634 2130 639 2130 677"/></Shape>
            <String CONTENT="امه وسبكا رولس ثم وك لاسكند رمه وحطمت مقاسه عنه الا بر من سرت"
                    HPOS="2130"
                    VPOS="614"
                    WIDTH="1372"
                    HEIGHT="80"
                    ></String>
          </TextLine>
          <TextLine ID="eSc_line_f9215313"
                    TAGREFS="LT1"
                    BASELINE="2131 727 3494 727" 
                    HPOS="2130"
                    VPOS="699"
                    WIDTH="1362"
                    HEIGHT="81">
            <Shape><Polygon POINTS="2130 725 2130 760 2192 780 2238 760 2341 780 2424 765 2467 780 2827 780 2845 765 2943 780 3008 762 3084 780 3117 760 3182 777 3492 760 3492 725 3492 720 2827 699 2807 720 2686 720 2666 699 2568 717 2535 699 2434 699 2396 720 2130 720 2130 725"/></Shape>
            <String CONTENT="وسلا واقام يحلمهما فلما يجاد الله الناص حه رقلا ونالما لمدك سعه عليه"
                    HPOS="2130"
                    VPOS="699"
                    WIDTH="1362"
                    HEIGHT="81"
                    ></String>
          </TextLine>
          <TextLine ID="eSc_line_358fc5d0"
                    TAGREFS="LT1"
                    BASELINE="2117 825 3504 813" 
                    HPOS="2117"
                    VPOS="793"
                    WIDTH="1387"
                    HEIGHT="83">
            <Shape><Polygon POINTS="2117 868 2671 876 2807 855 2824 873 2875 873 2978 855 3033 871 3051 853 3217 871 3230 855 3504 848 3504 813 3502 808 3275 810 3195 793 3154 813 3018 813 2948 793 2789 795 2764 815 2560 798 2527 818 2467 798 2427 818 2361 800 2323 820 2117 820 2117 825 2117 868"/></Shape>
            <String CONTENT="اسركس والمطفر مفر سن لب سحق به ليسر معه أل يرفه وسن سع ولك"
                    HPOS="2117"
                    VPOS="793"
                    WIDTH="1387"
                    HEIGHT="83"
                    ></String>
          </TextLine>
          <TextLine ID="eSc_line_a4b645d4"
                    TAGREFS="LT1"
                    BASELINE="2125 918 3502 903" 
                    HPOS="2125"
                    VPOS="876"
                    WIDTH="1377"
                    HEIGHT="95">
            <Shape><Polygon POINTS="2125 954 2351 971 2553 949 2580 969 2626 946 2663 964 2686 946 2938 964 2973 944 3205 941 3232 956 3320 939 3381 959 3499 959 3502 903 3499 898 3245 898 3217 883 3152 903 3071 876 2842 891 2809 878 2709 881 2661 908 2527 883 2487 911 2359 896 2326 913 2132 913 2125 918 2125 954"/></Shape>
            <String CONTENT="يب لنع ماله وتريص به الدوايو الم ان استبادبه يى الحصورفزكه وصن"
                    HPOS="2125"
                    VPOS="876"
                    WIDTH="1377"
                    HEIGHT="95"
                    ></String>
          </TextLine>
          <TextLine ID="eSc_line_dda98179"
                    TAGREFS="LT1"
                    BASELINE="2087 999 3502 994" 
                    HPOS="2087"
                    VPOS="966"
                    WIDTH="1415"
                    HEIGHT="86">
            <Shape><Polygon POINTS="2087 1032 2157 1032 2177 1052 2306 1052 2326 1032 2469 1052 2726 1052 2756 1034 2885 1049 2991 1029 3263 1029 3343 1049 3378 1029 3466 1042 3502 1027 3502 994 3489 986 3378 986 3325 966 3278 981 3217 966 3195 986 3139 966 3114 986 3066 986 3018 966 2792 966 2716 969 2686 989 2427 974 2407 989 2162 989 2087 999 2087 1032"/></Shape>
            <String CONTENT="يقبص عليه عمد خصه وبه ملا قدم سكا ال السلطان جعاف ا خلح ررسد"
                    HPOS="2087"
                    VPOS="966"
                    WIDTH="1415"
                    HEIGHT="86"
                    ></String>
          </TextLine>
          <TextLine ID="eSc_line_4a12dcb2"
                    TAGREFS="LT1"
                    BASELINE="2122 1092 3499 1082" 
                    HPOS="2122"
                    VPOS="1057"
                    WIDTH="1377"
                    HEIGHT="83">
            <Shape><Polygon POINTS="2122 1122 2172 1122 2190 1140 2517 1120 2663 1137 2762 1120 2792 1135 2832 1120 2850 1135 2973 1135 2991 1120 3152 1135 3222 1115 3421 1132 3499 1112 3499 1082 3494 1077 3167 1064 3132 1080 3111 1064 3084 1080 3056 1057 3016 1057 2963 1080 2845 1057 2804 1082 2749 1059 2520 1059 2459 1085 2412 1067 2157 1085 2122 1092 2122 1122"/></Shape>
            <String CONTENT="سريعا واسام جعر واليوم بعا ولك من له فاجا به السلطان لهرا و"
                    HPOS="2122"
                    VPOS="1057"
                    WIDTH="1377"
                    HEIGHT="83"
                    ></String>
          </TextLine>
          <TextLine ID="eSc_line_557c6aeb"
                    TAGREFS="LT1"
                    BASELINE="2142 1183 3502 1170" 
                    HPOS="2142"
                    VPOS="1142"
                    WIDTH="1360"
                    HEIGHT="86">
            <Shape><Polygon POINTS="2142 1226 2250 1210 2311 1228 2379 1210 2449 1228 2500 1208 2759 1223 2789 1205 2930 1205 2973 1223 3016 1203 3064 1223 3149 1203 3217 1223 3258 1200 3300 1220 3449 1220 3502 1198 3502 1170 3499 1165 3275 1153 3247 1168 3159 1147 3051 1165 2988 1142 2953 1165 2928 1145 2767 1145 2741 1168 2683 1145 2490 1153 2457 1175 2381 1160 2321 1178 2142 1178 2142 1183 2142 1226"/></Shape>
            <String CONTENT="إلى جميع الأمراء بالعمل معه فيه وكتب إلى
ولاة الأعمال بمساعدته 
 فسار "
                    HPOS="2142"
                    VPOS="1142"
                    WIDTH="1360"
                    HEIGHT="86"
                    ></String>
          </TextLine>
          <TextLine ID="eSc_line_a565e5ed"
                    TAGREFS="LT1"
                    BASELINE="2150 1258 3502 1248" 
                    HPOS="2150"
                    VPOS="1231"
                    WIDTH="1352"
                    HEIGHT="78">
            <Shape><Polygon POINTS="2150 1296 2361 1309 2407 1288 2480 1306 2550 1286 2570 1306 2651 1291 2714 1304 2824 1278 2855 1304 2892 1304 2923 1286 3132 1278 3152 1293 3424 1301 3456 1276 3499 1276 3502 1248 3499 1243 2832 1231 2636 1251 2553 1233 2482 1253 2150 1253 2150 1258 2150 1296"/></Shape>
            <String CONTENT="للعمل في شهر رجب سنة عشر وسبعمائة ولم تمض إلا نحو العشرين يوما
حتى "
                    HPOS="2150"
                    VPOS="1231"
                    WIDTH="1352"
                    HEIGHT="78"
                    ></String>
          </TextLine>
          <TextLine ID="eSc_line_67729ab4"
                    TAGREFS="LT1"
                    BASELINE="2117 1349 3504 1334" 
                    HPOS="2117"
                    VPOS="1301"
                    WIDTH="1387"
                    HEIGHT="103">
            <Shape><Polygon POINTS="2117 1394 2293 1404 2359 1384 2379 1402 2505 1402 2522 1384 2613 1399 2729 1382 2809 1399 2850 1379 2900 1397 2973 1379 3041 1397 3099 1377 3250 1394 3502 1374 3504 1334 3502 1329 3258 1334 3205 1301 3038 1301 3001 1319 2910 1304 2847 1324 2807 1304 2721 1339 2653 1306 2525 1341 2344 1329 2331 1344 2117 1344 2117 1349 2117 1394"/></Shape>
            <String CONTENT="اجتمع من رجال النواحي نحو أربعين ألف راجل وحضر مباشرو الأمراء "
                    HPOS="2117"
                    VPOS="1301"
                    WIDTH="1387"
                    HEIGHT="103"
                    ></String>
          </TextLine>
          <TextLine ID="eSc_line_760472e0"
                    TAGREFS="LT1"
                    BASELINE="2125 1452 3497 1440" 
                    HPOS="2125"
                    VPOS="1412"
                    WIDTH="1372"
                    HEIGHT="93">
            <Shape><Polygon POINTS="2125 1482 2160 1505 2187 1490 2220 1505 2532 1502 2580 1485 2668 1502 2719 1485 2847 1500 2885 1475 2923 1500 2996 1472 3046 1485 3247 1470 3265 1487 3315 1487 3333 1472 3436 1485 3494 1470 3497 1440 3494 1434 3333 1437 3265 1419 3237 1437 3169 1424 3139 1440 3069 1412 2945 1412 2890 1414 2857 1442 2812 1414 2721 1414 2615 1445 2487 1417 2427 1445 2369 1432 2351 1447 2125 1447 2125 1452 2125 1482"/></Shape>
            <String CONTENT="ووقف
مع بكتوت مع العمل الأمير بدر الدي"
                    HPOS="2125"
                    VPOS="1412"
                    WIDTH="1372"
                    HEIGHT="93"
                    ></String>
          </TextLine>
          <TextLine ID="eSc_line_3472f681"
                    TAGREFS="LT1"
                    BASELINE="2132 1545 3487 1525" 
                    HPOS="2132"
                    VPOS="1502"
                    WIDTH="1355"
                    HEIGHT="94">
            <Shape><Polygon POINTS="2132 1578 2175 1596 2298 1596 2361 1578 2452 1588 2530 1573 2610 1591 2769 1570 2807 1588 3487 1558 3487 1525 3484 1520 3227 1525 3157 1502 3081 1528 3036 1502 2842 1505 2774 1533 2754 1513 2638 1507 2578 1535 2527 1510 2424 1538 2132 1540 2132 1545 2132 1578"/></Shape>
            <String CONTENT="ن محمد بن كيدغدي ابن الوزيري وجميع
"
                    HPOS="2132"
                    VPOS="1502"
                    WIDTH="1355"
                    HEIGHT="94"
                    ></String>
          </TextLine>
          <TextLine ID="eSc_line_e8e6385d"
                    TAGREFS="LT1"
                    BASELINE="2130 1633 3499 1618" 
                    HPOS="2130"
                    VPOS="1583"
                    WIDTH="1369"
                    HEIGHT="103">
            <Shape><Polygon POINTS="2130 1681 2208 1666 2273 1686 2442 1666 2512 1684 2648 1666 2779 1679 2847 1659 2970 1679 3089 1661 3129 1676 3179 1659 3260 1674 3310 1653 3431 1674 3454 1653 3499 1653 3499 1618 3479 1611 3313 1606 3288 1588 3237 1613 3162 1583 3041 1583 2958 1611 2885 1593 2852 1616 2822 1593 2782 1618 2699 1618 2585 1588 2477 1616 2396 1591 2288 1623 2165 1623 2130 1633 2130 1681"/></Shape>
            <String CONTENT="إلى الإسكندرية وكان الخليج في الأصل من حد شنيار يدخل الماء إليه
"
                    HPOS="2130"
                    VPOS="1583"
                    WIDTH="1369"
                    HEIGHT="103"
                    ></String>
          </TextLine>
          <TextLine ID="eSc_line_71384817"
                    TAGREFS="LT1"
                    BASELINE="2150 1729 3494 1716" 
                    HPOS="2150"
                    VPOS="1696"
                    WIDTH="1344"
                    HEIGHT="83">
            <Shape><Polygon POINTS="2150 1757 2255 1757 2286 1777 2333 1764 2351 1779 2459 1754 2661 1777 2719 1752 2807 1752 2850 1774 3008 1772 3046 1752 3222 1772 3298 1769 3338 1747 3446 1769 3494 1744 3494 1716 3492 1711 3245 1696 3215 1716 3124 1716 2968 1699 2923 1719 2573 1704 2532 1721 2482 1704 2449 1719 2419 1706 2349 1724 2150 1724 2150 1729 2150 1757"/></Shape>
            <String CONTENT="فم هذا البحر يرمي إليه وجعل عمقه ست قصبات في عرض ثماني قصبات "
                    HPOS="2150"
                    VPOS="1696"
                    WIDTH="1344"
                    HEIGHT="83"
                    ></String>
          </TextLine>
          <TextLine ID="eSc_line_cc70fcff"
                    TAGREFS="LT1"
                    BASELINE="2127 1810 3492 1802" 
                    HPOS="2127"
                    VPOS="1772"
                    WIDTH="1365"
                    HEIGHT="95">
            <Shape><Polygon POINTS="2127 1842 2321 1842 2480 1867 2520 1867 2545 1842 2618 1865 2739 1845 2767 1865 2852 1865 2872 1847 3033 1865 3119 1862 3164 1840 3273 1862 3313 1837 3383 1837 3416 1857 3492 1835 3492 1802 3482 1794 3414 1779 3368 1794 3310 1772 3235 1772 3192 1792 3169 1772 3091 1772 3006 1797 2958 1777 2920 1797 2865 1774 2588 1774 2565 1797 2548 1782 2502 1800 2203 1800 2127 1810 2127 1842"/></Shape>
            <String CONTENT="فلما
"
                    HPOS="2127"
                    VPOS="1772"
                    WIDTH="1365"
                    HEIGHT="95"
                    ></String>
          </TextLine>
          <TextLine ID="eSc_line_a72996c4"
                    TAGREFS="LT1"
                    BASELINE="2150 1895 3494 1890" 
                    HPOS="2150"
                    VPOS="1865"
                    WIDTH="1344"
                    HEIGHT="78">
            <Shape><Polygon POINTS="2150 1920 2177 1943 2447 1943 2469 1923 2497 1943 2565 1943 2593 1920 2676 1940 2769 1920 2819 1938 2882 1918 3016 1918 3066 1938 3273 1918 3300 1938 3368 1923 3426 1938 3494 1915 3494 1890 3489 1885 3275 1873 3162 1888 3124 1865 3071 1888 3008 1865 2847 1865 2648 1890 2537 1867 2469 1890 2409 1873 2359 1890 2150 1890 2150 1895 2150 1920"/></Shape>
            <String CONTENT="وركب
"
                    HPOS="2150"
                    VPOS="1865"
                    WIDTH="1344"
                    HEIGHT="78"
                    ></String>
          </TextLine>
          <TextLine ID="eSc_line_60ef78e3"
                    TAGREFS="LT1"
                    BASELINE="2155 1986 3492 1963" 
                    HPOS="2155"
                    VPOS="1946"
                    WIDTH="1337"
                    HEIGHT="88">
            <Shape><Polygon POINTS="2155 2026 2444 2034 2600 2006 2648 2026 2749 2003 2892 2024 2930 2001 3044 2016 3064 1998 3091 2019 3252 2019 3268 2003 3341 2019 3492 1991 3492 1963 3489 1958 3273 1963 3192 1946 3174 1966 3069 1948 2973 1968 2913 1951 2862 1971 2845 1953 2746 1953 2623 1973 2487 1961 2429 1978 2155 1981 2155 1986 2155 2026"/></Shape>
            <String CONTENT="كثير جدا أنعم
"
                    HPOS="2155"
                    VPOS="1946"
                    WIDTH="1337"
                    HEIGHT="88"
                    ></String>
          </TextLine>
          <TextLine ID="eSc_line_fe6a91f9"
                    TAGREFS="LT1"
                    BASELINE="2152 2071 3492 2059" 
                    HPOS="2152"
                    VPOS="2029"
                    WIDTH="1340"
                    HEIGHT="88">
            <Shape><Polygon POINTS="2152 2102 2208 2117 2457 2114 2487 2099 2661 2114 2694 2097 2930 2112 3033 2094 3066 2109 3169 2109 3185 2094 3242 2107 3268 2092 3464 2107 3492 2089 3492 2059 3487 2054 3303 2054 3268 2029 3154 2056 3109 2031 2991 2029 2968 2049 2923 2031 2822 2054 2784 2031 2686 2031 2651 2046 2593 2036 2568 2061 2510 2039 2480 2061 2376 2049 2185 2064 2152 2071 2152 2102"/></Shape>
            <String CONTENT="عرفت بالناصرية
"
                    HPOS="2152"
                    VPOS="2029"
                    WIDTH="1340"
                    HEIGHT="88"
                    ></String>
          </TextLine>
          <TextLine ID="eSc_line_5f3b5229"
                    TAGREFS="LT1"
                    BASELINE="2157 2165 3484 2147" 
                    HPOS="2157"
                    VPOS="2129"
                    WIDTH="1327"
                    HEIGHT="81">
            <Shape><Polygon POINTS="2157 2202 2490 2210 2565 2190 2590 2207 2666 2207 2688 2190 2767 2202 2840 2187 2877 2205 2923 2185 2968 2202 3008 2185 3096 2202 3164 2182 3202 2197 3237 2182 3260 2200 3295 2180 3399 2197 3484 2177 3484 2147 3482 2142 3252 2147 3192 2129 3003 2149 2913 2132 2860 2152 2618 2137 2595 2154 2401 2142 2379 2157 2157 2160 2157 2165 2157 2202"/></Shape>
            <String CONTENT="ساقية وأربعين ضيعة وسارت فيه
"
                    HPOS="2157"
                    VPOS="2129"
                    WIDTH="1327"
                    HEIGHT="81"
                    ></String>
          </TextLine>
          <TextLine ID="eSc_line_2f4d0990"
                    TAGREFS="LT1"
                    BASELINE="2150 2248 3479 2240" 
                    HPOS="2150"
                    VPOS="2205"
                    WIDTH="1329"
                    HEIGHT="88">
            <Shape><Polygon POINTS="2150 2278 2175 2293 2542 2293 2744 2273 2953 2290 3036 2270 3230 2270 3290 2288 3348 2273 3388 2288 3477 2270 3479 2240 3459 2230 3383 2227 3363 2207 3341 2225 3305 2205 3263 2230 3245 2212 3089 2205 3061 2230 3023 2210 2900 2233 2872 2207 2646 2207 2590 2212 2565 2235 2464 2220 2253 2235 2150 2248 2150 2278"/></Shape>
            <String CONTENT="دائما واستجد بالإسكندرية عليه نحو الألف
"
                    HPOS="2150"
                    VPOS="2205"
                    WIDTH="1329"
                    HEIGHT="88"
                    ></String>
          </TextLine>
          <TextLine ID="eSc_line_f0071f9d"
                    TAGREFS="LT1"
                    BASELINE="2145 2338 3499 2321" 
                    HPOS="2145"
                    VPOS="2288"
                    WIDTH="1354"
                    HEIGHT="98">
            <Shape><Polygon POINTS="2145 2386 2213 2368 2291 2386 2346 2371 2371 2386 2578 2384 2600 2363 2666 2381 2726 2361 2913 2381 2963 2358 3013 2379 3117 2363 3429 2374 3499 2351 3499 2321 3487 2311 3419 2288 3386 2311 3363 2293 3305 2308 3227 2288 3172 2308 3106 2288 3051 2316 2953 2316 2913 2290 2777 2318 2696 2295 2535 2295 2497 2321 2447 2303 2404 2323 2333 2308 2167 2326 2145 2338 2145 2386"/></Shape>
            <String CONTENT="بلاد كثيرة انتقل إليها عالم كثير بعد ما كانت سباخا ثم
"
                    HPOS="2145"
                    VPOS="2288"
                    WIDTH="1354"
                    HEIGHT="98"
                    ></String>
          </TextLine>
          <TextLine ID="eSc_line_ba1f5a1a"
                    TAGREFS="LT1"
                    BASELINE="2135 2431 3492 2421" 
                    HPOS="2135"
                    VPOS="2381"
                    WIDTH="1357"
                    HEIGHT="98">
            <Shape><Polygon POINTS="2135 2479 2296 2462 2472 2479 2540 2459 2663 2477 2817 2457 2915 2457 2933 2472 3081 2457 3099 2474 3492 2457 3492 2421 3482 2411 3197 2381 3152 2396 2976 2384 2955 2401 2872 2394 2845 2414 2782 2386 2661 2386 2628 2409 2575 2391 2530 2416 2419 2404 2399 2419 2230 2419 2135 2431 2135 2479"/></Shape>
            <String CONTENT="فإن بحر المالح كان إذا هاج تعذر سلوك المسافرين إلا بمشقة
"
                    HPOS="2135"
                    VPOS="2381"
                    WIDTH="1357"
                    HEIGHT="98"
                    ></String>
          </TextLine>
          <TextLine ID="eSc_line_55806673"
                    TAGREFS="LT1"
                    BASELINE="2150 2514 3497 2509" 
                    HPOS="2150"
                    VPOS="2482"
                    WIDTH="1347"
                    HEIGHT="85">
            <Shape><Polygon POINTS="2150 2547 2198 2560 2223 2545 2243 2562 2308 2545 2349 2567 2444 2552 2469 2567 2706 2567 2792 2545 2845 2565 2905 2545 3064 2560 3084 2545 3124 2565 3227 2545 3368 2557 3411 2542 3451 2557 3494 2542 3497 2509 3492 2504 3046 2482 3003 2504 2965 2482 2819 2482 2729 2484 2671 2507 2646 2484 2610 2507 2532 2507 2487 2484 2396 2507 2341 2484 2296 2507 2281 2492 2167 2507 2150 2514 2150 2547"/></Shape>
            <String CONTENT="ر وصار هناك بحيرة عظيمة فأقام ثلاثة أشهر يعمل رصيفا مبنيا بالحجارة"
                    HPOS="2150"
                    VPOS="2482"
                    WIDTH="1347"
                    HEIGHT="85"
                    ></String>
          </TextLine>
          <TextLine ID="eSc_line_e69ed3db"
                    TAGREFS="LT1"
                    BASELINE="2142 2608 3497 2598" 
                    HPOS="2142"
                    VPOS="2567"
                    WIDTH="1355"
                    HEIGHT="96">
            <Shape><Polygon POINTS="2142 2663 2195 2638 2233 2638 2258 2660 2356 2643 2381 2660 2477 2660 2542 2658 2568 2635 2719 2658 2837 2633 2913 2653 2933 2633 3220 2653 3242 2630 3280 2630 3315 2653 3383 2653 3494 2630 3497 2598 3492 2593 3338 2593 3318 2577 3288 2593 3260 2567 3174 2567 3152 2590 3124 2570 3026 2587 3001 2570 2867 2570 2812 2598 2694 2572 2656 2598 2560 2580 2527 2598 2500 2577 2464 2600 2401 2585 2180 2600 2142 2608 2142 2663"/></Shape>
            <String CONTENT="والجير وأحكم أساسه بالرصاص وركب عليه نحو الثلاثين ق"
                    HPOS="2142"
                    VPOS="2567"
                    WIDTH="1355"
                    HEIGHT="96"
                    ></String>
          </TextLine>
          <TextLine ID="eSc_line_08d0c7a6"
                    TAGREFS="LT1"
                    BASELINE="2160 2688 3487 2688" 
                    HPOS="2160"
                    VPOS="2666"
                    WIDTH="1327"
                    HEIGHT="78">
            <Shape><Polygon POINTS="2160 2688 2160 2734 2394 2744 2424 2726 2444 2744 2520 2744 2542 2726 2568 2744 2676 2744 2736 2726 2817 2744 2840 2723 2953 2741 3086 2723 3117 2744 3192 2723 3258 2744 3295 2723 3487 2723 3487 2688 3487 2686 3179 2686 3114 2666 2978 2666 2955 2686 2872 2666 2784 2666 2762 2686 2714 2686 2691 2666 2563 2683 2454 2666 2409 2683 2386 2668 2369 2683 2160 2686 2160 2688"/></Shape>
            <String CONTENT="راسا حا منه خناما واقام به حفرا وسبوقه سبعوال كلم جوس"
                    HPOS="2160"
                    VPOS="2666"
                    WIDTH="1327"
                    HEIGHT="78"
                    ></String>
          </TextLine>
        </TextBlock>
        <TextBlock HPOS="2041"
                   VPOS="333"
                   WIDTH="93"
                   HEIGHT="464"
                   ID="eSc_textblock_5d7ab480"
                   TAGREFS="BT1063">
          <Shape><Polygon POINTS="2041 362 2134 333 2134 797 2045 797"/></Shape>
          <TextLine ID="eSc_line_f149d37d"
                    TAGREFS="LT220"
                    BASELINE="2078 368 2094 787" 
                    HPOS="2041"
                    VPOS="367"
                    WIDTH="89"
                    HEIGHT="418">
            <Shape><Polygon POINTS="2130 767 2130 757 2109 571 2122 380 2077 367 2041 370 2062 782 2092 785 2130 782 2130 767"/></Shape>
            <String CONTENT="لما اصطوت د وليه"
                    HPOS="2041"
                    VPOS="367"
                    WIDTH="89"
                    HEIGHT="418"
                    ></String>
          </TextLine>
        </TextBlock>
        <TextBlock HPOS="443"
                   VPOS="322"
                   WIDTH="1437"
                   HEIGHT="1488"
                   ID="eSc_textblock_ce18ce17"
                   TAGREFS="BT2">
          <Shape><Polygon POINTS="1880 352 1860 1759 1800 1800 997 1810 1057 1759 1004 1719 545 1693 443 1636 473 352 1321 322"/></Shape>
          <TextLine ID="eSc_line_ff381c9c"
                    TAGREFS="LT1"
                    BASELINE="483 397 1855 390" 
                    HPOS="480"
                    VPOS="339"
                    WIDTH="1375"
                    HEIGHT="111">
            <Shape><Polygon POINTS="1840 349 1815 347 1790 347 1764 344 1739 344 1724 342 1606 339 1578 360 1515 349 1467 365 1437 347 1392 367 1316 347 1286 367 999 367 954 352 934 367 913 349 861 362 788 344 616 344 606 347 581 347 556 347 531 349 506 349 480 349 483 397 483 438 939 450 1341 427 1397 448 1450 425 1855 425 1855 390 1853 349 1840 349"/></Shape>
            <String CONTENT="ووقف عليه أرضا تقوم بمصالحه فجاء مصروف هذا
"
                    HPOS="480"
                    VPOS="339"
                    WIDTH="1375"
                    HEIGHT="111"
                    ></String>
          </TextLine>
          <TextLine ID="eSc_line_675b4d23"
                    TAGREFS="LT1"
                    BASELINE="496 498 1850 473" 
                    HPOS="496"
                    VPOS="455"
                    WIDTH="1354"
                    HEIGHT="93">
            <Shape><Polygon POINTS="496 528 548 548 647 526 765 546 815 528 856 543 1158 523 1425 533 1480 511 1545 526 1581 508 1656 521 1850 503 1850 473 1848 468 1442 455 1349 473 1326 458 1306 475 1266 460 1246 480 1122 463 1100 483 1014 485 944 465 888 488 848 468 818 488 501 493 496 498 496 528"/></Shape>
            <String CONTENT="دينار قام بها من ماله
 وكان خواصه يلومونه على كثرة المصروف فيقول "
                    HPOS="496"
                    VPOS="455"
                    WIDTH="1354"
                    HEIGHT="93"
                    ></String>
          </TextLine>
          <TextLine ID="eSc_line_6f9c3b0b"
                    TAGREFS="LT1"
                    BASELINE="480 586 1837 558" 
                    HPOS="480"
                    VPOS="536"
                    WIDTH="1357"
                    HEIGHT="100">
            <Shape><Polygon POINTS="480 616 541 611 576 636 657 621 722 634 808 604 959 629 1309 621 1336 599 1394 614 1420 596 1447 611 1467 591 1500 604 1835 584 1837 558 1820 551 1626 536 1457 558 1246 561 1221 546 1120 563 1095 546 1047 566 974 548 541 576 480 586 480 616"/></Shape>
            <String CONTENT="دعه يذهب في وجه نؤجر عليه
ويكون لي ذخيرة في الآ"
                    HPOS="480"
                    VPOS="536"
                    WIDTH="1357"
                    HEIGHT="100"
                    ></String>
          </TextLine>
          <TextLine ID="eSc_line_717a3615"
                    TAGREFS="LT1"
                    BASELINE="496 667 1115 664 1835 641" 
                    HPOS="496"
                    VPOS="624"
                    WIDTH="1339"
                    HEIGHT="96">
            <Shape><Polygon POINTS="496 694 553 717 664 699 710 720 793 692 1002 714 1057 699 1256 709 1301 689 1339 704 1425 679 1485 704 1540 677 1593 689 1639 672 1835 669 1835 641 1832 636 1530 641 1510 624 1430 639 1296 629 1253 649 1213 631 1148 649 1127 631 1059 652 1002 634 979 654 891 636 871 652 823 639 790 657 752 644 730 659 496 662 496 667 496 694"/></Shape>
            <String CONTENT="خرة
 "
                    HPOS="496"
                    VPOS="624"
                    WIDTH="1339"
                    HEIGHT="96"
                    ></String>
          </TextLine>
          <TextLine ID="eSc_line_d6d55a27"
                    TAGREFS="LT1"
                    BASELINE="478 755 1843 727" 
                    HPOS="478"
                    VPOS="704"
                    WIDTH="1365"
                    HEIGHT="89">
            <Shape><Polygon POINTS="478 790 896 793 974 752 1223 747 1306 750 1344 785 1397 762 1533 780 1561 757 1616 775 1719 752 1797 765 1843 735 1843 727 1835 722 1734 707 1704 722 1669 704 1550 727 1465 707 1412 709 1392 730 1133 735 1110 720 1090 735 1057 717 1029 735 946 720 921 735 888 720 790 742 722 722 496 747 478 755 478 790"/></Shape>
            <String CONTENT="الااف فبمقل لاسفاااص هه مرمصا فاتتى"
                    HPOS="478"
                    VPOS="704"
                    WIDTH="1365"
                    HEIGHT="89"
                    ></String>
          </TextLine>
          <TextLine ID="eSc_line_399b5455"
                    TAGREFS="LT1"
                    BASELINE="480 850 1848 818" 
                    HPOS="478"
                    VPOS="798"
                    WIDTH="1370"
                    HEIGHT="103">
            <Shape><Polygon POINTS="480 850 480 886 548 901 589 881 621 893 692 878 760 898 805 881 825 896 979 893 1002 876 1097 891 1115 871 1173 888 1289 873 1412 883 1447 866 1515 881 1848 850 1848 818 1845 815 1656 805 1503 823 1455 798 1402 823 1336 823 1316 805 1276 820 1218 803 1120 805 1090 825 1034 808 1004 835 939 820 856 838 800 813 689 843 659 818 586 818 478 845 480 850"/></Shape>
            <String CONTENT="المساصلا واببن اللر عبد اصرالعيام ون ربوميه بلى استبعا الروله"
                    HPOS="478"
                    VPOS="798"
                    WIDTH="1370"
                    HEIGHT="103"
                    ></String>
          </TextLine>
          <TextLine ID="eSc_line_f0f87d71"
                    TAGREFS="LT1"
                    BASELINE="483 926 1095 936 1840 921" 
                    HPOS="480"
                    VPOS="903"
                    WIDTH="1360"
                    HEIGHT="81">
            <Shape><Polygon POINTS="483 926 483 964 596 984 682 964 788 984 868 969 891 984 1170 969 1263 981 1291 966 1397 981 1477 979 1505 956 1837 956 1840 921 1837 921 1477 921 1397 903 1344 918 1226 906 1190 923 956 906 936 926 823 908 755 926 699 908 684 923 616 911 480 923 483 926"/></Shape>
            <String CONTENT="رلسب وراق سصمن فاله مكبعت من الموافعة مبلغب أربع لريف"
                    HPOS="480"
                    VPOS="903"
                    WIDTH="1360"
                    HEIGHT="81"
                    ></String>
          </TextLine>
          <TextLine ID="eSc_line_4d0e42fd"
                    TAGREFS="LT1"
                    BASELINE="475 1014 1840 1019" 
                    HPOS="473"
                    VPOS="989"
                    WIDTH="1367"
                    HEIGHT="88">
            <Shape><Polygon POINTS="473 1044 712 1074 863 1054 961 1074 1049 1054 1160 1077 1837 1049 1840 1019 1815 1009 1681 991 1566 991 1548 1009 1407 991 1344 991 1326 1009 1261 1009 1238 991 1092 1007 1052 989 1009 1007 964 989 883 1007 858 989 772 989 745 1007 513 1007 475 1014 473 1044"/></Shape>
            <String CONTENT="رندا رعببا وبعت بها اليه مع الا بربها الربزارسالان الدوا واروان"
                    HPOS="473"
                    VPOS="989"
                    WIDTH="1367"
                    HEIGHT="88"
                    ></String>
          </TextLine>
          <TextLine ID="eSc_line_be9bceaa"
                    TAGREFS="LT1"
                    BASELINE="493 1105 1301 1112 1845 1100" 
                    HPOS="493"
                    VPOS="1080"
                    WIDTH="1352"
                    HEIGHT="85">
            <Shape><Polygon POINTS="493 1165 533 1142 626 1160 790 1142 881 1163 926 1147 951 1163 1170 1147 1316 1163 1364 1140 1440 1163 1485 1147 1566 1163 1611 1145 1689 1158 1707 1140 1843 1140 1845 1100 1843 1095 1616 1082 1545 1097 1452 1080 1414 1097 1382 1080 1331 1097 1271 1080 924 1097 883 1080 742 1095 624 1080 606 1097 506 1097 493 1105 493 1165"/></Shape>
            <String CONTENT="الععام فنى فرنت عليه فال قبلا ادرح بيفه موانا السلطان وبحر"
                    HPOS="493"
                    VPOS="1080"
                    WIDTH="1352"
                    HEIGHT="85"
                    ></String>
          </TextLine>
          <TextLine ID="eSc_line_4e75a91b"
                    TAGREFS="LT1"
                    BASELINE="485 1205 1843 1188" 
                    HPOS="485"
                    VPOS="1170"
                    WIDTH="1358"
                    HEIGHT="83">
            <Shape><Polygon POINTS="485 1238 574 1236 591 1253 893 1231 969 1251 1102 1248 1117 1233 1258 1248 1301 1231 1349 1246 1646 1243 1676 1226 1709 1241 1840 1220 1843 1188 1840 1183 1450 1170 1420 1188 1276 1173 1251 1190 1160 1193 1080 1175 1012 1195 898 1178 866 1198 785 1180 762 1198 722 1183 485 1200 485 1205 485 1238"/></Shape>
            <String CONTENT="سف مهوله أنه كن ف راسبا عنه ول كس صله الا وراف كرب"
                    HPOS="485"
                    VPOS="1170"
                    WIDTH="1358"
                    HEIGHT="83"
                    ></String>
          </TextLine>
          <TextLine ID="eSc_line_3d41d5c1"
                    TAGREFS="LT1"
                    BASELINE="468 1286 1845 1286" 
                    HPOS="468"
                    VPOS="1256"
                    WIDTH="1377"
                    HEIGHT="80">
            <Shape><Polygon POINTS="468 1321 503 1336 725 1319 745 1336 777 1319 805 1334 1062 1319 1140 1336 1397 1336 1432 1319 1591 1336 1649 1319 1684 1336 1787 1336 1845 1319 1845 1286 1832 1278 1724 1258 1649 1278 1626 1256 1578 1273 1555 1256 1475 1271 1294 1256 1173 1278 1072 1256 1042 1278 954 1278 793 1256 702 1278 604 1263 586 1278 485 1278 468 1286 468 1321"/></Shape>
            <String CONTENT="واب كاب غرراض مكل كتب بحبوها ماقه فونت من موتب وكل لن"
                    HPOS="468"
                    VPOS="1256"
                    WIDTH="1377"
                    HEIGHT="80"
                    ></String>
          </TextLine>
          <TextLine ID="eSc_line_28f0b197"
                    TAGREFS="LT1"
                    BASELINE="468 1377 1848 1367" 
                    HPOS="468"
                    VPOS="1349"
                    WIDTH="1380"
                    HEIGHT="75">
            <Shape><Polygon POINTS="468 1407 521 1424 777 1407 876 1419 911 1404 1002 1419 1037 1404 1457 1419 1503 1399 1727 1417 1848 1397 1848 1367 1845 1361 1578 1364 1550 1349 1498 1367 1289 1351 1243 1367 1185 1351 936 1369 918 1354 810 1354 783 1372 697 1356 667 1372 468 1372 468 1377 468 1407"/></Shape>
            <String CONTENT="المهحب قب وسحم ع عسد ابهه مما متح مم سه هداما سن عومف رسب"
                    HPOS="468"
                    VPOS="1349"
                    WIDTH="1380"
                    HEIGHT="75"
                    ></String>
          </TextLine>
          <TextLine ID="eSc_line_a00105db"
                    TAGREFS="LT1"
                    BASELINE="463 1462 1832 1450" 
                    HPOS="463"
                    VPOS="1424"
                    WIDTH="1369"
                    HEIGHT="89">
            <Shape><Polygon POINTS="463 1485 634 1510 649 1495 687 1513 775 1482 871 1510 929 1495 1019 1505 1039 1487 1195 1502 1226 1485 1276 1507 1306 1487 1326 1505 1427 1505 1462 1482 1520 1502 1571 1477 1671 1502 1702 1475 1832 1472 1832 1450 1830 1445 1714 1447 1684 1427 1623 1447 1591 1424 1535 1450 1402 1450 1369 1429 1314 1450 1246 1429 1218 1450 1163 1429 1057 1429 949 1445 921 1432 896 1450 851 1432 815 1455 684 1442 659 1457 478 1457 463 1462 463 1485"/></Shape>
            <String CONTENT="سمسر اخه عر وسبع ابه وفات من لمن الابحبان كسحع ن رم"
                    HPOS="463"
                    VPOS="1424"
                    WIDTH="1369"
                    HEIGHT="89"
                    ></String>
          </TextLine>
          <TextLine ID="eSc_line_3ae42eff"
                    TAGREFS="LT1"
                    BASELINE="478 1540 1845 1540" 
                    HPOS="478"
                    VPOS="1513"
                    WIDTH="1367"
                    HEIGHT="78">
            <Shape><Polygon POINTS="478 1540 478 1570 513 1591 563 1570 621 1570 652 1591 767 1575 795 1591 815 1573 848 1591 1065 1591 1090 1573 1138 1591 1158 1573 1263 1586 1289 1570 1349 1591 1508 1591 1530 1573 1553 1591 1654 1573 1742 1591 1764 1570 1845 1570 1845 1540 1845 1535 1558 1535 1533 1518 1505 1535 1427 1535 1402 1513 1294 1530 1276 1513 1211 1528 1190 1513 1054 1513 1017 1533 989 1513 911 1513 888 1530 823 1513 795 1535 750 1515 712 1535 674 1513 478 1535 478 1540"/></Shape>
            <String CONTENT="الموواف والعصبيبات والمكارم الكنسة والركا وحلف اعصى"
                    HPOS="478"
                    VPOS="1513"
                    WIDTH="1367"
                    HEIGHT="78"
                    ></String>
          </TextLine>
          <TextLine ID="eSc_line_041d3f73"
                    TAGREFS="LT1"
                    BASELINE="485 1643 1845 1621" 
                    HPOS="485"
                    VPOS="1601"
                    WIDTH="1360"
                    HEIGHT="93">
            <Shape><Polygon POINTS="485 1681 730 1679 750 1694 795 1676 818 1694 921 1694 976 1676 1206 1689 1243 1669 1387 1686 1422 1669 1442 1684 1558 1666 1601 1681 1691 1681 1714 1664 1845 1674 1845 1621 1840 1618 1422 1601 1357 1626 1334 1603 1276 1621 1238 1603 1153 1621 1087 1606 1024 1631 901 1611 866 1633 757 1618 710 1636 485 1638 485 1643 485 1681"/></Shape>
            <String CONTENT="احتوى السلطان عليه
"
                    HPOS="485"
                    VPOS="1601"
                    WIDTH="1360"
                    HEIGHT="93"
                    ></String>
          </TextLine>
          <TextLine ID="eSc_line_4635ce41"
                    TAGREFS="LT1"
                    BASELINE="1213 1732 1840 1721" 
                    HPOS="1213"
                    VPOS="1699"
                    WIDTH="627"
                    HEIGHT="85">
            <Shape><Polygon POINTS="1213 1782 1258 1762 1304 1784 1364 1784 1392 1762 1450 1779 1480 1764 1548 1777 1581 1757 1684 1757 1739 1777 1840 1762 1840 1721 1835 1716 1674 1701 1608 1719 1525 1699 1508 1719 1488 1701 1412 1701 1369 1721 1334 1706 1228 1724 1213 1732 1213 1782"/></Shape>
            <String CONTENT="اوفاق منعد فه ش امواع الير"
                    HPOS="1213"
                    VPOS="1699"
                    WIDTH="627"
                    HEIGHT="85"
                    ></String>
          </TextLine>
        </TextBlock>
        <TextBlock HPOS="2243"
                   VPOS="2750"
                   WIDTH="189"
                   HEIGHT="184"
                   ID="eSc_textblock_c4cafc7d"
                   TAGREFS="BT1062">
          <Shape><Polygon POINTS="2425 2750 2432 2887 2276 2934 2243 2839 2308 2779"/></Shape>
          <TextLine ID="eSc_line_2384c6ce"
                    TAGREFS="LT222"
                    BASELINE="2290 2877 2410 2802" 
                    HPOS="2258"
                    VPOS="2761"
                    WIDTH="169"
                    HEIGHT="134">
            <Shape><Polygon POINTS="2301 2895 2427 2832 2409 2801 2384 2761 2308 2814 2258 2824 2288 2874 2301 2895"/></Shape>
            <String CONTENT="ووهف"
                    HPOS="2258"
                    VPOS="2761"
                    WIDTH="169"
                    HEIGHT="134"
                    ></String>
          </TextLine>
        </TextBlock>
        <TextBlock HPOS="59"
                   VPOS="1606"
                   WIDTH="560"
                   HEIGHT="574"
                   ID="eSc_textblock_d11c75c0"
                   TAGREFS="BT1063">
          <Shape><Polygon POINTS="59 1898 236 2180 573 1844 545 1811 619 1726 499 1675 413 1606"/></Shape>
          <TextLine ID="eSc_line_8ea0b66d"
                    TAGREFS="LT222"
                    BASELINE="157 2035 531 1700" 
                    HPOS="125"
                    VPOS="1681"
                    WIDTH="416"
                    HEIGHT="373">
            <Shape><Polygon POINTS="506 1681 125 2001 156 2034 176 2054 208 2006 244 1996 274 1948 309 1938 319 1908 448 1815 541 1714 528 1699 513 1684 506 1681"/></Shape>
            <String CONTENT="فن انفاقر فن طرف الخيرات نفارع"
                    HPOS="125"
                    VPOS="1681"
                    WIDTH="416"
                    HEIGHT="373"
                    ></String>
          </TextLine>
          <TextLine ID="eSc_line_275d7149"
                    TAGREFS="LT222"
                    BASELINE="161 1959 483 1678" 
                    HPOS="158"
                    VPOS="1676"
                    WIDTH="373"
                    HEIGHT="332">
            <Shape><Polygon POINTS="203 2008 531 1737 480 1676 465 1679 314 1779 168 1940 158 1958 203 2008"/></Shape>
            <String CONTENT="ته قرا من رو نخيريرى"
                    HPOS="158"
                    VPOS="1676"
                    WIDTH="373"
                    HEIGHT="332"
                    ></String>
          </TextLine>
          <TextLine ID="eSc_line_7aed6abd"
                    TAGREFS="LT222"
                    BASELINE="132 1897 429 1649" 
                    HPOS="100"
                    VPOS="1616"
                    WIDTH="338"
                    HEIGHT="302">
            <Shape><Polygon POINTS="297 1701 276 1716 274 1716 236 1747 236 1749 219 1764 206 1772 188 1787 178 1797 161 1812 140 1827 120 1845 100 1860 130 1895 151 1918 438 1664 428 1648 400 1616 304 1691 297 1701"/></Shape>
            <String CONTENT="هر لم لامير من يغفاررالامر"
                    HPOS="100"
                    VPOS="1616"
                    WIDTH="338"
                    HEIGHT="302"
                    ></String>
          </TextLine>
          <TextLine ID="eSc_line_9d86067a"
                    TAGREFS="LT222"
                    BASELINE="197 2061 587 1734" 
                    HPOS="196"
                    VPOS="1706"
                    WIDTH="425"
                    HEIGHT="408">
            <Shape><Polygon POINTS="563 1706 455 1797 453 1825 382 1857 360 1913 221 2029 196 2059 244 2114 297 2071 339 2066 349 2026 395 2021 460 1943 508 1925 518 1873 541 1870 543 1842 621 1777 586 1732 563 1706"/></Shape>
            <String CONTENT="مدرن وو وب مذم ارجه بيه"
                    HPOS="196"
                    VPOS="1706"
                    WIDTH="425"
                    HEIGHT="408"
                    ></String>
          </TextLine>
          <TextLine ID="eSc_line_87e8889e"
                    TAGREFS="LT222"
                    BASELINE="278 2067 535 1833" 
                    HPOS="276"
                    VPOS="1815"
                    WIDTH="287"
                    HEIGHT="279">
            <Shape><Polygon POINTS="533 1832 501 1815 299 2034 276 2066 304 2094 563 1867 533 1832"/></Shape>
            <String CONTENT="ونوابا مدمر ارضه اسه"
                    HPOS="276"
                    VPOS="1815"
                    WIDTH="287"
                    HEIGHT="279"
                    ></String>
          </TextLine>
        </TextBlock>
      </PrintSpace>
    </Page>
  </Layout>
</alto>
