<?xml version="1.0" encoding="UTF-8"?>
<alto xmlns:xsi="http://www.w3.org/2001/XMLSchema-instance"
      xmlns="http://www.loc.gov/standards/alto/ns-v4#"
      xsi:schemaLocation="http://www.loc.gov/standards/alto/ns-v4# http://www.loc.gov/standards/alto/v4/alto-4-2.xsd">
  <Description>
    <MeasurementUnit>pixel</MeasurementUnit>
    <sourceImageInformation>
      <fileName>Muqaffa-or14533-3.pdf_page_88.png</fileName>
      <fileIdentifier>pdf//Muqaffa-or14533-3.pdf</fileIdentifier>
    </sourceImageInformation>
  </Description>
  <Tags>
    <OtherTag ID="BT1094" LABEL="text" DESCRIPTION="block type text"/><OtherTag ID="BT1066" LABEL="Chancery_Material" DESCRIPTION="block type Chancery_Material"/><OtherTag ID="BT1065" LABEL="Flyleaf" DESCRIPTION="block type Flyleaf"/><OtherTag ID="BT1064" LABEL="default" DESCRIPTION="block type default"/><OtherTag ID="BT1063" LABEL="Marginal_Material" DESCRIPTION="block type Marginal_Material"/><OtherTag ID="BT1062" LABEL="Catchword" DESCRIPTION="block type Catchword"/><OtherTag ID="BT4" LABEL="Illustration" DESCRIPTION="block type Illustration"/><OtherTag ID="BT3" LABEL="Commentary" DESCRIPTION="block type Commentary"/><OtherTag ID="BT2" LABEL="Main" DESCRIPTION="block type Main"/><OtherTag ID="BT1" LABEL="Title" DESCRIPTION="block type Title"/>
    <OtherTag ID="LT1" LABEL="Main" DESCRIPTION="line type Main"/><OtherTag ID="LT219" LABEL="default" DESCRIPTION="line type default"/><OtherTag ID="LT220" LABEL="Main-90" DESCRIPTION="line type Main-90"/><OtherTag ID="LT221" LABEL="Main-180" DESCRIPTION="line type Main-180"/><OtherTag ID="LT222" LABEL="Main-270" DESCRIPTION="line type Main-270"/>
  </Tags>
  <Layout>
    <Page WIDTH="3963"
          HEIGHT="3021"
          PHYSICAL_IMG_NR="284"
          ID="eSc_dummypage_">
      <PrintSpace HPOS="0"
                  VPOS="0"
                  WIDTH="3963"
                  HEIGHT="3021">
        <TextBlock HPOS="2074"
                   VPOS="281"
                   WIDTH="1434"
                   HEIGHT="2484"
                   ID="eSc_textblock_f7b37fa7"
                   TAGREFS="BT2">
          <Shape><Polygon POINTS="2110 2728 2129 881 2096 833 2115 780 2137 712 2138 573 2074 344 2198 281 3490 302 3490 761 3494 758 3501 1287 3501 1288 3480 2246 3508 2765"/></Shape>
          <TextLine ID="eSc_line_094d2f80"
                    TAGREFS="LT1"
                    BASELINE="2113 358 2259 329" 
                    HPOS="2112"
                    VPOS="286"
                    WIDTH="146"
                    HEIGHT="84">
            <Shape><Polygon POINTS="2127 314 2112 319 2112 357 2114 370 2190 370 2215 370 2258 339 2258 327 2248 286 2127 312 2127 314"/></Shape>
            <String CONTENT="منهن"
                    HPOS="2112"
                    VPOS="286"
                    WIDTH="146"
                    HEIGHT="84"
                    ></String>
          </TextLine>
          <TextLine ID="eSc_line_f227958b"
                    TAGREFS="LT1"
                    BASELINE="2185 375 3494 390" 
                    HPOS="2182"
                    VPOS="264"
                    WIDTH="1312"
                    HEIGHT="169">
            <Shape><Polygon POINTS="3469 299 3444 299 3419 297 3411 297 2842 314 2756 284 2711 307 2621 279 2537 286 2512 266 2301 264 2185 375 2182 405 2243 422 2376 422 2401 407 2565 425 2618 410 2656 427 2850 430 2940 415 3106 433 3139 417 3298 433 3492 420 3494 390 3494 299 3469 299"/></Shape>
            <String CONTENT="اتل حتى قتل
 ولما ذبح بسر الغلامين خرجت نساء بني كنانة فقالت ا"
                    HPOS="2182"
                    VPOS="264"
                    WIDTH="1312"
                    HEIGHT="169"
                    ></String>
          </TextLine>
          <TextLine ID="eSc_line_b9ce7782"
                    TAGREFS="LT1"
                    BASELINE="2117 468 3499 468" 
                    HPOS="2117"
                    VPOS="435"
                    WIDTH="1382"
                    HEIGHT="88">
            <Shape><Polygon POINTS="2117 511 3144 523 3185 503 3499 503 3499 468 3441 455 3333 455 3275 435 3200 435 3159 455 3134 435 3096 450 2998 435 2953 455 2749 435 2706 455 2651 435 2590 450 2570 435 2437 435 2412 455 2313 440 2298 455 2182 455 2117 468 2117 511"/></Shape>
            <String CONTENT="باهد افبلت الرجل معلى م بغتل الولد ان وابلهكنوا يعتكوت جاهية"
                    HPOS="2117"
                    VPOS="435"
                    WIDTH="1382"
                    HEIGHT="88"
                    ></String>
          </TextLine>
          <TextLine ID="eSc_line_33068554"
                    TAGREFS="LT1"
                    BASELINE="2162 553 3492 546" 
                    HPOS="2162"
                    VPOS="523"
                    WIDTH="1330"
                    HEIGHT="86">
            <Shape><Polygon POINTS="2162 609 2228 589 2291 606 2384 589 2429 606 2525 591 2603 606 2686 586 2751 586 2769 604 2978 586 3011 604 3054 586 3086 601 3152 584 3295 601 3396 584 3429 601 3489 584 3492 546 3489 541 3179 543 3132 523 3081 543 3046 523 2865 526 2809 546 2789 526 2603 526 2485 528 2444 548 2162 548 2162 553 2162 609"/></Shape>
            <String CONTENT="كراسرم وابصر ان عناعلا نا لا يعوم اا تقبل الطغل الصعر س"
                    HPOS="2162"
                    VPOS="523"
                    WIDTH="1330"
                    HEIGHT="86"
                    ></String>
          </TextLine>
          <TextLine ID="eSc_line_3fc09b6a"
                    TAGREFS="LT1"
                    BASELINE="2142 646 3499 641" 
                    HPOS="2142"
                    VPOS="606"
                    WIDTH="1357"
                    HEIGHT="86">
            <Shape><Polygon POINTS="2142 682 2379 674 2454 692 2578 674 2595 692 2656 692 2734 674 2819 692 2890 672 2930 689 3076 672 3391 689 3499 669 3499 641 3459 631 3227 631 3195 606 3044 621 3001 606 2963 631 2920 611 2852 631 2772 609 2673 626 2618 609 2600 626 2580 609 2447 609 2424 629 2208 634 2142 646 2142 682"/></Shape>
            <String CONTENT="الكهبو ويموح الركة وبابى بعقوف اد رطام اسلطان سومن يلع"
                    HPOS="2142"
                    VPOS="606"
                    WIDTH="1357"
                    HEIGHT="86"
                    ></String>
          </TextLine>
          <TextLine ID="eSc_line_bf939ac1"
                    TAGREFS="LT1"
                    BASELINE="2170 732 3494 725" 
                    HPOS="2170"
                    VPOS="702"
                    WIDTH="1324"
                    HEIGHT="78">
            <Shape><Polygon POINTS="2170 775 2258 760 2336 780 2404 765 2432 780 2449 765 2590 765 2608 780 2746 757 2794 777 2852 762 2920 777 2943 757 3051 755 3106 755 3127 775 3195 755 3436 775 3492 755 3494 725 3489 720 3230 704 3142 720 3051 702 3003 722 2983 704 2824 722 2749 704 2691 722 2608 704 2570 720 2477 707 2208 725 2170 732 2170 775"/></Shape>
            <String CONTENT="مسم ابفه عته قبل العلا منو وع سوعا سا ووعا ما اسوقعا"
                    HPOS="2170"
                    VPOS="702"
                    WIDTH="1324"
                    HEIGHT="78"
                    ></String>
          </TextLine>
          <TextLine ID="eSc_line_2a595d5d"
                    TAGREFS="LT1"
                    BASELINE="2114 808 3494 815" 
                    HPOS="2109"
                    VPOS="775"
                    WIDTH="1383"
                    HEIGHT="91">
            <Shape><Polygon POINTS="2109 838 2135 853 2218 840 2238 860 2356 843 2374 860 2603 863 2970 843 3033 866 3094 866 3114 845 3177 845 3197 863 3378 845 3449 866 3489 845 3492 813 3482 805 3386 782 3361 805 3313 805 3210 780 3147 805 3109 780 3031 777 2897 793 2819 777 2756 803 2691 777 2638 803 2555 775 2452 780 2432 800 2114 800 2112 805 2109 838"/></Shape>
            <String CONTENT="زاعتلعه وينه ويجعله فاصانه ذكه وفوم نخفله مكانمك اسيف"
                    HPOS="2109"
                    VPOS="775"
                    WIDTH="1383"
                    HEIGHT="91"
                    ></String>
          </TextLine>
          <TextLine ID="eSc_line_6e665e5c"
                    TAGREFS="LT1"
                    BASELINE="2114 906 3487 893" 
                    HPOS="2112"
                    VPOS="876"
                    WIDTH="1372"
                    HEIGHT="83">
            <Shape><Polygon POINTS="2112 941 2192 959 2308 941 2621 956 2686 936 2872 954 2897 936 3001 951 3018 933 3119 933 3177 951 3255 931 3444 949 3484 928 3484 891 3482 886 2943 876 2918 893 2819 893 2658 878 2439 896 2384 881 2316 898 2112 898 2112 903 2112 941"/></Shape>
            <String CONTENT="ومطلمعه فمعى سيف ف سعمي وحغل بيفهسرف ممعو م"
                    HPOS="2112"
                    VPOS="876"
                    WIDTH="1372"
                    HEIGHT="83"
                    ></String>
          </TextLine>
          <TextLine ID="eSc_line_d7f5e74e"
                    TAGREFS="LT1"
                    BASELINE="2167 999 3492 994" 
                    HPOS="2167"
                    VPOS="961"
                    WIDTH="1325"
                    HEIGHT="76">
            <Shape><Polygon POINTS="2167 1037 3489 1037 3492 994 3454 986 3129 986 3106 964 2991 961 2865 979 2827 961 2749 989 2716 989 2691 964 2520 981 2396 964 2323 989 2203 989 2167 999 2167 1037"/></Shape>
            <String CONTENT="يوال يصممه ولام الكد ل خع مت ون لا موعمم والشبباى"
                    HPOS="2167"
                    VPOS="961"
                    WIDTH="1325"
                    HEIGHT="76"
                    ></String>
          </TextLine>
          <TextLine ID="eSc_line_c2abb591"
                    TAGREFS="LT1"
                    BASELINE="2152 1082 3484 1082" 
                    HPOS="2152"
                    VPOS="1049"
                    WIDTH="1332"
                    HEIGHT="81">
            <Shape><Polygon POINTS="2152 1130 2213 1112 2240 1130 2336 1112 2432 1130 2628 1130 2678 1112 2739 1130 2799 1112 2905 1112 2935 1130 3197 1115 3225 1130 3376 1112 3424 1130 3484 1112 3484 1082 3464 1074 3255 1057 3227 1074 3185 1049 3111 1049 3056 1074 3028 1049 2850 1049 2829 1064 2814 1049 2716 1049 2663 1069 2590 1052 2515 1074 2192 1074 2152 1082 2152 1130"/></Shape>
            <String CONTENT="لما وحه معومه يسكر نوا رطاه لعبل سبعه ما رصى الله عنه قام العع"
                    HPOS="2152"
                    VPOS="1049"
                    WIDTH="1332"
                    HEIGHT="81"
                    ></String>
          </TextLine>
          <TextLine ID="eSc_line_8aa0f6b6"
                    TAGREFS="LT1"
                    BASELINE="2140 1173 3494 1163" 
                    HPOS="2140"
                    VPOS="1127"
                    WIDTH="1354"
                    HEIGHT="96">
            <Shape><Polygon POINTS="2140 1213 2278 1200 2344 1223 2404 1205 2474 1223 2585 1200 2731 1220 2759 1198 2812 1210 2948 1195 2988 1218 3152 1218 3295 1193 3378 1215 3426 1193 3492 1193 3494 1163 3466 1153 3280 1130 3212 1153 3061 1155 3031 1127 3001 1145 2960 1127 2918 1145 2814 1127 2726 1130 2699 1158 2628 1130 2570 1145 2492 1130 2376 1137 2354 1160 2198 1160 2140 1173 2140 1213"/></Shape>
            <String CONTENT="معن أو عمرو بن يزيد بن الأخنس السلمي وزياد بن
"
                    HPOS="2140"
                    VPOS="1127"
                    WIDTH="1354"
                    HEIGHT="96"
                    ></String>
          </TextLine>
          <TextLine ID="eSc_line_eaa4fe87"
                    TAGREFS="LT1"
                    BASELINE="2135 1248 2845 1258 3499 1243" 
                    HPOS="2135"
                    VPOS="1213"
                    WIDTH="1364"
                    HEIGHT="101">
            <Shape><Polygon POINTS="2135 1288 2258 1314 2530 1314 2580 1296 2605 1314 2714 1314 2850 1288 3089 1291 3111 1309 3252 1286 3323 1286 3341 1304 3499 1286 3499 1243 3497 1238 3406 1231 3388 1213 3288 1228 3187 1213 3157 1238 3089 1238 3054 1215 2991 1213 2887 1238 2784 1215 2767 1233 2663 1226 2648 1241 2545 1241 2510 1218 2469 1241 2286 1241 2198 1215 2140 1241 2135 1248 2135 1288"/></Shape>
            <String CONTENT="فقالا
 "
                    HPOS="2135"
                    VPOS="1213"
                    WIDTH="1364"
                    HEIGHT="101"
                    ></String>
          </TextLine>
          <TextLine ID="eSc_line_78f892c1"
                    TAGREFS="LT1"
                    BASELINE="2150 1349 2638 1356 3488 1341" 
                    HPOS="2147"
                    VPOS="1319"
                    WIDTH="1340"
                    HEIGHT="90">
            <Shape><Polygon POINTS="2147 1387 2293 1387 2316 1409 2381 1409 2442 1389 2500 1407 2794 1387 2938 1404 3001 1379 3069 1394 3086 1379 3197 1394 3242 1379 3263 1394 3315 1377 3348 1392 3487 1377 3487 1339 3484 1336 3237 1339 3157 1319 3091 1341 3066 1321 2988 1319 2958 1341 2923 1326 2880 1344 2784 1321 2709 1321 2678 1341 2618 1324 2593 1346 2401 1346 2369 1326 2318 1349 2147 1341 2147 1346 2147 1387"/></Shape>
            <String CONTENT="فيقتل قيسا بما قتلت بنو سليم من بني فهر وكنانة يوم دخل رسول الله "
                    HPOS="2147"
                    VPOS="1319"
                    WIDTH="1340"
                    HEIGHT="90"
                    ></String>
          </TextLine>
          <TextLine ID="eSc_line_5204a912"
                    TAGREFS="LT1"
                    BASELINE="2165 1440 3488 1423" 
                    HPOS="2162"
                    VPOS="1402"
                    WIDTH="1325"
                    HEIGHT="90">
            <Shape><Polygon POINTS="2162 1475 2235 1472 2273 1492 2354 1472 2379 1490 2558 1490 2583 1470 2623 1487 2741 1487 2767 1467 2852 1485 2895 1465 2988 1485 3046 1462 3174 1482 3195 1462 3290 1480 3310 1460 3484 1460 3487 1422 3484 1417 3270 1407 3250 1422 3235 1407 3190 1422 3164 1404 3129 1422 3066 1402 3051 1417 2965 1404 2910 1424 2754 1407 2706 1427 2613 1407 2162 1432 2162 1437 2162 1475"/></Shape>
            <String CONTENT="صلى
"
                    HPOS="2162"
                    VPOS="1402"
                    WIDTH="1325"
                    HEIGHT="90"
                    ></String>
          </TextLine>
          <TextLine ID="eSc_line_7047cb9e"
                    TAGREFS="LT1"
                    BASELINE="2140 1530 3488 1516" 
                    HPOS="2137"
                    VPOS="1487"
                    WIDTH="1350"
                    HEIGHT="93">
            <Shape><Polygon POINTS="2137 1575 2182 1560 2349 1580 2487 1565 2673 1578 2711 1555 2784 1573 2865 1555 3117 1573 3217 1550 3487 1550 3487 1515 3474 1507 3295 1487 3268 1507 3076 1490 3026 1510 2976 1490 2885 1492 2857 1513 2706 1492 2666 1515 2502 1495 2474 1513 2434 1500 2376 1518 2203 1518 2137 1528 2137 1575"/></Shape>
            <String CONTENT="حتى أتى المدينة فقتل ابني عبيد الله بن عباس وفر أهل المدينة
"
                    HPOS="2137"
                    VPOS="1487"
                    WIDTH="1350"
                    HEIGHT="93"
                    ></String>
          </TextLine>
          <TextLine ID="eSc_line_93032f69"
                    TAGREFS="LT1"
                    BASELINE="2210 1623 3488 1604" 
                    HPOS="2208"
                    VPOS="1583"
                    WIDTH="1279"
                    HEIGHT="91">
            <Shape><Polygon POINTS="2208 1669 2233 1653 2278 1674 2336 1656 2414 1669 2467 1651 2492 1666 2678 1651 2754 1669 2890 1646 3003 1664 3023 1643 3089 1664 3134 1641 3300 1661 3487 1636 3487 1603 3484 1598 3293 1588 3278 1603 3195 1603 3021 1583 2968 1606 2935 1583 2832 1586 2802 1606 2578 1588 2535 1613 2213 1616 2208 1621 2208 1669"/></Shape>
            <String CONTENT="كسمن منى يقعلهموع هد الخرجة ابحاربسم حاهدان وسعاء سعاهم كر"
                    HPOS="2208"
                    VPOS="1583"
                    WIDTH="1279"
                    HEIGHT="91"
                    ></String>
          </TextLine>
          <TextLine ID="eSc_line_15a48eff"
                    TAGREFS="LT1"
                    BASELINE="2162 1716 3488 1702" 
                    HPOS="2160"
                    VPOS="1674"
                    WIDTH="1327"
                    HEIGHT="90">
            <Shape><Polygon POINTS="2160 1764 2424 1742 2447 1759 2688 1759 2772 1742 2877 1757 2970 1737 3038 1737 3064 1754 3263 1734 3320 1752 3484 1747 3487 1701 3482 1696 3288 1674 3215 1699 3051 1699 3018 1674 2953 1674 2923 1694 2905 1676 2817 1694 2699 1676 2666 1701 2641 1679 2585 1694 2535 1679 2404 1706 2190 1706 2160 1714 2160 1764"/></Shape>
            <String CONTENT="ول مسبلات سبين والاسلام وقبل اخببا من منى سعه ودكرابو"
                    HPOS="2160"
                    VPOS="1674"
                    WIDTH="1327"
                    HEIGHT="90"
                    ></String>
          </TextLine>
          <TextLine ID="eSc_line_505874ef"
                    TAGREFS="LT1"
                    BASELINE="2165 1805 3488 1789" 
                    HPOS="2162"
                    VPOS="1764"
                    WIDTH="1325"
                    HEIGHT="91">
            <Shape><Polygon POINTS="2162 1855 2213 1835 2298 1852 2359 1837 2432 1850 2464 1832 2525 1850 2631 1830 2734 1830 2762 1847 2824 1827 2862 1847 3036 1847 3059 1830 3142 1845 3197 1825 3240 1845 3278 1825 3303 1842 3484 1837 3487 1787 3484 1782 3258 1787 3235 1772 3185 1787 3157 1764 3023 1789 2986 1767 2832 1767 2782 1787 2764 1769 2668 1769 2615 1789 2575 1774 2502 1792 2452 1779 2177 1797 2162 1802 2162 1855"/></Shape>
            <String CONTENT="مكرين سنا سبيعه عن م مدين الجبامه فل حيدسى موسور عسيده"
                    HPOS="2162"
                    VPOS="1764"
                    WIDTH="1325"
                    HEIGHT="91"
                    ></String>
          </TextLine>
          <TextLine ID="eSc_line_275b5888"
                    TAGREFS="LT1"
                    BASELINE="2162 1885 3488 1878" 
                    HPOS="2160"
                    VPOS="1845"
                    WIDTH="1327"
                    HEIGHT="73">
            <Shape><Polygon POINTS="2160 1918 3484 1918 3487 1875 3482 1870 3368 1870 3305 1850 3220 1870 3192 1845 3106 1862 3059 1845 3021 1873 2978 1847 2882 1873 2855 1855 2794 1865 2777 1847 2618 1847 2565 1875 2195 1875 2160 1883 2160 1918"/></Shape>
            <String CONTENT="من تكعر الرعن رب سلامه ابو سل عن الرمام وساخب له الهما سمع"
                    HPOS="2160"
                    VPOS="1845"
                    WIDTH="1327"
                    HEIGHT="73"
                    ></String>
          </TextLine>
          <TextLine ID="eSc_line_617f9701"
                    TAGREFS="LT1"
                    BASELINE="2117 1973 3488 1973" 
                    HPOS="2114"
                    VPOS="1938"
                    WIDTH="1373"
                    HEIGHT="86">
            <Shape><Polygon POINTS="2114 2024 2278 2008 2371 2024 2472 2003 2595 2024 2661 2001 2711 2019 2741 2001 2845 2001 2882 2019 2913 2001 2981 2019 3041 2001 3089 2016 3200 2001 3280 2024 3305 2006 3424 2003 3444 2024 3487 2024 3487 1971 3484 1963 3451 1938 3416 1938 3388 1963 3313 1961 3283 1938 3222 1963 3167 1943 3134 1958 3003 1938 2855 1963 2832 1943 2772 1958 2751 1938 2691 1953 2527 1938 2376 1963 2152 1963 2114 1971 2114 2024"/></Shape>
            <String CONTENT="اباد ومصى الله عفه يدحوا وسعوق في صللاه سلاها اطال قبامها وركوعها"
                    HPOS="2114"
                    VPOS="1938"
                    WIDTH="1373"
                    HEIGHT="86"
                    ></String>
          </TextLine>
          <TextLine ID="eSc_line_0c5c44bd"
                    TAGREFS="LT1"
                    BASELINE="2175 2071 3300 2061 3488 2070" 
                    HPOS="2172"
                    VPOS="1991"
                    WIDTH="1315"
                    HEIGHT="121">
            <Shape><Polygon POINTS="2172 2109 2807 2097 2865 2112 2892 2097 2965 2109 3215 2092 3484 2107 3487 2069 3310 1991 2935 2006 2850 2056 2809 2031 2767 2051 2706 2034 2668 2056 2469 2059 2449 2044 2240 2059 2172 2069 2172 2109"/></Shape>
            <String CONTENT="وسجودها قال فسألناه مم تعوذت وفيم دعوت
"
                    HPOS="2172"
                    VPOS="1991"
                    WIDTH="1315"
                    HEIGHT="121"
                    ></String>
          </TextLine>
          <TextLine ID="eSc_line_9d34dc14"
                    TAGREFS="LT1"
                    BASELINE="2167 2149 3488 2151" 
                    HPOS="2162"
                    VPOS="2117"
                    WIDTH="1325"
                    HEIGHT="78">
            <Shape><Polygon POINTS="2162 2190 2396 2195 2525 2177 2653 2195 2734 2177 2774 2192 2860 2175 2920 2192 2983 2175 3008 2195 3079 2195 3117 2175 3222 2175 3242 2195 3293 2175 3414 2175 3444 2195 3484 2175 3487 2149 3449 2139 3338 2139 3295 2119 3270 2137 3237 2117 3137 2117 3079 2139 2970 2117 2943 2139 2872 2139 2847 2117 2653 2134 2605 2117 2550 2137 2482 2124 2208 2139 2165 2147 2162 2190"/></Shape>
            <String CONTENT="بالله من يوم البلاء ويوم العودة
"
                    HPOS="2162"
                    VPOS="2117"
                    WIDTH="1325"
                    HEIGHT="78"
                    ></String>
          </TextLine>
          <TextLine ID="eSc_line_08a76ed7"
                    TAGREFS="LT1"
                    BASELINE="2160 2243 3488 2231" 
                    HPOS="2157"
                    VPOS="2200"
                    WIDTH="1330"
                    HEIGHT="93">
            <Shape><Polygon POINTS="2157 2275 2203 2293 2487 2293 2507 2275 2631 2290 2653 2268 2716 2268 2736 2288 2799 2290 2824 2265 2983 2265 3006 2285 3059 2288 3104 2265 3149 2288 3182 2263 3215 2285 3245 2268 3366 2285 3404 2263 3431 2275 3487 2260 3487 2230 3474 2222 3152 2200 3096 2220 3076 2202 2950 2222 2928 2202 2880 2202 2817 2227 2774 2210 2600 2205 2485 2230 2230 2230 2157 2240 2157 2275"/></Shape>
            <String CONTENT="فتلتقي فئتان من المسلمين فيقتل بعضهم بعضا وأما
"
                    HPOS="2157"
                    VPOS="2200"
                    WIDTH="1330"
                    HEIGHT="93"
                    ></String>
          </TextLine>
          <TextLine ID="eSc_line_89627710"
                    TAGREFS="LT1"
                    BASELINE="2165 2338 3488 2338" 
                    HPOS="2162"
                    VPOS="2313"
                    WIDTH="1325"
                    HEIGHT="71">
            <Shape><Polygon POINTS="2162 2336 2162 2384 2424 2384 2487 2363 2548 2363 2570 2384 2628 2363 2696 2379 2744 2363 3023 2363 3071 2384 3190 2363 3265 2384 3358 2368 3444 2384 3487 2363 3487 2336 3487 2331 2641 2313 2575 2331 2550 2313 2497 2331 2162 2331 2162 2336"/></Shape>
            <String CONTENT="اء من المسلمات يسبين فيكشف عن سوقهن فأيتهن ك"
                    HPOS="2162"
                    VPOS="2313"
                    WIDTH="1325"
                    HEIGHT="71"
                    ></String>
          </TextLine>
          <TextLine ID="eSc_line_373b6143"
                    TAGREFS="LT1"
                    BASELINE="2155 2434 2885 2416 3488 2421" 
                    HPOS="2152"
                    VPOS="2381"
                    WIDTH="1335"
                    HEIGHT="96">
            <Shape><Polygon POINTS="2152 2477 2195 2459 2220 2474 2291 2457 2379 2474 2452 2454 2709 2469 2739 2452 2938 2449 2998 2467 3016 2449 3101 2464 3127 2447 3220 2462 3303 2444 3351 2462 3484 2462 3487 2419 3464 2406 3388 2381 3300 2384 3270 2409 3066 2384 3046 2399 2915 2386 2855 2401 2840 2386 2792 2406 2701 2391 2663 2414 2608 2396 2585 2416 2515 2401 2260 2419 2152 2431 2152 2477"/></Shape>
            <String CONTENT="انت أعظم
"
                    HPOS="2152"
                    VPOS="2381"
                    WIDTH="1335"
                    HEIGHT="96"
                    ></String>
          </TextLine>
          <TextLine ID="eSc_line_b22bfb87"
                    TAGREFS="LT1"
                    BASELINE="2135 2512 3479 2526" 
                    HPOS="2130"
                    VPOS="2472"
                    WIDTH="1347"
                    HEIGHT="95">
            <Shape><Polygon POINTS="2130 2545 2585 2557 2615 2540 2724 2540 2741 2555 2804 2540 2915 2557 2945 2542 3038 2562 3056 2545 3122 2560 3197 2545 3227 2565 3409 2547 3441 2567 3474 2547 3477 2525 3459 2512 3378 2479 3265 2492 3250 2477 3106 2477 3054 2499 3018 2474 2960 2474 2908 2507 2767 2472 2706 2502 2681 2484 2651 2504 2575 2502 2550 2477 2477 2502 2442 2484 2414 2502 2208 2499 2132 2509 2130 2545"/></Shape>
            <String CONTENT="الله أن لا يدركني هذا الزمان "
                    HPOS="2130"
                    VPOS="2472"
                    WIDTH="1347"
                    HEIGHT="95"
                    ></String>
          </TextLine>
          <TextLine ID="eSc_line_8da0137c"
                    TAGREFS="LT1"
                    BASELINE="2137 2600 3477 2605" 
                    HPOS="2135"
                    VPOS="2575"
                    WIDTH="1342"
                    HEIGHT="78">
            <Shape><Polygon POINTS="2137 2600 2135 2645 2182 2630 2245 2630 2266 2650 2356 2633 2404 2650 2532 2650 2565 2630 2678 2650 2744 2630 2860 2633 2892 2650 2948 2633 3094 2650 3159 2633 3179 2653 3250 2638 3275 2653 3474 2648 3477 2605 3472 2600 3278 2603 3197 2582 3174 2603 3122 2603 3091 2577 3066 2603 3003 2603 2860 2577 2822 2603 2789 2575 2711 2575 2686 2593 2668 2575 2590 2575 2532 2600 2437 2600 2414 2580 2356 2600 2137 2598 2137 2600"/></Shape>
            <String CONTENT="ولعلكما
"
                    HPOS="2135"
                    VPOS="2575"
                    WIDTH="1342"
                    HEIGHT="78"
                    ></String>
          </TextLine>
          <TextLine ID="eSc_line_efa4a011"
                    TAGREFS="LT1"
                    BASELINE="2142 2681 3469 2691" 
                    HPOS="2140"
                    VPOS="2658"
                    WIDTH="1329"
                    HEIGHT="88">
            <Shape><Polygon POINTS="2142 2681 2140 2734 2233 2721 2323 2741 2356 2726 2371 2741 2643 2744 2714 2723 2875 2726 2933 2746 3185 2728 3212 2746 3258 2728 3421 2728 3466 2746 3469 2691 3466 2686 3076 2683 3051 2663 2988 2663 2968 2681 2799 2660 2532 2681 2472 2658 2447 2678 2142 2676 2142 2681"/></Shape>
            <String CONTENT="عنه ثم أرسل معاوية بسر بن أرطاة إلى اليمن"
                    HPOS="2140"
                    VPOS="2658"
                    WIDTH="1329"
                    HEIGHT="88"
                    ></String>
          </TextLine>
        </TextBlock>
        <TextBlock HPOS="3511"
                   VPOS="732"
                   WIDTH="331"
                   HEIGHT="413"
                   ID="eSc_textblock_33a66aec"
                   TAGREFS="BT1063">
          <Shape><Polygon POINTS="3767 761 3842 775 3842 1034 3830 1145 3818 1145 3621 1132 3537 1119 3512 906 3512 905 3511 899 3525 732"/></Shape>
          <TextLine ID="eSc_line_a2f9e4cd"
                    TAGREFS="LT1"
                    BASELINE="3528 825 3827 808" 
                    HPOS="3522"
                    VPOS="757"
                    WIDTH="302"
                    HEIGHT="91">
            <Shape><Polygon POINTS="3799 767 3779 762 3607 757 3562 777 3524 762 3522 765 3527 823 3529 848 3824 835 3824 805 3816 767 3799 767"/></Shape>
            <String CONTENT="فسبى نساء "
                    HPOS="3522"
                    VPOS="757"
                    WIDTH="302"
                    HEIGHT="91"
                    ></String>
          </TextLine>
          <TextLine ID="eSc_line_0a78f1f7"
                    TAGREFS="LT1"
                    BASELINE="3522 892 3536 891 3811 878" 
                    HPOS="3517"
                    VPOS="820"
                    WIDTH="292"
                    HEIGHT="93">
            <Shape><Polygon POINTS="3519 891 3519 913 3809 903 3809 876 3779 820 3670 848 3517 845 3519 891"/></Shape>
            <String CONTENT="مسلمات "
                    HPOS="3517"
                    VPOS="820"
                    WIDTH="292"
                    HEIGHT="93"
                    ></String>
          </TextLine>
          <TextLine ID="eSc_line_9ad8aeba"
                    TAGREFS="LT1"
                    BASELINE="3557 949 3832 941" 
                    HPOS="3557"
                    VPOS="936"
                    WIDTH="275"
                    HEIGHT="50">
            <Shape><Polygon POINTS="3557 986 3832 979 3832 941 3827 936 3562 941 3557 949 3557 986"/></Shape>
            <String CONTENT="فأقمن في "
                    HPOS="3557"
                    VPOS="936"
                    WIDTH="275"
                    HEIGHT="50"
                    ></String>
          </TextLine>
          <TextLine ID="eSc_line_46d2515c"
                    TAGREFS="LT1"
                    BASELINE="3529 1019 3822 1004" 
                    HPOS="3527"
                    VPOS="986"
                    WIDTH="292"
                    HEIGHT="56">
            <Shape><Polygon POINTS="3527 1037 3721 1042 3819 1022 3819 1001 3811 994 3668 986 3547 1007 3527 1017 3527 1037"/></Shape>
            <String CONTENT="الس"
                    HPOS="3527"
                    VPOS="986"
                    WIDTH="292"
                    HEIGHT="56"
                    ></String>
          </TextLine>
          <TextLine ID="eSc_line_de77d0ba"
                    TAGREFS="LT1"
                    BASELINE="3604 1092 3811 1077" 
                    HPOS="3602"
                    VPOS="1062"
                    WIDTH="209"
                    HEIGHT="63">
            <Shape><Polygon POINTS="3806 1069 3701 1062 3615 1080 3602 1090 3605 1120 3638 1105 3711 1125 3741 1110 3811 1120 3809 1074 3806 1069"/></Shape>
            <String CONTENT="مفوفت"
                    HPOS="3602"
                    VPOS="1062"
                    WIDTH="209"
                    HEIGHT="63"
                    ></String>
          </TextLine>
        </TextBlock>
        <TextBlock HPOS="3465"
                   VPOS="1202"
                   WIDTH="444"
                   HEIGHT="1416"
                   ID="eSc_textblock_85589940"
                   TAGREFS="BT1063">
          <Shape><Polygon POINTS="3909 1202 3870 2062 3888 2481 3496 2618 3469 2343 3465 2303 3477 2114 3476 2112 3484 1259"/></Shape>
          <TextLine ID="eSc_line_a4c9d1b2"
                    TAGREFS="LT221"
                    BASELINE="3882 1245 3685 1357" 
                    HPOS="3673"
                    VPOS="1213"
                    WIDTH="224"
                    HEIGHT="166">
            <Shape><Polygon POINTS="3711 1304 3698 1309 3673 1339 3683 1356 3696 1379 3779 1314 3897 1276 3879 1243 3862 1213 3834 1243 3721 1283 3708 1296 3711 1304"/></Shape>
            <String CONTENT="ق
 "
                    HPOS="3673"
                    VPOS="1213"
                    WIDTH="224"
                    HEIGHT="166"
                    ></String>
          </TextLine>
          <TextLine ID="eSc_line_f1a82c4f"
                    TAGREFS="LT221"
                    BASELINE="3687 1248 3503 1361" 
                    HPOS="3489"
                    VPOS="1223"
                    WIDTH="204"
                    HEIGHT="136">
            <Shape><Polygon POINTS="3502 1359 3534 1354 3693 1296 3686 1246 3670 1223 3572 1263 3489 1336 3502 1359"/></Shape>
            <String CONTENT="لصحيح أن "
                    HPOS="3489"
                    VPOS="1223"
                    WIDTH="204"
                    HEIGHT="136"
                    ></String>
          </TextLine>
          <TextLine ID="eSc_line_2af37a2d"
                    TAGREFS="LT221"
                    BASELINE="3835 1307 3735 1419" 
                    HPOS="3716"
                    VPOS="1293"
                    WIDTH="118"
                    HEIGHT="139">
            <Shape><Polygon POINTS="3733 1417 3769 1432 3832 1324 3834 1306 3819 1293 3716 1399 3733 1417"/></Shape>
            <String CONTENT="روف اي"
                    HPOS="3716"
                    VPOS="1293"
                    WIDTH="118"
                    HEIGHT="139"
                    ></String>
          </TextLine>
          <TextLine ID="eSc_line_42e0c113"
                    TAGREFS="LT221"
                    BASELINE="3728 1296 3510 1412" 
                    HPOS="3504"
                    VPOS="1281"
                    WIDTH="222"
                    HEIGHT="169">
            <Shape><Polygon POINTS="3545 1450 3607 1394 3653 1387 3668 1346 3696 1331 3726 1293 3718 1281 3504 1397 3509 1409 3545 1450"/></Shape>
            <String CONTENT="ن أرطاة "
                    HPOS="3504"
                    VPOS="1281"
                    WIDTH="222"
                    HEIGHT="169"
                    ></String>
          </TextLine>
          <TextLine ID="eSc_line_fae3f6aa"
                    TAGREFS="LT221"
                    BASELINE="3751 1348 3623 1444" 
                    HPOS="3615"
                    VPOS="1334"
                    WIDTH="133"
                    HEIGHT="141">
            <Shape><Polygon POINTS="3620 1442 3663 1475 3708 1434 3741 1367 3748 1346 3738 1334 3615 1434 3620 1442"/></Shape>
            <String CONTENT="لما "
                    HPOS="3615"
                    VPOS="1334"
                    WIDTH="133"
                    HEIGHT="141"
                    ></String>
          </TextLine>
          <TextLine ID="eSc_line_d4a4fe50"
                    TAGREFS="LT221"
                    BASELINE="3657 1385 3500 1493" 
                    HPOS="3489"
                    VPOS="1379"
                    WIDTH="176"
                    HEIGHT="136">
            <Shape><Polygon POINTS="3499 1492 3552 1515 3628 1434 3628 1432 3648 1417 3648 1414 3665 1399 3655 1384 3650 1379 3489 1477 3499 1492"/></Shape>
            <String CONTENT="سار "
                    HPOS="3489"
                    VPOS="1379"
                    WIDTH="176"
                    HEIGHT="136"
                    ></String>
          </TextLine>
          <TextLine ID="eSc_line_43eefeb1"
                    TAGREFS="LT221"
                    BASELINE="3887 1404 3498 1568" 
                    HPOS="3487"
                    VPOS="1364"
                    WIDTH="405"
                    HEIGHT="232">
            <Shape><Polygon POINTS="3497 1565 3552 1596 3698 1510 3796 1487 3809 1465 3837 1467 3892 1429 3892 1427 3884 1402 3867 1364 3748 1434 3693 1437 3670 1467 3560 1492 3547 1518 3487 1543 3497 1565"/></Shape>
            <String CONTENT="إلى اليمن استخرج "
                    HPOS="3487"
                    VPOS="1364"
                    WIDTH="405"
                    HEIGHT="232"
                    ></String>
          </TextLine>
          <TextLine ID="eSc_line_21305156"
                    TAGREFS="LT221"
                    BASELINE="3874 1476 3493 1641" 
                    HPOS="3487"
                    VPOS="1462"
                    WIDTH="400"
                    HEIGHT="227">
            <Shape><Polygon POINTS="3524 1689 3696 1586 3829 1533 3869 1540 3887 1515 3872 1475 3864 1462 3514 1598 3487 1626 3492 1638 3524 1689"/></Shape>
            <String CONTENT="مد منه ضبعا وويح اوه"
                    HPOS="3487"
                    VPOS="1462"
                    WIDTH="400"
                    HEIGHT="227"
                    ></String>
          </TextLine>
          <TextLine ID="eSc_line_794b48a5"
                    TAGREFS="LT221"
                    BASELINE="3876 1558 3502 1712" 
                    HPOS="3489"
                    VPOS="1533"
                    WIDTH="395"
                    HEIGHT="229">
            <Shape><Polygon POINTS="3499 1711 3542 1762 3625 1709 3658 1714 3708 1666 3784 1636 3822 1641 3834 1618 3862 1626 3884 1598 3884 1588 3874 1555 3864 1533 3653 1608 3648 1626 3597 1631 3534 1674 3507 1669 3489 1689 3499 1711"/></Shape>
            <String CONTENT="د الله بن
"
                    HPOS="3489"
                    VPOS="1533"
                    WIDTH="395"
                    HEIGHT="229"
                    ></String>
          </TextLine>
          <TextLine ID="eSc_line_fd2d52e3"
                    TAGREFS="LT221"
                    BASELINE="3873 1638 3506 1794" 
                    HPOS="3494"
                    VPOS="1613"
                    WIDTH="388"
                    HEIGHT="222">
            <Shape><Polygon POINTS="3504 1792 3550 1835 3741 1727 3832 1711 3879 1671 3882 1664 3872 1636 3862 1613 3718 1661 3708 1681 3645 1689 3494 1769 3504 1792"/></Shape>
            <String CONTENT="باس من بيت أم "
                    HPOS="3494"
                    VPOS="1613"
                    WIDTH="388"
                    HEIGHT="222"
                    ></String>
          </TextLine>
          <TextLine ID="eSc_line_88ba2776"
                    TAGREFS="LT221"
                    BASELINE="3875 1710 3507 1870" 
                    HPOS="3492"
                    VPOS="1681"
                    WIDTH="385"
                    HEIGHT="232">
            <Shape><Polygon POINTS="3877 1729 3874 1709 3859 1681 3492 1837 3504 1867 3555 1913 3791 1782 3842 1789 3877 1747 3877 1729"/></Shape>
            <String CONTENT="ل بجيدراهه رعية الله"
                    HPOS="3492"
                    VPOS="1681"
                    WIDTH="385"
                    HEIGHT="232"
                    ></String>
          </TextLine>
          <TextLine ID="eSc_line_974d8c67"
                    TAGREFS="LT221"
                    BASELINE="3867 1794 3499 1956" 
                    HPOS="3484"
                    VPOS="1774"
                    WIDTH="393"
                    HEIGHT="204">
            <Shape><Polygon POINTS="3877 1820 3864 1792 3854 1774 3728 1807 3681 1847 3610 1860 3484 1925 3497 1953 3575 1978 3713 1893 3779 1865 3814 1873 3874 1822 3877 1820"/></Shape>
            <String CONTENT="زرج بن وهرام من "
                    HPOS="3484"
                    VPOS="1774"
                    WIDTH="393"
                    HEIGHT="204"
                    ></String>
          </TextLine>
          <TextLine ID="eSc_line_89f9a5b9"
                    TAGREFS="LT221"
                    BASELINE="3853 1877 3503 2032" 
                    HPOS="3487"
                    VPOS="1845"
                    WIDTH="377"
                    HEIGHT="186">
            <Shape><Polygon POINTS="3502 2031 3519 2031 3864 1918 3852 1875 3837 1845 3774 1893 3698 1900 3675 1928 3600 1940 3555 1961 3545 1988 3487 1996 3502 2031"/></Shape>
            <String CONTENT="الأبناء امرأة "
                    HPOS="3487"
                    VPOS="1845"
                    WIDTH="377"
                    HEIGHT="186"
                    ></String>
          </TextLine>
          <TextLine ID="eSc_line_a3cb6f37"
                    TAGREFS="LT221"
                    BASELINE="3858 1957 3498 2120" 
                    HPOS="3487"
                    VPOS="1920"
                    WIDTH="382"
                    HEIGHT="247">
            <Shape><Polygon POINTS="3497 2119 3545 2167 3643 2099 3711 2081 3771 2034 3796 2041 3806 2019 3867 1988 3869 1983 3857 1956 3839 1920 3776 1968 3741 1963 3658 2001 3615 2041 3555 2054 3547 2071 3524 2064 3487 2097 3497 2119"/></Shape>
            <String CONTENT="داذويه بن
"
                    HPOS="3487"
                    VPOS="1920"
                    WIDTH="382"
                    HEIGHT="247"
                    ></String>
          </TextLine>
          <TextLine ID="eSc_line_5b7dcc7b"
                    TAGREFS="LT221"
                    BASELINE="3859 2158 3798 2195" 
                    HPOS="3779"
                    VPOS="2137"
                    WIDTH="93"
                    HEIGHT="96">
            <Shape><Polygon POINTS="3796 2192 3819 2233 3872 2187 3872 2182 3857 2157 3844 2137 3779 2162 3796 2192"/></Shape>
            <String CONTENT="م "
                    HPOS="3779"
                    VPOS="2137"
                    WIDTH="93"
                    HEIGHT="96"
                    ></String>
          </TextLine>
          <TextLine ID="eSc_line_930517ea"
                    TAGREFS="LT221"
                    BASELINE="3856 2051 3488 2209" 
                    HPOS="3477"
                    VPOS="2026"
                    WIDTH="387"
                    HEIGHT="207">
            <Shape><Polygon POINTS="3487 2207 3567 2233 3686 2154 3743 2152 3754 2124 3864 2076 3854 2049 3844 2026 3502 2160 3477 2182 3487 2207"/></Shape>
            <String CONTENT="وهوام من الابباء اموه"
                    HPOS="3477"
                    VPOS="2026"
                    WIDTH="387"
                    HEIGHT="207"
                    ></String>
          </TextLine>
          <TextLine ID="eSc_line_c6a9d6f6"
                    TAGREFS="LT221"
                    BASELINE="3817 2134 3485 2294" 
                    HPOS="3472"
                    VPOS="2119"
                    WIDTH="344"
                    HEIGHT="174">
            <Shape><Polygon POINTS="3484 2293 3582 2270 3816 2134 3816 2132 3809 2119 3756 2122 3723 2162 3643 2182 3635 2205 3595 2200 3560 2235 3532 2230 3472 2268 3484 2293"/></Shape>
            <String CONTENT=" أحمد ومحم"
                    HPOS="3472"
                    VPOS="2119"
                    WIDTH="344"
                    HEIGHT="174"
                    ></String>
          </TextLine>
          <TextLine ID="eSc_line_71af9c9e"
                    TAGREFS="LT221"
                    BASELINE="3854 2224 3487 2384" 
                    HPOS="3472"
                    VPOS="2190"
                    WIDTH="380"
                    HEIGHT="234">
            <Shape><Polygon POINTS="3484 2381 3547 2424 3655 2361 3675 2326 3711 2331 3806 2258 3852 2222 3837 2190 3638 2265 3600 2300 3522 2316 3472 2353 3484 2381"/></Shape>
            <String CONTENT="لبيد اله رغياس"
                    HPOS="3472"
                    VPOS="2190"
                    WIDTH="380"
                    HEIGHT="234"
                    ></String>
          </TextLine>
          <TextLine ID="eSc_line_8cee5984"
                    TAGREFS="LT221"
                    BASELINE="3853 2336 3491 2466" 
                    HPOS="3474"
                    VPOS="2298"
                    WIDTH="433"
                    HEIGHT="284">
            <Shape><Polygon POINTS="3519 2530 3597 2504 3610 2509 3620 2507 3643 2499 3665 2492 3691 2482 3716 2474 3738 2467 3761 2459 3786 2449 3809 2441 3834 2434 3902 2582 3907 2582 3852 2333 3839 2303 3789 2298 3751 2311 3733 2341 3698 2331 3605 2389 3474 2424 3489 2464 3497 2489 3519 2530"/></Shape>
            <String CONTENT=" "
                    HPOS="3474"
                    VPOS="2298"
                    WIDTH="433"
                    HEIGHT="284"
                    ></String>
          </TextLine>
          <TextLine ID="eSc_line_f4036f91"
                    TAGREFS="LT221"
                    BASELINE="3848 2435 3515 2550" 
                    HPOS="3502"
                    VPOS="2386"
                    WIDTH="357"
                    HEIGHT="207">
            <Shape><Polygon POINTS="3514 2547 3529 2593 3716 2509 3859 2482 3847 2434 3829 2386 3809 2409 3718 2414 3653 2462 3623 2449 3555 2469 3502 2509 3514 2547"/></Shape>
            <String CONTENT="والصحح ان يسرين ارطا"
                    HPOS="3502"
                    VPOS="2386"
                    WIDTH="357"
                    HEIGHT="207"
                    ></String>
          </TextLine>
        </TextBlock>
        <TextBlock HPOS="2038"
                   VPOS="597"
                   WIDTH="85"
                   HEIGHT="397"
                   ID="eSc_textblock_e8c35ac4"
                   TAGREFS="BT1063">
          <Shape><Polygon POINTS="2041 604 2038 632 2047 994 2123 977 2123 597"/></Shape>
          <TextLine ID="eSc_line_ca61da83"
                    TAGREFS="LT220"
                    BASELINE="2081 629 2093 902 2097 977" 
                    HPOS="2036"
                    VPOS="624"
                    WIDTH="78"
                    HEIGHT="352">
            <Shape><Polygon POINTS="2114 966 2114 913 2109 901 2114 888 2114 624 2079 626 2049 626 2036 662 2057 740 2057 976 2094 976 2112 974 2114 966"/></Shape>
            <String CONTENT="ن عبد المدان الحار"
                    HPOS="2036"
                    VPOS="624"
                    WIDTH="78"
                    HEIGHT="352"
                    ></String>
          </TextLine>
        </TextBlock>
        <TextBlock HPOS="302"
                   VPOS="261"
                   WIDTH="1581"
                   HEIGHT="2475"
                   ID="eSc_textblock_9406d263"
                   TAGREFS="BT2">
          <Shape><Polygon POINTS="1865 2706 1357 2734 1302 2708 1177 2718 1034 2736 523 2726 493 2645 513 2094 481 1552 302 1414 347 1345 477 1409 513 362 553 312 725 292 1623 261 1873 294 1877 545 1870 688 1857 744 1865 1157 1883 1272 1861 1272 1861 2279 1865 2279"/></Shape>
          <TextLine ID="eSc_line_d95ae682"
                    TAGREFS="LT1"
                    BASELINE="523 365 1873 357" 
                    HPOS="523"
                    VPOS="297"
                    WIDTH="1350"
                    HEIGHT="103">
            <Shape><Polygon POINTS="531 332 523 365 523 400 1631 400 1656 385 1782 400 1873 385 1873 357 1870 297 1545 299 1503 314 1462 299 1417 319 1387 302 1321 324 1092 322 1022 302 992 324 936 307 916 324 898 312 815 327 767 304 707 327 536 327 531 332"/></Shape>
            <String CONTENT="انبدب حياس وهوواضبع سبفه في حجن وقائمه ألى عبيد ابعه اذ أخد"
                    HPOS="523"
                    VPOS="297"
                    WIDTH="1350"
                    HEIGHT="103"
                    ></String>
          </TextLine>
          <TextLine ID="eSc_line_905fc965"
                    TAGREFS="LT1"
                    BASELINE="528 453 1875 445" 
                    HPOS="528"
                    VPOS="420"
                    WIDTH="1347"
                    HEIGHT="80">
            <Shape><Polygon POINTS="528 480 599 480 619 500 667 480 966 500 994 485 1309 498 1334 480 1470 475 1505 493 1530 475 1704 475 1727 495 1830 495 1875 475 1875 445 1873 440 1621 425 1603 443 1535 427 1447 443 1425 420 1281 420 1216 445 1190 420 1017 420 939 448 810 430 528 448 528 453 528 480"/></Shape>
            <String CONTENT="تكبعر اه لعالم سبيف واختن بله ثم قام عا راس بسرووا ت عر واعه"
                    HPOS="528"
                    VPOS="420"
                    WIDTH="1347"
                    HEIGHT="80"
                    ></String>
          </TextLine>
          <TextLine ID="eSc_line_71d7745a"
                    TAGREFS="LT1"
                    BASELINE="533 528 1873 533" 
                    HPOS="531"
                    VPOS="511"
                    WIDTH="1342"
                    HEIGHT="73">
            <Shape><Polygon POINTS="533 528 531 558 591 576 760 566 777 581 876 581 903 561 941 581 1193 563 1211 584 1399 584 1457 563 1535 581 1558 563 1603 581 1634 566 1684 584 1707 563 1870 563 1873 533 1853 528 1618 516 1586 531 1493 513 1475 528 1364 516 1304 531 1221 513 1160 528 1135 511 999 511 974 528 868 528 845 511 813 528 715 513 533 526 533 528"/></Shape>
            <String CONTENT="سم م ب حسين معر بن فعبليه عبثا فلق بيله وقام العه حعب"
                    HPOS="531"
                    VPOS="511"
                    WIDTH="1342"
                    HEIGHT="73"
                    ></String>
          </TextLine>
          <TextLine ID="eSc_line_1e199a3b"
                    TAGREFS="LT1"
                    BASELINE="523 606 1200 624 1870 616" 
                    HPOS="521"
                    VPOS="584"
                    WIDTH="1349"
                    HEIGHT="90">
            <Shape><Polygon POINTS="521 644 579 669 644 669 667 649 717 646 757 669 861 649 883 672 976 652 997 672 1075 654 1102 672 1155 659 1263 674 1352 672 1382 652 1455 674 1548 654 1631 669 1646 654 1868 654 1870 616 1858 609 1699 606 1684 591 1606 609 1528 586 1357 606 1281 586 1251 606 1165 584 1097 584 1070 604 1017 584 959 604 906 584 543 601 523 606 521 644"/></Shape>
            <String CONTENT="مسلة كقهرسه ورخل بينها فعال اساككر باله والرح ابرما اعطنف يسنف"
                    HPOS="521"
                    VPOS="584"
                    WIDTH="1349"
                    HEIGHT="90"
                    ></String>
          </TextLine>
          <TextLine ID="eSc_line_41c499e5"
                    TAGREFS="LT1"
                    BASELINE="533 709 1455 709 1871 694" 
                    HPOS="531"
                    VPOS="677"
                    WIDTH="1339"
                    HEIGHT="85">
            <Shape><Polygon POINTS="531 745 936 762 981 740 1004 760 1344 760 1472 757 1495 740 1654 757 1674 737 1855 735 1863 717 1865 717 1870 692 1868 692 1664 677 1588 697 1568 677 1488 677 1445 697 1329 699 1276 679 1206 699 1158 679 1042 679 1014 699 820 682 783 702 533 702 531 707 531 745"/></Shape>
            <String CONTENT="واحصلاه كباه واقبل حبعب ما يسرفعا ل خد بببيعك علمد العنة ابله عا"
                    HPOS="531"
                    VPOS="677"
                    WIDTH="1339"
                    HEIGHT="85"
                    ></String>
          </TextLine>
          <TextLine ID="eSc_line_5b00652c"
                    TAGREFS="LT1"
                    BASELINE="521 800 1871 793" 
                    HPOS="518"
                    VPOS="760"
                    WIDTH="1352"
                    HEIGHT="93">
            <Shape><Polygon POINTS="518 830 576 830 601 853 667 850 694 830 803 848 896 835 921 853 986 828 1039 828 1067 850 1173 835 1417 850 1543 848 1566 825 1596 848 1689 825 1727 838 1870 823 1870 790 1865 782 1785 782 1759 762 1709 780 1654 760 1623 780 1601 760 1467 760 1394 787 1125 762 1097 787 1042 762 959 790 918 765 878 790 551 790 518 798 518 830"/></Shape>
            <String CONTENT="حسعت فبلت ابنى الرجل ثم حلست ألى خنبه واوببت قام سبعه"
                    HPOS="518"
                    VPOS="760"
                    WIDTH="1352"
                    HEIGHT="93"
                    ></String>
          </TextLine>
          <TextLine ID="eSc_line_c3146581"
                    TAGREFS="LT1"
                    BASELINE="526 888 1228 898 1871 887" 
                    HPOS="521"
                    VPOS="848"
                    WIDTH="1349"
                    HEIGHT="96">
            <Shape><Polygon POINTS="523 886 521 921 631 923 652 944 684 921 772 921 795 944 863 928 951 941 986 921 1052 944 1125 926 1150 944 1344 944 1389 923 1404 939 1719 944 1782 921 1868 921 1870 886 1868 848 1533 848 1510 866 1402 850 1329 881 1241 858 1047 866 1032 881 523 881 523 886"/></Shape>
            <String CONTENT="منه والله لوضديك انتطحت قبك عنزا وببعوقوايم ولام معوم"
                    HPOS="521"
                    VPOS="848"
                    WIDTH="1349"
                    HEIGHT="96"
                    ></String>
          </TextLine>
          <TextLine ID="eSc_line_815f2f80"
                    TAGREFS="LT1"
                    BASELINE="536 981 1871 981" 
                    HPOS="533"
                    VPOS="956"
                    WIDTH="1337"
                    HEIGHT="81">
            <Shape><Polygon POINTS="533 979 533 1014 722 1037 1090 1037 1120 1022 1155 1037 1195 1019 1216 1037 1414 1037 1440 1022 1498 1037 1520 1017 1553 1037 1674 1037 1704 1017 1870 1014 1870 979 1870 976 1571 976 1550 956 1324 976 1301 959 1284 974 1223 956 1170 976 1125 956 1039 971 1024 956 848 956 818 976 533 976 533 979"/></Shape>
            <String CONTENT="الفصمو سسر احف واررجي واسع تقعل ن رما وراب وكاب"
                    HPOS="533"
                    VPOS="956"
                    WIDTH="1337"
                    HEIGHT="81"
                    ></String>
          </TextLine>
          <TextLine ID="eSc_line_38f478b1"
                    TAGREFS="LT1"
                    BASELINE="521 1069 1871 1074" 
                    HPOS="516"
                    VPOS="1044"
                    WIDTH="1354"
                    HEIGHT="83">
            <Shape><Polygon POINTS="518 1067 516 1105 563 1125 732 1110 790 1125 861 1107 898 1125 999 1107 1291 1127 1868 1115 1870 1072 1868 1067 1770 1047 1712 1067 1593 1047 1508 1064 1450 1047 1352 1067 1316 1047 1296 1067 1228 1067 1087 1044 518 1062 518 1067"/></Shape>
            <String CONTENT=" في سنة إحدى وأربعين وأمره بقتل بني زياد ابن
"
                    HPOS="516"
                    VPOS="1044"
                    WIDTH="1354"
                    HEIGHT="83"
                    ></String>
          </TextLine>
          <TextLine ID="eSc_line_7e123a2c"
                    TAGREFS="LT1"
                    BASELINE="528 1160 1871 1165" 
                    HPOS="523"
                    VPOS="1137"
                    WIDTH="1347"
                    HEIGHT="81">
            <Shape><Polygon POINTS="526 1158 523 1200 848 1215 893 1193 1100 1193 1168 1215 1447 1215 1467 1200 1503 1218 1623 1203 1754 1218 1795 1195 1868 1195 1870 1163 1858 1158 1583 1158 1555 1140 1500 1158 1347 1140 1190 1155 1163 1137 1052 1155 1004 1137 908 1155 871 1137 526 1153 526 1158"/></Shape>
            <String CONTENT="رمنهم تغليبا رصى اربه عفه بمها ل يعفدوت الله وسلا وصل اوساوف ا"
                    HPOS="523"
                    VPOS="1137"
                    WIDTH="1347"
                    HEIGHT="81"
                    ></String>
          </TextLine>
          <TextLine ID="eSc_line_b05403b3"
                    TAGREFS="LT1"
                    BASELINE="521 1243 1871 1248" 
                    HPOS="516"
                    VPOS="1218"
                    WIDTH="1354"
                    HEIGHT="81">
            <Shape><Polygon POINTS="518 1241 516 1276 584 1296 654 1281 1034 1296 1052 1278 1135 1278 1153 1296 1508 1283 1543 1299 1608 1281 1661 1299 1868 1281 1870 1246 1868 1241 1603 1220 1518 1241 1495 1220 1445 1220 1382 1241 1258 1241 1193 1218 1067 1218 1047 1238 848 1238 828 1223 813 1238 752 1223 518 1236 518 1241"/></Shape>
            <String CONTENT="دمنى وكاوب الات وبنى وعال ابو مكن بقبع من لحوت ز المه"
                    HPOS="516"
                    VPOS="1218"
                    WIDTH="1354"
                    HEIGHT="81"
                    ></String>
          </TextLine>
          <TextLine ID="eSc_line_98f67f56"
                    TAGREFS="LT1"
                    BASELINE="516 1339 1049 1331 1871 1340" 
                    HPOS="511"
                    VPOS="604"
                    WIDTH="1359"
                    HEIGHT="778">
            <Shape><Polygon POINTS="1772 1246 538 1243 526 604 521 604 511 1356 740 1379 835 1379 853 1364 888 1379 906 1361 1007 1377 1070 1359 1206 1379 1251 1361 1352 1382 1420 1361 1455 1382 1616 1364 1634 1382 1717 1382 1754 1361 1792 1382 1868 1361 1870 1339 1780 1246 1772 1246"/></Shape>
            <String CONTENT="و "
                    HPOS="511"
                    VPOS="604"
                    WIDTH="1359"
                    HEIGHT="778"
                    ></String>
          </TextLine>
          <TextLine ID="eSc_line_c53155b6"
                    TAGREFS="LT1"
                    BASELINE="497 1426 1871 1424" 
                    HPOS="496"
                    VPOS="1392"
                    WIDTH="1374"
                    HEIGHT="75">
            <Shape><Polygon POINTS="496 1457 1868 1467 1870 1422 1865 1412 1744 1414 1724 1394 1601 1414 1578 1392 1508 1409 1447 1394 1382 1414 1311 1392 1080 1392 1062 1407 1004 1392 971 1412 939 1392 851 1414 586 1414 496 1424 496 1457"/></Shape>
            <String CONTENT="قع من ببغسبه عليه فحبهه وقيل ابى بكنوه مملك على د لك فقال ساسع ما"
                    HPOS="496"
                    VPOS="1392"
                    WIDTH="1374"
                    HEIGHT="75"
                    ></String>
          </TextLine>
          <TextLine ID="eSc_line_0d28c5e4"
                    TAGREFS="LT1"
                    BASELINE="332 1395 549 1519 1871 1507" 
                    HPOS="327"
                    VPOS="1394"
                    WIDTH="1543"
                    HEIGHT="169">
            <Shape><Polygon POINTS="327 1518 468 1518 506 1553 619 1560 712 1560 765 1538 848 1538 924 1563 1085 1538 1165 1563 1334 1540 1460 1558 1540 1555 1583 1533 1621 1560 1699 1535 1782 1555 1868 1533 1870 1505 1870 1500 1843 1472 1767 1500 1691 1465 1583 1500 1538 1470 1493 1480 1477 1465 1427 1497 1289 1465 1256 1490 1198 1462 1110 1495 1049 1467 944 1492 926 1475 835 1492 803 1467 745 1492 637 1470 611 1490 579 1467 543 1482 488 1445 410 1445 329 1394 327 1518"/></Shape>
            <String CONTENT="صدقت ولا بررت! وفي رواية اللهم إنا لا نعلمك إلا كاذبا
 "
                    HPOS="327"
                    VPOS="1394"
                    WIDTH="1543"
                    HEIGHT="169"
                    ></String>
          </TextLine>
          <TextLine ID="eSc_line_c14f5550"
                    TAGREFS="LT1"
                    BASELINE="528 1596 1871 1606" 
                    HPOS="523"
                    VPOS="1568"
                    WIDTH="1347"
                    HEIGHT="88">
            <Shape><Polygon POINTS="526 1593 523 1628 604 1648 765 1631 863 1651 898 1633 959 1651 1223 1653 1304 1636 1533 1636 1626 1656 1694 1638 1820 1656 1868 1638 1870 1603 1868 1598 1198 1568 1130 1591 1085 1568 1014 1591 984 1568 881 1570 848 1591 526 1588 526 1593"/></Shape>
            <String CONTENT="وكنب ل رما ولعقد من عا أر لموميض لا فعلن سك وكتب اليه"
                    HPOS="523"
                    VPOS="1568"
                    WIDTH="1347"
                    HEIGHT="88"
                    ></String>
          </TextLine>
          <TextLine ID="eSc_line_f6f873a3"
                    TAGREFS="LT1"
                    BASELINE="516 1699 1871 1704" 
                    HPOS="511"
                    VPOS="1661"
                    WIDTH="1359"
                    HEIGHT="88">
            <Shape><Polygon POINTS="511 1727 553 1747 586 1729 649 1747 750 1729 775 1747 830 1732 924 1747 986 1729 1049 1747 1253 1732 1284 1749 1364 1749 1387 1732 1462 1749 1550 1732 1611 1732 1631 1749 1868 1732 1870 1701 1853 1694 1737 1691 1646 1664 1508 1664 1480 1691 1409 1684 1389 1664 1286 1664 1238 1691 1112 1674 1070 1689 1039 1661 941 1664 903 1691 871 1674 848 1691 788 1676 762 1691 516 1691 513 1696 511 1727"/></Shape>
            <String CONTENT="بسبت بامحا مكنابى شي بحكم الله نع وس تما حبكر وان متكب ودب"
                    HPOS="511"
                    VPOS="1661"
                    WIDTH="1359"
                    HEIGHT="88"
                    ></String>
          </TextLine>
          <TextLine ID="eSc_line_fa51e357"
                    TAGREFS="LT1"
                    BASELINE="521 1802 1871 1792" 
                    HPOS="518"
                    VPOS="1767"
                    WIDTH="1352"
                    HEIGHT="85">
            <Shape><Polygon POINTS="518 1830 611 1830 642 1852 762 1852 788 1832 853 1852 969 1850 992 1827 1072 1850 1279 1825 1352 1847 1470 1847 1555 1822 1593 1845 1749 1845 1770 1827 1870 1820 1870 1789 1865 1784 1646 1787 1616 1769 1573 1787 1397 1789 1372 1767 1236 1767 1218 1782 1168 1769 1145 1792 1029 1792 1014 1777 979 1789 959 1769 911 1769 878 1792 800 1774 518 1794 518 1800 518 1830"/></Shape>
            <String CONTENT="كالمصير الى الله ومن وراسا الحساب وسه حلم الدبن الهوا اى مبعلب"
                    HPOS="518"
                    VPOS="1767"
                    WIDTH="1352"
                    HEIGHT="85"
                    ></String>
          </TextLine>
          <TextLine ID="eSc_line_912a896a"
                    TAGREFS="LT1"
                    BASELINE="536 1900 1871 1883" 
                    HPOS="533"
                    VPOS="1855"
                    WIDTH="1337"
                    HEIGHT="88">
            <Shape><Polygon POINTS="533 1928 697 1943 732 1923 893 1923 1002 1940 1027 1923 1102 1940 1223 1920 1382 1935 1404 1918 1435 1935 1490 1913 1576 1933 1868 1918 1870 1880 1865 1875 1641 1878 1581 1860 1470 1880 1442 1855 1294 1855 1143 1857 1082 1880 1004 1860 966 1875 901 1865 881 1883 858 1870 838 1885 566 1890 533 1898 533 1928"/></Shape>
            <String CONTENT="يبعلبون فارا د سر قبله فاراه امع بكنة معال مه اخدمت ويداى"
                    HPOS="533"
                    VPOS="1855"
                    WIDTH="1337"
                    HEIGHT="88"
                    ></String>
          </TextLine>
          <TextLine ID="eSc_line_166085e2"
                    TAGREFS="LT1"
                    BASELINE="538 1981 1871 1976" 
                    HPOS="536"
                    VPOS="1948"
                    WIDTH="1334"
                    HEIGHT="81">
            <Shape><Polygon POINTS="536 2019 601 2029 659 2008 730 2029 793 2008 929 2026 992 2008 1012 2029 1185 2029 1399 2008 1500 2026 1523 2006 1553 2026 1621 2026 1651 2006 1868 2006 1870 1973 1868 1968 1646 1971 1573 1953 1558 1968 1447 1971 1402 1948 1354 1971 1279 1971 1208 1948 961 1963 936 1951 906 1973 851 1951 730 1973 536 1973 536 1978 536 2019"/></Shape>
            <String CONTENT="بد وسب ووددباقح الحسن بكاطا اماب حاب ما ميب كاموا"
                    HPOS="536"
                    VPOS="1948"
                    WIDTH="1334"
                    HEIGHT="81"
                    ></String>
          </TextLine>
          <TextLine ID="eSc_line_2567e807"
                    TAGREFS="LT1"
                    BASELINE="541 2054 1425 2066 1871 2057" 
                    HPOS="536"
                    VPOS="2029"
                    WIDTH="1334"
                    HEIGHT="93">
            <Shape><Polygon POINTS="536 2081 722 2109 903 2087 929 2107 1012 2117 1268 2119 1344 2102 1374 2119 1470 2119 1493 2102 1553 2122 1649 2117 1676 2092 1712 2109 1747 2092 1868 2092 1870 2056 1868 2056 1676 2041 1611 2056 1550 2034 1452 2034 1432 2054 1316 2054 1296 2034 1246 2049 1216 2031 1054 2031 989 2051 936 2031 881 2049 856 2029 788 2049 558 2046 538 2051 536 2081"/></Shape>
            <String CONTENT="قبسر عليه ايما اسهم سسال واحاا سفرعا ب باسر مكتاب معا وه"
                    HPOS="536"
                    VPOS="2029"
                    WIDTH="1334"
                    HEIGHT="93"
                    ></String>
          </TextLine>
          <TextLine ID="eSc_line_d223b2d8"
                    TAGREFS="LT1"
                    BASELINE="566 2144 1870 2144" 
                    HPOS="566"
                    VPOS="2122"
                    WIDTH="1304"
                    HEIGHT="80">
            <Shape><Polygon POINTS="566 2144 566 2190 606 2175 692 2197 747 2175 798 2195 828 2175 896 2175 1067 2202 1158 2185 1183 2202 1566 2202 1639 2180 1747 2192 1764 2175 1870 2175 1870 2144 1870 2139 1634 2137 1608 2122 1553 2139 1339 2139 1258 2122 1165 2139 1122 2122 898 2122 876 2139 853 2122 810 2139 566 2139 566 2144"/></Shape>
            <String CONTENT="سب وعه ال هعومه وهو لكوفه ونااماه قال بامصوبه او الدادر"
                    HPOS="566"
                    VPOS="2122"
                    WIDTH="1304"
                    HEIGHT="80"
                    ></String>
          </TextLine>
          <TextLine ID="eSc_line_05998a11"
                    TAGREFS="LT1"
                    BASELINE="541 2227 1306 2235 1870 2220" 
                    HPOS="541"
                    VPOS="2200"
                    WIDTH="1329"
                    HEIGHT="80">
            <Shape><Polygon POINTS="541 2265 692 2258 745 2280 913 2258 954 2280 1314 2265 1369 2280 1445 2255 1498 2258 1518 2278 1576 2255 1601 2273 1649 2255 1671 2278 1732 2255 1785 2255 1805 2275 1870 2255 1870 2220 1868 2215 1369 2200 1354 2217 997 2202 936 2217 873 2202 637 2217 541 2227 541 2265"/></Shape>
            <String CONTENT="م عطوت بدفضهر بما قبا ارماوال فقال م ولك بامايكه فال سف"
                    HPOS="541"
                    VPOS="2200"
                    WIDTH="1329"
                    HEIGHT="80"
                    ></String>
          </TextLine>
          <TextLine ID="eSc_line_cf217d01"
                    TAGREFS="LT1"
                    BASELINE="528 2316 1863 2308" 
                    HPOS="528"
                    VPOS="2275"
                    WIDTH="1335"
                    HEIGHT="96">
            <Shape><Polygon POINTS="528 2351 672 2368 699 2348 810 2363 901 2348 961 2371 1047 2356 1062 2371 1223 2371 1253 2356 1362 2371 1863 2341 1863 2308 1855 2300 1807 2300 1777 2275 1571 2275 1538 2298 1513 2278 1422 2275 1369 2303 1326 2278 1281 2303 1218 2280 1153 2303 1100 2278 1065 2303 924 2283 898 2306 609 2306 528 2316 528 2351"/></Shape>
            <String CONTENT="يزيد فبكت اتى زياد فكتب ل سخلينه فاخد الكتاب وعاد ان لبصه"
                    HPOS="528"
                    VPOS="2275"
                    WIDTH="1335"
                    HEIGHT="96"
                    ></String>
          </TextLine>
          <TextLine ID="eSc_line_61a07e9d"
                    TAGREFS="LT1"
                    BASELINE="521 2404 1155 2409 1858 2386" 
                    HPOS="521"
                    VPOS="2356"
                    WIDTH="1337"
                    HEIGHT="111">
            <Shape><Polygon POINTS="521 2449 591 2439 694 2467 742 2444 762 2464 810 2464 876 2441 898 2462 1042 2462 1117 2439 1138 2459 1228 2459 1299 2434 1324 2457 1379 2457 1409 2426 1498 2452 1586 2424 1739 2424 1754 2439 1777 2421 1858 2421 1858 2386 1855 2381 1825 2358 1790 2371 1752 2356 1618 2358 1543 2386 1498 2361 1442 2361 1389 2394 1253 2386 1226 2366 1190 2396 1127 2381 1105 2396 1032 2368 997 2399 888 2374 851 2376 825 2401 702 2386 677 2404 526 2399 521 2404 521 2449"/></Shape>
            <String CONTENT="يوم الميعاد وقد أخرج بسر
"
                    HPOS="521"
                    VPOS="2356"
                    WIDTH="1337"
                    HEIGHT="111"
                    ></String>
          </TextLine>
          <TextLine ID="eSc_line_5ef16e02"
                    TAGREFS="LT1"
                    BASELINE="521 2504 1286 2497 1853 2472" 
                    HPOS="521"
                    VPOS="2459"
                    WIDTH="1332"
                    HEIGHT="93">
            <Shape><Polygon POINTS="521 2545 659 2535 692 2552 717 2535 737 2552 851 2552 976 2527 1004 2547 1195 2545 1213 2525 1430 2540 1523 2537 1558 2514 1707 2530 1853 2509 1853 2472 1850 2469 1671 2459 1571 2477 1555 2462 1480 2474 1430 2459 1364 2482 1294 2464 1168 2487 1145 2467 1090 2467 924 2492 866 2472 835 2494 785 2477 725 2497 699 2484 521 2499 521 2504 521 2545"/></Shape>
            <String CONTENT="ينتظر بهم الغروب لقتلهم واجتمع الناس لذلك "
                    HPOS="521"
                    VPOS="2459"
                    WIDTH="1332"
                    HEIGHT="93"
                    ></String>
          </TextLine>
          <TextLine ID="eSc_line_2ce592c4"
                    TAGREFS="LT1"
                    BASELINE="523 2593 1858 2557" 
                    HPOS="521"
                    VPOS="2540"
                    WIDTH="1337"
                    HEIGHT="100">
            <Shape><Polygon POINTS="523 2593 523 2638 619 2623 652 2640 808 2640 823 2623 903 2615 1190 2630 1294 2608 1379 2625 1407 2603 1460 2623 1500 2600 1626 2615 1669 2595 1737 2610 1858 2590 1858 2557 1855 2555 1664 2560 1475 2540 1367 2567 1316 2545 1211 2547 1188 2572 1034 2575 1012 2552 934 2555 893 2580 808 2557 747 2582 639 2570 614 2587 521 2587 523 2593"/></Shape>
            <String CONTENT="إذ
"
                    HPOS="521"
                    VPOS="2540"
                    WIDTH="1337"
                    HEIGHT="100"
                    ></String>
          </TextLine>
          <TextLine ID="eSc_line_88207be3"
                    TAGREFS="LT1"
                    BASELINE="541 2673 1853 2645" 
                    HPOS="541"
                    VPOS="2633"
                    WIDTH="1312"
                    HEIGHT="90">
            <Shape><Polygon POINTS="541 2703 682 2723 762 2701 800 2721 1017 2718 1130 2701 1253 2713 1281 2693 1301 2711 1420 2691 1445 2708 1558 2706 1583 2688 1707 2681 1744 2698 1764 2678 1853 2676 1853 2645 1850 2640 1621 2633 1535 2648 1425 2633 1354 2653 1284 2635 1248 2655 1163 2640 1133 2658 896 2643 843 2663 541 2668 541 2673 541 2703"/></Shape>
            <String CONTENT="سريم مصومه بعدد اببدريعامو وبعنه فغز ابلا والومم سنه ملام"
                    HPOS="541"
                    VPOS="2633"
                    WIDTH="1312"
                    HEIGHT="90"
                    ></String>
          </TextLine>
        </TextBlock>
        <TextBlock HPOS="1852"
                   VPOS="722"
                   WIDTH="113"
                   HEIGHT="404"
                   ID="eSc_textblock_c610707d"
                   TAGREFS="BT1063">
          <Shape><Polygon POINTS="1940 1126 1870 1126 1861 866 1881 811 1852 725 1936 722 1965 878 1965 880"/></Shape>
          <TextLine ID="eSc_line_59b11179"
                    TAGREFS="LT220"
                    BASELINE="1895 730 1897 1122" 
                    HPOS="1855"
                    VPOS="725"
                    WIDTH="96"
                    HEIGHT="395">
            <Shape><Polygon POINTS="1936 1102 1936 1095 1928 1014 1951 946 1931 916 1951 888 1951 825 1928 803 1928 725 1893 727 1855 727 1873 790 1865 976 1870 979 1865 979 1863 1117 1895 1120 1936 1117 1936 1102"/></Shape>
            <String CONTENT="وتعقصه اودكر با القبيح"
                    HPOS="1855"
                    VPOS="725"
                    WIDTH="96"
                    HEIGHT="395"
                    ></String>
          </TextLine>
        </TextBlock>
        <TextBlock HPOS="1860"
                   VPOS="1292"
                   WIDTH="94"
                   HEIGHT="979"
                   ID="eSc_textblock_6085c232"
                   TAGREFS="BT1063">
          <Shape><Polygon POINTS="1944 1292 1951 2081 1954 2271 1872 2259 1860 2070 1860 2068 1881 1968 1864 1828 1864 1297"/></Shape>
          <TextLine ID="eSc_line_7f7570a9"
                    TAGREFS="LT222"
                    BASELINE="1901 2249 1901 1302" 
                    HPOS="1868"
                    VPOS="1301"
                    WIDTH="73"
                    HEIGHT="947">
            <Shape><Polygon POINTS="1870 1870 1873 1895 1875 1920 1878 1946 1880 1971 1875 1996 1870 2021 1868 2026 1868 2197 1870 2222 1870 2248 1900 2248 1941 2245 1928 1301 1900 1301 1870 1301 1868 1862 1870 1870"/></Shape>
            <String CONTENT="ابكر نر مد معم وارمه باصه هب ولا مروتمه وه ررامه كحر"
                    HPOS="1868"
                    VPOS="1301"
                    WIDTH="73"
                    HEIGHT="947"
                    ></String>
          </TextLine>
        </TextBlock>
        <TextBlock HPOS="2260"
                   VPOS="2752"
                   WIDTH="126"
                   HEIGHT="115"
                   ID="eSc_textblock_9afc7d03"
                   TAGREFS="BT1062">
          <Shape><Polygon POINTS="2369 2752 2386 2828 2260 2867 2263 2765"/></Shape>
          <TextLine ID="eSc_line_1bff903f"
                    TAGREFS="LT1"
                    BASELINE="2267 2816 2358 2787" 
                    HPOS="2260"
                    VPOS="2754"
                    WIDTH="101"
                    HEIGHT="80">
            <Shape><Polygon POINTS="2260 2799 2266 2814 2273 2834 2361 2809 2356 2786 2346 2754 2260 2796 2260 2799"/></Shape>
            <String CONTENT="مدمن"
                    HPOS="2260"
                    VPOS="2754"
                    WIDTH="101"
                    HEIGHT="80"
                    ></String>
          </TextLine>
        </TextBlock>
        <TextBlock HPOS="1188"
                   VPOS="2710"
                   WIDTH="222"
                   HEIGHT="229"
                   ID="eSc_textblock_59c57fb3"
                   TAGREFS="BT1063">
          <Shape><Polygon POINTS="1409 2744 1410 2923 1346 2934 1317 2939 1278 2917 1224 2878 1198 2810 1188 2782 1188 2718 1294 2710 1298 2712 1350 2749"/></Shape>
          <TextLine ID="eSc_line_68c02dfc"
                    TAGREFS="LT220"
                    BASELINE="1406 2846 1268 2710" 
                    HPOS="1256"
                    VPOS="2696"
                    WIDTH="158"
                    HEIGHT="181">
            <Shape><Polygon POINTS="1266 2708 1258 2711 1256 2721 1339 2844 1384 2827 1359 2872 1362 2877 1404 2844 1414 2832 1349 2744 1276 2696 1266 2708"/></Shape>
            <String CONTENT="منننه انسه"
                    HPOS="1256"
                    VPOS="2696"
                    WIDTH="158"
                    HEIGHT="181"
                    ></String>
          </TextLine>
          <TextLine ID="eSc_line_febf92db"
                    TAGREFS="LT220"
                    BASELINE="1303 2813 1212 2723" 
                    HPOS="1190"
                    VPOS="2708"
                    WIDTH="119"
                    HEIGHT="106">
            <Shape><Polygon POINTS="1211 2721 1190 2741 1221 2779 1263 2781 1296 2814 1301 2812 1309 2799 1281 2749 1221 2708 1211 2721"/></Shape>
            <String CONTENT="ع"
                    HPOS="1190"
                    VPOS="2708"
                    WIDTH="119"
                    HEIGHT="106"
                    ></String>
          </TextLine>
          <TextLine ID="eSc_line_6a30ede7"
                    TAGREFS="LT220"
                    BASELINE="1348 2873 1229 2786" 
                    HPOS="1213"
                    VPOS="2741"
                    WIDTH="144"
                    HEIGHT="131">
            <Shape><Polygon POINTS="1228 2784 1213 2817 1326 2869 1347 2872 1357 2857 1306 2824 1289 2766 1258 2741 1228 2784"/></Shape>
            <String CONTENT="منه"
                    HPOS="1213"
                    VPOS="2741"
                    WIDTH="144"
                    HEIGHT="131"
                    ></String>
          </TextLine>
          <TextLine ID="eSc_line_1b18eb0a"
                    TAGREFS="LT220"
                    BASELINE="1373 2921 1248 2840" 
                    HPOS="1236"
                    VPOS="2784"
                    WIDTH="156"
                    HEIGHT="141">
            <Shape><Polygon POINTS="1246 2839 1236 2872 1349 2925 1362 2925 1372 2920 1392 2885 1279 2784 1246 2839"/></Shape>
            <String CONTENT="متم"
                    HPOS="1236"
                    VPOS="2784"
                    WIDTH="156"
                    HEIGHT="141"
                    ></String>
          </TextLine>
        </TextBlock>
        <TextBlock HPOS="2005"
                   VPOS="616"
                   WIDTH="10"
                   HEIGHT="2"
                   ID="eSc_textblock_7484e83e"
                   >
          <Shape><Polygon POINTS="2005 616 2005 618 2015 618 2015 616"/></Shape>
        </TextBlock>
      </PrintSpace>
    </Page>
  </Layout>
</alto>
