<?xml version="1.0" encoding="UTF-8"?>
<alto xmlns:xsi="http://www.w3.org/2001/XMLSchema-instance"
      xmlns="http://www.loc.gov/standards/alto/ns-v4#"
      xsi:schemaLocation="http://www.loc.gov/standards/alto/ns-v4# http://www.loc.gov/standards/alto/v4/alto-4-2.xsd">
  <Description>
    <MeasurementUnit>pixel</MeasurementUnit>
    <sourceImageInformation>
      <fileName>Muqaffa-or14533-3.pdf_page_93.png</fileName>
      <fileIdentifier>pdf//Muqaffa-or14533-3.pdf</fileIdentifier>
    </sourceImageInformation>
  </Description>
  <Tags>
    <OtherTag ID="BT1094" LABEL="text" DESCRIPTION="block type text"/><OtherTag ID="BT1066" LABEL="Chancery_Material" DESCRIPTION="block type Chancery_Material"/><OtherTag ID="BT1065" LABEL="Flyleaf" DESCRIPTION="block type Flyleaf"/><OtherTag ID="BT1064" LABEL="default" DESCRIPTION="block type default"/><OtherTag ID="BT1063" LABEL="Marginal_Material" DESCRIPTION="block type Marginal_Material"/><OtherTag ID="BT1062" LABEL="Catchword" DESCRIPTION="block type Catchword"/><OtherTag ID="BT4" LABEL="Illustration" DESCRIPTION="block type Illustration"/><OtherTag ID="BT3" LABEL="Commentary" DESCRIPTION="block type Commentary"/><OtherTag ID="BT2" LABEL="Main" DESCRIPTION="block type Main"/><OtherTag ID="BT1" LABEL="Title" DESCRIPTION="block type Title"/>
    <OtherTag ID="LT1" LABEL="Main" DESCRIPTION="line type Main"/><OtherTag ID="LT219" LABEL="default" DESCRIPTION="line type default"/><OtherTag ID="LT220" LABEL="Main-90" DESCRIPTION="line type Main-90"/><OtherTag ID="LT221" LABEL="Main-180" DESCRIPTION="line type Main-180"/><OtherTag ID="LT222" LABEL="Main-270" DESCRIPTION="line type Main-270"/>
  </Tags>
  <Layout>
    <Page WIDTH="3963"
          HEIGHT="3021"
          PHYSICAL_IMG_NR="289"
          ID="eSc_dummypage_">
      <PrintSpace HPOS="0"
                  VPOS="0"
                  WIDTH="3963"
                  HEIGHT="3021">
        <TextBlock HPOS="2092"
                   VPOS="292"
                   WIDTH="1458"
                   HEIGHT="2476"
                   ID="eSc_textblock_3f3d7c62"
                   TAGREFS="BT2">
          <Shape><Polygon POINTS="3409 292 3540 322 3550 2021 3514 2768 2161 2721 2162 2686 2172 2356 2092 1953 2233 1578 2196 1512 2194 1508 2109 1337 2156 1107 2155 745 2364 631 2376 313 2678 292"/></Shape>
          <TextLine ID="eSc_line_d9d419f0"
                    TAGREFS="LT219"
                    BASELINE="2495 382 3509 365" 
                    HPOS="2492"
                    VPOS="302"
                    WIDTH="1017"
                    HEIGHT="118">
            <Shape><Polygon POINTS="3499 312 3489 309 3388 317 3338 302 3179 324 3109 312 3069 334 2870 337 2789 309 2492 327 2495 382 2495 420 2950 400 2998 417 3197 400 3217 415 3268 397 3482 410 3509 392 3509 365 3507 314 3499 312"/></Shape>
            <String CONTENT="ا خلى أخوك إلى أخيه خلافته بسعد غير نحس
"
                    HPOS="2492"
                    VPOS="302"
                    WIDTH="1017"
                    HEIGHT="118"
                    ></String>
          </TextLine>
          <TextLine ID="eSc_line_bb9bda30"
                    TAGREFS="LT219"
                    BASELINE="2452 473 3517 458" 
                    HPOS="2452"
                    VPOS="347"
                    WIDTH="1065"
                    HEIGHT="169">
            <Shape><Polygon POINTS="3507 367 3482 367 3456 367 3431 367 3406 367 3381 367 3356 370 3331 370 3305 370 3280 370 3255 370 3230 370 3205 372 3179 372 3154 372 3129 372 3104 372 3079 372 3054 375 3028 375 3016 375 2973 400 2882 410 2865 395 2802 445 2588 448 2452 473 2452 513 2522 500 2598 516 2631 495 2804 513 2822 493 2918 511 2978 493 3094 508 3164 490 3338 506 3517 483 3517 458 3514 347 3509 347 3507 367"/></Shape>
            <String CONTENT="فأنت الثالث الموصى إليه وصية حازم في "
                    HPOS="2452"
                    VPOS="347"
                    WIDTH="1065"
                    HEIGHT="169"
                    ></String>
          </TextLine>
          <TextLine ID="eSc_line_61058e14"
                    TAGREFS="LT219"
                    BASELINE="2857 556 3522 551" 
                    HPOS="2857"
                    VPOS="523"
                    WIDTH="665"
                    HEIGHT="68">
            <Shape><Polygon POINTS="2857 591 3522 581 3522 551 3502 543 3265 523 3207 543 3164 526 3033 546 3011 523 2955 523 2872 546 2857 556 2857 591"/></Shape>
            <String CONTENT="وله يعول الحن من سرمم فاتل"
                    HPOS="2857"
                    VPOS="523"
                    WIDTH="665"
                    HEIGHT="68"
                    ></String>
          </TextLine>
          <TextLine ID="eSc_line_1779ac48"
                    TAGREFS="LT219"
                    BASELINE="2537 649 3514 631" 
                    HPOS="2537"
                    VPOS="604"
                    WIDTH="977"
                    HEIGHT="85">
            <Shape><Polygon POINTS="2537 689 2658 687 2676 672 2928 684 2955 667 3061 682 3127 664 3232 679 3376 659 3484 674 3514 657 3514 631 3512 626 3439 629 3414 611 3333 631 3230 604 3187 619 3013 609 2950 636 2736 641 2721 626 2671 644 2537 644 2537 649 2537 689"/></Shape>
            <String CONTENT="وفنت من العطاح بخوك لبسر من مروان لبربه"
                    HPOS="2537"
                    VPOS="604"
                    WIDTH="977"
                    HEIGHT="85"
                    ></String>
          </TextLine>
          <TextLine ID="eSc_line_5c3d1903"
                    TAGREFS="LT219"
                    BASELINE="2532 725 3514 709" 
                    HPOS="2532"
                    VPOS="674"
                    WIDTH="982"
                    HEIGHT="98">
            <Shape><Polygon POINTS="2532 765 2613 770 2661 752 2688 772 2731 752 2754 770 2824 770 2892 747 2963 747 2993 767 3076 747 3185 765 3232 742 3273 762 3295 745 3320 757 3378 740 3421 757 3514 737 3514 709 3494 699 3346 674 2613 712 2532 725 2532 765"/></Shape>
            <String CONTENT="ولواعطا ل بشر الم الف ول جعا عليه أن يم"
                    HPOS="2532"
                    VPOS="674"
                    WIDTH="982"
                    HEIGHT="98"
                    ></String>
          </TextLine>
          <TextLine ID="eSc_line_82d2de74"
                    TAGREFS="LT219"
                    BASELINE="2198 772 2288 767" 
                    HPOS="2198"
                    VPOS="699"
                    WIDTH="90"
                    HEIGHT="99">
            <Shape><Polygon POINTS="2198 772 2198 798 2288 798 2288 767 2271 699 2210 737 2198 772"/></Shape>
            <String CONTENT="دا
"
                    HPOS="2198"
                    VPOS="699"
                    WIDTH="90"
                    HEIGHT="99"
                    ></String>
          </TextLine>
          <TextLine ID="eSc_line_657f4b58"
                    TAGREFS="LT219"
                    BASELINE="2210 818 3519 810" 
                    HPOS="2210"
                    VPOS="780"
                    WIDTH="1309"
                    HEIGHT="80">
            <Shape><Polygon POINTS="2210 855 2807 860 2865 843 2892 858 3074 860 3104 843 3200 858 3283 840 3383 858 3517 840 3519 810 3439 800 3152 785 3117 800 3081 780 3041 800 2870 780 2794 803 2696 780 2658 800 2401 782 2248 805 2210 818 2210 855"/></Shape>
            <String CONTENT="ورم الا خطال الصين وعليها السر وقد اخفا د مات عن مومه"
                    HPOS="2210"
                    VPOS="780"
                    WIDTH="1309"
                    HEIGHT="80"
                    ></String>
          </TextLine>
          <TextLine ID="eSc_line_7418ea66"
                    TAGREFS="LT219"
                    BASELINE="2185 908 3522 896" 
                    HPOS="2182"
                    VPOS="881"
                    WIDTH="1340"
                    HEIGHT="80">
            <Shape><Polygon POINTS="2185 908 2185 954 2359 941 2409 961 2464 946 2560 959 2585 939 2719 959 2817 936 2900 956 2973 951 2988 933 3021 949 3134 933 3152 951 3416 951 3522 928 3522 896 3519 893 2751 888 2678 903 2610 881 2500 881 2422 906 2381 886 2182 886 2185 908"/></Shape>
            <String CONTENT="لا يعصبا ل السام بعيبا والى تحلس سبدوس فساه المعوف حالته"
                    HPOS="2182"
                    VPOS="881"
                    WIDTH="1340"
                    HEIGHT="80"
                    ></String>
          </TextLine>
          <TextLine ID="eSc_line_b613e6f0"
                    TAGREFS="LT219"
                    BASELINE="2762 994 3514 989" 
                    HPOS="2762"
                    VPOS="961"
                    WIDTH="752"
                    HEIGHT="76">
            <Shape><Polygon POINTS="2762 1034 3290 1037 3310 1022 3454 1037 3512 1022 3514 989 3509 984 3368 984 3328 964 3305 984 3275 961 3222 976 3149 961 3132 979 3066 964 2991 981 2958 964 2928 986 2782 986 2762 994 2762 1034"/></Shape>
            <String CONTENT="وماا وسعه كا ولسف اله يعول"
                    HPOS="2762"
                    VPOS="961"
                    WIDTH="752"
                    HEIGHT="76"
                    ></String>
          </TextLine>
          <TextLine ID="eSc_line_bc786866"
                    TAGREFS="LT219"
                    BASELINE="2349 1092 2638 1082 3519 1082" 
                    HPOS="2349"
                    VPOS="1042"
                    WIDTH="1170"
                    HEIGHT="90">
            <Shape><Polygon POINTS="2349 1132 2583 1115 2903 1130 2948 1115 3411 1127 3517 1112 3519 1082 3484 1072 3348 1052 3298 1072 3217 1067 3192 1042 3089 1042 2920 1044 2845 1074 2782 1052 2736 1072 2709 1044 2648 1044 2610 1074 2520 1059 2424 1074 2349 1092 2349 1132"/></Shape>
            <String CONTENT="اذا لا ولت قدصا لحب مكرا اماا اضعان والسببا لبعبه"
                    HPOS="2349"
                    VPOS="1042"
                    WIDTH="1170"
                    HEIGHT="90"
                    ></String>
          </TextLine>
          <TextLine ID="eSc_line_3a58a77b"
                    TAGREFS="LT219"
                    BASELINE="2344 1175 2492 1170 2648 1170 3507 1168" 
                    HPOS="2341"
                    VPOS="1127"
                    WIDTH="1163"
                    HEIGHT="99">
            <Shape><Polygon POINTS="2341 1205 2437 1203 2490 1226 2719 1205 2968 1226 3044 1200 3091 1223 3159 1203 3227 1223 3298 1200 3406 1223 3502 1200 3504 1165 3494 1158 3431 1158 3363 1130 3300 1142 3285 1127 3137 1127 3099 1158 3016 1127 2875 1132 2799 1160 2729 1137 2696 1160 2437 1160 2341 1173 2341 1205"/></Shape>
            <String CONTENT="وايام لنا وه طوال بعض لهام فيهن لجد ه"
                    HPOS="2341"
                    VPOS="1127"
                    WIDTH="1163"
                    HEIGHT="99"
                    ></String>
          </TextLine>
          <TextLine ID="eSc_line_3664d385"
                    TAGREFS="LT219"
                    BASELINE="2359 1256 3517 1256" 
                    HPOS="2359"
                    VPOS="1231"
                    WIDTH="1158"
                    HEIGHT="78">
            <Shape><Polygon POINTS="2359 1256 2359 1288 2444 1309 2550 1293 2822 1309 2860 1291 2908 1306 2928 1288 2991 1304 3059 1288 3081 1309 3172 1309 3197 1288 3268 1309 3434 1309 3517 1288 3517 1256 3517 1253 3305 1253 3144 1231 3099 1253 3071 1231 2953 1246 2847 1231 2822 1253 2729 1253 2668 1231 2633 1253 2600 1236 2565 1253 2449 1238 2359 1253 2359 1256"/></Shape>
            <String CONTENT="ولما احواومصطليات بارا وذا المحرب بععها جد مد"
                    HPOS="2359"
                    VPOS="1231"
                    WIDTH="1158"
                    HEIGHT="78"
                    ></String>
          </TextLine>
          <TextLine ID="eSc_line_cb428e43"
                    TAGREFS="LT219"
                    BASELINE="2167 1346 2643 1359 3517 1349" 
                    HPOS="2167"
                    VPOS="1293"
                    WIDTH="1350"
                    HEIGHT="116">
            <Shape><Polygon POINTS="2167 1392 2434 1409 2751 1409 2794 1392 2933 1409 2973 1392 3001 1409 3086 1389 3154 1407 3202 1389 3320 1389 3346 1407 3517 1389 3517 1349 3464 1341 3114 1341 3096 1324 3069 1336 2983 1319 2948 1344 2905 1344 2875 1321 2847 1344 2792 1306 2719 1344 2623 1296 2268 1293 2167 1346 2167 1392"/></Shape>
            <String CONTENT="لالعمر وابهة لا ترقدت ولا تعينك وابامنا للهواز لاهل فعام وهو بعو"
                    HPOS="2167"
                    VPOS="1293"
                    WIDTH="1350"
                    HEIGHT="116"
                    ></String>
          </TextLine>
          <TextLine ID="eSc_line_9aa75412"
                    TAGREFS="LT219"
                    BASELINE="2454 1447 3524 1434" 
                    HPOS="2454"
                    VPOS="1409"
                    WIDTH="1070"
                    HEIGHT="88">
            <Shape><Polygon POINTS="2454 1482 2588 1477 2666 1497 2711 1480 2744 1492 2767 1475 2812 1487 2928 1472 3013 1492 3278 1490 3310 1467 3376 1485 3522 1467 3524 1434 3519 1429 3315 1429 3268 1412 3220 1429 3152 1409 3129 1432 3041 1419 2981 1434 2943 1412 2882 1412 2827 1437 2716 1414 2694 1437 2603 1417 2583 1437 2517 1424 2462 1440 2454 1447 2454 1482"/></Shape>
            <String CONTENT=" اى الرام لا يصيرفى يبلب لاسعدى وارمول"
                    HPOS="2454"
                    VPOS="1409"
                    WIDTH="1070"
                    HEIGHT="88"
                    ></String>
          </TextLine>
          <TextLine ID="eSc_line_de3b9704"
                    TAGREFS="LT219"
                    BASELINE="2457 1535 3517 1528" 
                    HPOS="2457"
                    VPOS="1502"
                    WIDTH="1060"
                    HEIGHT="84">
            <Shape><Polygon POINTS="2457 1568 2600 1560 2643 1586 2794 1586 2819 1563 2872 1583 2945 1560 2986 1583 3079 1568 3149 1583 3187 1555 3240 1570 3313 1555 3351 1578 3514 1555 3517 1528 3512 1523 3318 1507 3240 1520 3217 1505 3152 1523 3038 1502 3008 1523 2988 1502 2822 1502 2782 1518 2729 1505 2704 1528 2485 1528 2457 1535 2457 1568"/></Shape>
            <String CONTENT="فان يسع سمدوس زريها وان الويح طببه كسور"
                    HPOS="2457"
                    VPOS="1502"
                    WIDTH="1060"
                    HEIGHT="84"
                    ></String>
          </TextLine>
          <TextLine ID="eSc_line_e718a4c6"
                    TAGREFS="LT219"
                    BASELINE="2419 1626 3519 1618" 
                    HPOS="2419"
                    VPOS="1583"
                    WIDTH="1100"
                    HEIGHT="88">
            <Shape><Polygon POINTS="2419 1653 2769 1671 2842 1669 2860 1651 2877 1669 3089 1669 3190 1648 3456 1666 3519 1646 3519 1618 3514 1613 3461 1613 3444 1596 3411 1613 3351 1583 3207 1583 3147 1616 3084 1586 2880 1603 2824 1586 2782 1618 2694 1598 2673 1618 2447 1618 2419 1626 2419 1653"/></Shape>
            <String CONTENT="وارت امنة الستن ظلا اطر امة ليست ترون"
                    HPOS="2419"
                    VPOS="1583"
                    WIDTH="1100"
                    HEIGHT="88"
                    ></String>
          </TextLine>
          <TextLine ID="eSc_line_ba326fef"
                    TAGREFS="LT219"
                    BASELINE="2404 1706 3512 1706" 
                    HPOS="2404"
                    VPOS="1676"
                    WIDTH="1108"
                    HEIGHT="81">
            <Shape><Polygon POINTS="2404 1706 2404 1747 2507 1757 2565 1737 2633 1757 2903 1757 2920 1739 3001 1757 3049 1739 3066 1757 3119 1757 3190 1739 3295 1757 3336 1739 3401 1757 3431 1734 3512 1734 3512 1706 3512 1701 3381 1676 3217 1701 3187 1676 3127 1676 3089 1701 3018 1701 2970 1676 2802 1676 2767 1701 2678 1681 2585 1701 2404 1701 2404 1706"/></Shape>
            <String CONTENT="سحلها ابومرواب بسر فذات لكال منقله جوب"
                    HPOS="2404"
                    VPOS="1676"
                    WIDTH="1108"
                    HEIGHT="81"
                    ></String>
          </TextLine>
          <TextLine ID="eSc_line_c0923540"
                    TAGREFS="LT219"
                    BASELINE="2185 1807 3517 1794" 
                    HPOS="2185"
                    VPOS="1767"
                    WIDTH="1332"
                    HEIGHT="88">
            <Shape><Polygon POINTS="2185 1840 2253 1837 2271 1855 2452 1835 2711 1852 2756 1832 2852 1850 2895 1835 3127 1847 3164 1832 3222 1847 3252 1830 3270 1845 3404 1845 3514 1827 3517 1794 3512 1789 3305 1777 3230 1792 3152 1767 3054 1792 2983 1767 2940 1794 2860 1772 2469 1772 2432 1794 2203 1800 2185 1807 2185 1840"/></Shape>
            <String CONTENT="وعفف الة اسنافيب منها معهل اعف ولا جوف ولها حمة"
                    HPOS="2185"
                    VPOS="1767"
                    WIDTH="1332"
                    HEIGHT="88"
                    ></String>
          </TextLine>
          <TextLine ID="eSc_line_4e4c917e"
                    TAGREFS="LT219"
                    BASELINE="2160 1885 3519 1893" 
                    HPOS="2157"
                    VPOS="1850"
                    WIDTH="1362"
                    HEIGHT="88">
            <Shape><Polygon POINTS="2157 1928 2291 1915 2346 1933 2474 1918 2502 1933 3008 1935 3066 1918 3106 1933 3268 1920 3313 1938 3351 1920 3517 1920 3519 1893 3464 1883 3250 1883 3182 1862 3129 1883 3079 1860 2986 1873 2958 1852 2759 1852 2704 1873 2590 1852 2532 1870 2505 1850 2349 1850 2283 1878 2172 1878 2160 1885 2157 1928"/></Shape>
            <String CONTENT="كمر الى كهبوا والضد ستعر واخبعه بما لق فعال وكمغا لتككل حسع"
                    HPOS="2157"
                    VPOS="1850"
                    WIDTH="1362"
                    HEIGHT="88"
                    ></String>
          </TextLine>
          <TextLine ID="eSc_line_748968e1"
                    TAGREFS="LT219"
                    BASELINE="2170 1986 3524 1973" 
                    HPOS="2167"
                    VPOS="1943"
                    WIDTH="1355"
                    HEIGHT="81">
            <Shape><Polygon POINTS="2167 2006 2266 2024 2288 2006 2366 2024 2439 2003 2641 2021 2666 2003 2744 2019 2762 2001 2872 2019 2981 1998 3008 2016 3164 2016 3187 2001 3217 2016 3401 1996 3482 2014 3522 1993 3522 1971 3441 1961 3237 1963 3167 1946 3139 1963 3117 1943 3008 1943 2993 1958 2850 1948 2822 1966 2726 1946 2673 1968 2633 1948 2548 1966 2437 1948 2386 1971 2273 1951 2208 1968 2167 1983 2167 2006"/></Shape>
            <String CONTENT="الها قامم له بها ووا اراما احق بووم من سد واسن وت اسبع"
                    HPOS="2167"
                    VPOS="1943"
                    WIDTH="1355"
                    HEIGHT="81"
                    ></String>
          </TextLine>
          <TextLine ID="eSc_line_93ad8ae5"
                    TAGREFS="LT219"
                    BASELINE="2121 1940 2183 2079 3509 2056" 
                    HPOS="2119"
                    VPOS="1938"
                    WIDTH="1388"
                    HEIGHT="174">
            <Shape><Polygon POINTS="2119 2092 2172 2092 2195 2112 2414 2112 2490 2094 2542 2112 2648 2089 2804 2089 2850 2109 3507 2089 3507 2054 3504 2051 3404 2039 3288 2054 3192 2014 3134 2056 3044 2026 2988 2031 2955 2056 2860 2059 2787 2036 2767 2054 2716 2016 2648 2049 2585 2019 2497 2036 2464 2016 2404 2061 2364 2061 2278 2051 2240 2016 2150 2016 2119 1938 2119 2092"/></Shape>
            <String CONTENT="معال لدحه لعمر لقذا مست معد واصبحت بحيكا بسر مرولع"
                    HPOS="2119"
                    VPOS="1938"
                    WIDTH="1388"
                    HEIGHT="174"
                    ></String>
          </TextLine>
          <TextLine ID="eSc_line_47a28e9c"
                    TAGREFS="LT219"
                    BASELINE="2293 2160 3512 2144" 
                    HPOS="2293"
                    VPOS="2117"
                    WIDTH="1219"
                    HEIGHT="88">
            <Shape><Polygon POINTS="2293 2202 2414 2205 2444 2187 2643 2202 2701 2182 2897 2200 2925 2180 3104 2197 3182 2177 3298 2195 3341 2175 3424 2192 3512 2172 3512 2144 3509 2139 3270 2139 3235 2124 3197 2139 3109 2117 3051 2147 3016 2117 2900 2117 2746 2119 2651 2152 2560 2132 2293 2154 2293 2160 2293 2202"/></Shape>
            <String CONTENT="ام اا اداكار ادل ابعه وقعه تنبرابها مسرودها ومهر"
                    HPOS="2293"
                    VPOS="2117"
                    WIDTH="1219"
                    HEIGHT="88"
                    ></String>
          </TextLine>
          <TextLine ID="eSc_line_e5940e51"
                    TAGREFS="LT219"
                    BASELINE="2301 2243 3517 2230" 
                    HPOS="2301"
                    VPOS="2202"
                    WIDTH="1216"
                    HEIGHT="93">
            <Shape><Polygon POINTS="2301 2278 2391 2295 2452 2295 2477 2275 2542 2293 2804 2275 2938 2290 2965 2273 3237 2288 3273 2265 3376 2285 3514 2265 3517 2230 3514 2225 3308 2227 3283 2212 3202 2230 3149 2205 3071 2220 3041 2202 3018 2225 2935 2205 2890 2220 2875 2205 2784 2205 2613 2207 2540 2238 2384 2238 2369 2222 2311 2235 2301 2243 2301 2278"/></Shape>
            <String CONTENT="سمن وسرخع ان تكوم ليغه وترجوك الدبياء ولله بن حاه"
                    HPOS="2301"
                    VPOS="2202"
                    WIDTH="1216"
                    HEIGHT="93"
                    ></String>
          </TextLine>
          <TextLine ID="eSc_line_fcfc9cc8"
                    TAGREFS="LT219"
                    BASELINE="2296 2336 3509 2328" 
                    HPOS="2296"
                    VPOS="2295"
                    WIDTH="1213"
                    HEIGHT="89">
            <Shape><Polygon POINTS="2296 2379 2580 2384 2613 2366 2701 2366 2746 2381 2764 2363 2905 2363 2928 2381 3033 2363 3137 2379 3167 2363 3298 2363 3313 2379 3366 2363 3429 2379 3509 2358 3509 2328 3492 2321 3270 2321 3217 2295 3111 2295 3069 2316 3036 2298 2892 2298 2855 2318 2812 2298 2784 2318 2721 2321 2696 2298 2671 2318 2628 2303 2515 2326 2354 2326 2296 2336 2296 2379"/></Shape>
            <String CONTENT="مار اسرقب بو عا صول عس حوف رداها من بعيد مر"
                    HPOS="2296"
                    VPOS="2295"
                    WIDTH="1213"
                    HEIGHT="89"
                    ></String>
          </TextLine>
          <TextLine ID="eSc_line_6e357287"
                    TAGREFS="LT219"
                    BASELINE="2296 2426 3502 2421" 
                    HPOS="2296"
                    VPOS="2389"
                    WIDTH="1206"
                    HEIGHT="80">
            <Shape><Polygon POINTS="2296 2454 2344 2469 2379 2454 2704 2469 2797 2452 2882 2467 3076 2449 3124 2467 3222 2449 3378 2467 3499 2449 3502 2421 3499 2416 3230 2419 3182 2396 3152 2416 3106 2389 2895 2389 2724 2391 2636 2421 2296 2421 2296 2426 2296 2454"/></Shape>
            <String CONTENT="وابت له بعبام منها لاهاما وانت را افنهبه لا يصل"
                    HPOS="2296"
                    VPOS="2389"
                    WIDTH="1206"
                    HEIGHT="80"
                    ></String>
          </TextLine>
          <TextLine ID="eSc_line_46da02ca"
                    TAGREFS="LT219"
                    BASELINE="2293 2512 3504 2512" 
                    HPOS="2293"
                    VPOS="2469"
                    WIDTH="1211"
                    HEIGHT="91">
            <Shape><Polygon POINTS="2293 2545 2333 2560 2419 2560 2437 2542 2490 2560 2736 2545 2764 2560 2867 2542 2973 2560 3081 2542 3222 2560 3293 2542 3331 2560 3454 2560 3504 2542 3504 2512 3469 2497 3401 2477 3358 2487 3341 2469 3293 2489 3242 2469 3215 2497 3147 2469 3079 2469 3046 2497 3003 2472 2928 2469 2900 2487 2872 2472 2827 2497 2767 2469 2590 2489 2545 2469 2361 2497 2293 2512 2293 2545"/></Shape>
            <String CONTENT="قتدتها لا تضلها
 "
                    HPOS="2293"
                    VPOS="2469"
                    WIDTH="1211"
                    HEIGHT="91"
                    ></String>
          </TextLine>
          <TextLine ID="eSc_line_46387b4a"
                    TAGREFS="LT219"
                    BASELINE="2288 2598 3497 2608" 
                    HPOS="2286"
                    VPOS="2570"
                    WIDTH="1211"
                    HEIGHT="80">
            <Shape><Polygon POINTS="2286 2623 2318 2643 2459 2643 2480 2625 2502 2643 2570 2628 2593 2645 2877 2628 2905 2643 3018 2630 3275 2650 3351 2633 3383 2650 3494 2650 3497 2608 3484 2598 3368 2575 3285 2598 3192 2572 3109 2587 2970 2575 2897 2595 2799 2570 2656 2593 2563 2575 2326 2590 2288 2598 2286 2623"/></Shape>
            <String CONTENT="تع علعه من سوما بعبطه لعيش بهادووفرها ومعلها"
                    HPOS="2286"
                    VPOS="2570"
                    WIDTH="1211"
                    HEIGHT="80"
                    ></String>
          </TextLine>
          <TextLine ID="eSc_line_3234eb1f"
                    TAGREFS="LT219"
                    BASELINE="2283 2683 3484 2688" 
                    HPOS="2281"
                    VPOS="2648"
                    WIDTH="1203"
                    HEIGHT="91">
            <Shape><Polygon POINTS="2281 2726 2507 2716 2565 2736 2646 2716 2691 2736 2784 2716 2812 2734 2973 2718 3008 2739 3038 2723 3147 2739 3232 2718 3303 2739 3325 2721 3482 2739 3484 2688 3474 2678 3426 2653 3393 2668 3308 2653 3283 2673 3263 2650 3179 2650 3137 2673 3081 2650 3018 2678 2958 2650 2928 2678 2887 2678 2835 2648 2653 2655 2623 2673 2608 2658 2575 2676 2323 2676 2283 2683 2281 2726"/></Shape>
            <String CONTENT="براها الجوار البح منك وعتبه واتتاد ال خطهما سعلها"
                    HPOS="2281"
                    VPOS="2648"
                    WIDTH="1203"
                    HEIGHT="91"
                    ></String>
          </TextLine>
        </TextBlock>
        <TextBlock HPOS="392"
                   VPOS="302"
                   WIDTH="1533"
                   HEIGHT="2488"
                   ID="eSc_textblock_3ab9306a"
                   TAGREFS="BT2">
          <Shape><Polygon POINTS="1790 302 1860 332 1850 1920 1925 2535 1867 2763 547 2790 574 2618 392 2474 402 2265 483 2034 644 2011 614 1961 644 1913 503 1810 473 1699 483 674 684 631 684 372 715 332 1221 302"/></Shape>
          <TextLine ID="eSc_line_499dd7d7"
                    TAGREFS="LT219"
                    BASELINE="702 380 1822 365" 
                    HPOS="699"
                    VPOS="314"
                    WIDTH="1123"
                    HEIGHT="111">
            <Shape><Polygon POINTS="699 344 702 380 702 415 815 425 848 405 886 420 924 402 976 422 1153 405 1261 420 1286 397 1339 417 1485 397 1553 415 1573 395 1777 405 1822 390 1822 365 1820 314 1598 314 1555 334 1316 317 1236 344 1211 329 1195 344 704 342 699 344"/></Shape>
            <String CONTENT="وامر شر سنراقه الباريع فمحا جوير وهجاه فعال حرم"
                    HPOS="699"
                    VPOS="314"
                    WIDTH="1123"
                    HEIGHT="111"
                    ></String>
          </TextLine>
          <TextLine ID="eSc_line_32eaacb3"
                    TAGREFS="LT219"
                    BASELINE="730 465 1820 440" 
                    HPOS="730"
                    VPOS="427"
                    WIDTH="1090"
                    HEIGHT="73">
            <Shape><Polygon POINTS="730 500 1382 495 1498 478 1704 488 1717 473 1787 485 1820 470 1820 440 1817 435 1163 427 1092 453 934 443 916 458 730 460 730 465 730 500"/></Shape>
            <String CONTENT="بابسوشق مونهم كر الببشيواد بلا زنب وامت اميع"
                    HPOS="730"
                    VPOS="427"
                    WIDTH="1090"
                    HEIGHT="73"
                    ></String>
          </TextLine>
          <TextLine ID="eSc_line_e9544b7a"
                    TAGREFS="LT219"
                    BASELINE="735 536 1822 523" 
                    HPOS="735"
                    VPOS="500"
                    WIDTH="1087"
                    HEIGHT="89">
            <Shape><Polygon POINTS="735 584 783 589 825 563 853 581 883 563 944 581 971 568 997 586 1261 568 1384 584 1440 566 1520 581 1606 553 1714 566 1822 551 1822 523 1817 518 1571 521 1407 500 1341 523 1173 503 1158 521 1120 508 1087 526 992 508 934 528 765 528 735 536 735 584"/></Shape>
            <String CONTENT="كدحا سعا ان يفول العارف بال بارف مهم مسب شرمير"
                    HPOS="735"
                    VPOS="500"
                    WIDTH="1087"
                    HEIGHT="89"
                    ></String>
          </TextLine>
          <TextLine ID="eSc_line_ec2384e9"
                    TAGREFS="LT219"
                    BASELINE="725 626 1216 624 1820 601" 
                    HPOS="725"
                    VPOS="573"
                    WIDTH="1095"
                    HEIGHT="94">
            <Shape><Polygon POINTS="725 667 1437 667 1493 644 1528 659 1576 641 1608 654 1820 636 1820 601 1817 596 1644 573 1629 591 1558 576 1535 596 1488 579 1409 599 1291 584 1228 611 1125 614 1080 589 1004 616 964 601 916 619 891 606 727 621 725 626 725 667"/></Shape>
            <String CONTENT="به ملنع لدف أن وو له حين وارخرم كهم طهير"
                    HPOS="725"
                    VPOS="573"
                    WIDTH="1095"
                    HEIGHT="94"
                    ></String>
          </TextLine>
          <TextLine ID="eSc_line_421f289f"
                    TAGREFS="LT219"
                    BASELINE="506 722 1825 689" 
                    HPOS="506"
                    VPOS="672"
                    WIDTH="1319"
                    HEIGHT="98">
            <Shape><Polygon POINTS="506 757 531 770 609 750 740 765 770 747 800 765 828 745 888 745 906 762 1213 755 1331 732 1417 750 1566 727 1621 745 1825 720 1825 689 1822 684 1412 694 1286 677 1206 699 1120 682 1102 699 1014 677 986 697 918 672 863 694 669 677 506 722 506 757"/></Shape>
            <String CONTENT=" لا يدخلن عليك إن دخولهم نحس وإن خروجهم تطهير
 ولما قدم بشر استبطأ الفرزدق في إتيانه بالكوفة فاعتذر إليه "
                    HPOS="506"
                    VPOS="672"
                    WIDTH="1319"
                    HEIGHT="98"
                    ></String>
          </TextLine>
          <TextLine ID="eSc_line_303b7c1f"
                    TAGREFS="LT219"
                    BASELINE="490 803 1092 800 1812 777" 
                    HPOS="490"
                    VPOS="752"
                    WIDTH="1322"
                    HEIGHT="98">
            <Shape><Polygon POINTS="490 845 851 850 921 828 1110 845 1407 820 1450 838 1475 818 1535 833 1571 815 1812 810 1812 777 1780 770 1611 760 1530 775 1480 752 1362 755 1336 775 1268 757 1203 782 1107 760 1017 775 984 762 934 787 858 767 838 790 521 795 490 803 490 845"/></Shape>
            <String CONTENT="سن ذكر فعال لواتى كببذافغسن وهكها حفها معب عركى مور"
                    HPOS="490"
                    VPOS="752"
                    WIDTH="1322"
                    HEIGHT="98"
                    ></String>
          </TextLine>
          <TextLine ID="eSc_line_d35b16c9"
                    TAGREFS="LT219"
                    BASELINE="611 903 1304 896 1812 868" 
                    HPOS="611"
                    VPOS="850"
                    WIDTH="1201"
                    HEIGHT="104">
            <Shape><Polygon POINTS="611 936 667 954 717 931 765 949 790 933 913 951 946 936 994 951 1022 933 1185 946 1812 903 1812 868 1810 868 1472 850 1435 878 1185 858 1107 866 1082 888 929 866 886 888 830 876 770 896 611 898 611 903 611 936"/></Shape>
            <String CONTENT="ارابجبت بحاله كار من وضروا رانت حذارا يعلب كعدر"
                    HPOS="611"
                    VPOS="850"
                    WIDTH="1201"
                    HEIGHT="104"
                    ></String>
          </TextLine>
          <TextLine ID="eSc_line_e0267088"
                    TAGREFS="LT219"
                    BASELINE="615 991 1372 984 1812 966" 
                    HPOS="611"
                    VPOS="951"
                    WIDTH="1199"
                    HEIGHT="83">
            <Shape><Polygon POINTS="614 989 614 1029 1314 1034 1372 1014 1480 1029 1513 1009 1561 1027 1583 1009 1611 1022 1654 1004 1810 1001 1810 964 1807 964 1684 954 1644 969 1613 951 1520 971 1387 956 1311 976 1261 959 1243 976 1112 979 1047 961 1004 979 898 964 851 984 762 969 611 984 614 989"/></Shape>
            <String CONTENT="كلب ممر ك اس اوقب امنه ليتبو هووان والموتكور من عم"
                    HPOS="611"
                    VPOS="951"
                    WIDTH="1199"
                    HEIGHT="83"
                    ></String>
          </TextLine>
          <TextLine ID="eSc_line_350c6d1f"
                    TAGREFS="LT219"
                    BASELINE="510 927 582 1075 583 1077 1822 1062" 
                    HPOS="506"
                    VPOS="926"
                    WIDTH="1314"
                    HEIGHT="201">
            <Shape><Polygon POINTS="506 1095 569 1095 619 1125 715 1095 783 1125 1019 1125 1054 1107 1087 1122 1175 1110 1195 1127 1301 1102 1329 1127 1500 1127 1591 1100 1817 1097 1820 1059 1815 1054 1681 1042 1654 1022 1631 1037 1603 1017 1545 1057 1508 1029 1447 1064 1397 1039 1364 1059 1324 1027 1241 1067 1193 1047 1143 1064 1070 1064 1049 1047 1022 1059 992 1032 921 1052 866 1039 803 1064 762 1034 674 1064 606 1012 546 1012 508 926 506 1095"/></Shape>
            <String CONTENT="تعد والرياح فتمب وهي فاتن وانب دونا بل بمسى وافترا ايب"
                    HPOS="506"
                    VPOS="926"
                    WIDTH="1314"
                    HEIGHT="201"
                    ></String>
          </TextLine>
          <TextLine ID="eSc_line_82f4d506"
                    TAGREFS="LT219"
                    BASELINE="498 1160 1807 1160" 
                    HPOS="498"
                    VPOS="1135"
                    WIDTH="1309"
                    HEIGHT="75">
            <Shape><Polygon POINTS="498 1160 498 1195 624 1195 647 1210 710 1195 762 1210 1807 1198 1807 1160 1807 1158 1752 1140 1646 1158 1623 1137 1586 1153 1503 1135 1472 1158 1420 1135 1226 1135 1148 1158 1037 1155 1007 1137 951 1158 891 1135 805 1158 740 1137 699 1158 498 1158 498 1160"/></Shape>
            <String CONTENT="فالوهه وسعاه ومحله افرس بحسن واسر شازمه اا منعه مسب"
                    HPOS="498"
                    VPOS="1135"
                    WIDTH="1309"
                    HEIGHT="75"
                    ></String>
          </TextLine>
          <TextLine ID="eSc_line_fddd88be"
                    TAGREFS="LT219"
                    BASELINE="503 1238 1812 1248" 
                    HPOS="501"
                    VPOS="1213"
                    WIDTH="1311"
                    HEIGHT="88">
            <Shape><Polygon POINTS="501 1271 720 1276 737 1293 810 1276 843 1296 913 1271 969 1296 1198 1293 1268 1273 1301 1299 1435 1273 1470 1296 1500 1283 1568 1301 1621 1281 1699 1301 1734 1276 1810 1276 1812 1248 1807 1243 1488 1243 1397 1218 1347 1241 1246 1218 1223 1241 1185 1241 1158 1215 1032 1215 1014 1233 994 1218 941 1238 830 1213 767 1231 742 1213 664 1213 629 1236 506 1233 503 1238 501 1271"/></Shape>
            <String CONTENT="مداف لعوودف لا يلقبع قومه تماله اسد اختلها ورام اعمه"
                    HPOS="501"
                    VPOS="1213"
                    WIDTH="1311"
                    HEIGHT="88"
                    ></String>
          </TextLine>
          <TextLine ID="eSc_line_dbf639a1"
                    TAGREFS="LT219"
                    BASELINE="486 1278 565 1337 1825 1326" 
                    HPOS="485"
                    VPOS="1276"
                    WIDTH="1337"
                    HEIGHT="108">
            <Shape><Polygon POINTS="485 1359 563 1359 621 1384 986 1382 1037 1361 1206 1382 1243 1356 1284 1372 1435 1354 1533 1369 1588 1356 1611 1377 1679 1379 1714 1351 1744 1367 1820 1351 1822 1324 1810 1314 1634 1288 1493 1304 1437 1288 1409 1316 1286 1291 1258 1319 1175 1299 1107 1319 1070 1291 1029 1311 1002 1291 742 1321 727 1306 672 1314 649 1293 501 1293 485 1276 485 1359"/></Shape>
            <String CONTENT="ى قيل انه كارنيا دمه عا سرابه وما ل اخريه كرسهول ححاء بسم"
                    HPOS="485"
                    VPOS="1276"
                    WIDTH="1337"
                    HEIGHT="108"
                    ></String>
          </TextLine>
          <TextLine ID="eSc_line_4590737e"
                    TAGREFS="LT219"
                    BASELINE="526 1417 1817 1404" 
                    HPOS="526"
                    VPOS="1372"
                    WIDTH="1291"
                    HEIGHT="95">
            <Shape><Polygon POINTS="526 1457 616 1447 684 1467 805 1452 856 1465 883 1447 903 1465 1029 1465 1052 1442 1493 1460 1593 1437 1709 1440 1727 1455 1817 1437 1817 1404 1797 1397 1563 1372 1500 1389 1422 1374 1397 1399 1301 1374 1274 1394 1065 1377 1037 1394 903 1387 886 1404 599 1407 526 1417 526 1457"/></Shape>
            <String CONTENT="بعيده مواو الطرف لمر تبن طرفه خدار الغواش ياب وار ول سنر"
                    HPOS="526"
                    VPOS="1372"
                    WIDTH="1291"
                    HEIGHT="95"
                    ></String>
          </TextLine>
          <TextLine ID="eSc_line_e400433b"
                    TAGREFS="LT219"
                    BASELINE="551 1502 1820 1482" 
                    HPOS="551"
                    VPOS="1462"
                    WIDTH="1269"
                    HEIGHT="88">
            <Shape><Polygon POINTS="551 1550 596 1533 707 1548 835 1530 866 1545 1817 1515 1820 1482 1817 1477 1611 1467 1543 1482 1462 1462 1369 1485 1344 1467 1233 1465 1211 1485 1183 1465 1062 1467 1022 1492 926 1470 856 1495 795 1480 551 1497 551 1502 551 1550"/></Shape>
            <String CONTENT="هاومتبا لنفسوم لمب مورانه صحاط مسبودا وونعا النة يحم"
                    HPOS="551"
                    VPOS="1462"
                    WIDTH="1269"
                    HEIGHT="88"
                    ></String>
          </TextLine>
          <TextLine ID="eSc_line_5862aa9a"
                    TAGREFS="LT219"
                    BASELINE="551 1596 1815 1575" 
                    HPOS="551"
                    VPOS="1553"
                    WIDTH="1264"
                    HEIGHT="90">
            <Shape><Polygon POINTS="551 1643 710 1623 770 1643 873 1623 964 1643 994 1621 1042 1636 1065 1623 1082 1641 1430 1636 1500 1616 1535 1628 1553 1611 1671 1626 1815 1606 1815 1575 1810 1570 1563 1573 1495 1553 1477 1573 1450 1555 1359 1575 1339 1558 1223 1558 1178 1580 1100 1560 1057 1575 941 1568 926 1583 883 1563 843 1583 818 1568 579 1588 551 1596 551 1643"/></Shape>
            <String CONTENT="ولكن كسواسهك الباب اللنغ مكعن له في كبته ال حماد الاحبو"
                    HPOS="551"
                    VPOS="1553"
                    WIDTH="1264"
                    HEIGHT="90"
                    ></String>
          </TextLine>
          <TextLine ID="eSc_line_04722d0f"
                    TAGREFS="LT219"
                    BASELINE="513 1694 1810 1684" 
                    HPOS="513"
                    VPOS="1648"
                    WIDTH="1297"
                    HEIGHT="96">
            <Shape><Polygon POINTS="513 1729 626 1724 654 1744 720 1744 876 1721 906 1742 961 1742 992 1721 1158 1742 1316 1739 1362 1719 1404 1739 1432 1719 1528 1737 1563 1719 1702 1732 1807 1716 1810 1684 1795 1674 1744 1674 1699 1648 1613 1648 1593 1666 1498 1648 1435 1676 1379 1651 1336 1674 1311 1651 1253 1651 1198 1676 1168 1651 1127 1653 1102 1679 997 1679 936 1653 898 1679 851 1659 813 1681 599 1681 513 1694 513 1729"/></Shape>
            <String CONTENT="لحط الناس ا رمن نشر محرجوا فاستسفوا وتسرمعهم فمعر"
                    HPOS="513"
                    VPOS="1648"
                    WIDTH="1297"
                    HEIGHT="96"
                    ></String>
          </TextLine>
          <TextLine ID="eSc_line_5eb29926"
                    TAGREFS="LT219"
                    BASELINE="1165 1779 1812 1774" 
                    HPOS="1165"
                    VPOS="1752"
                    WIDTH="647"
                    HEIGHT="73">
            <Shape><Polygon POINTS="1165 1807 1268 1825 1334 1825 1362 1805 1480 1822 1641 1807 1684 1822 1810 1802 1812 1774 1807 1769 1639 1769 1591 1752 1566 1769 1379 1754 1339 1772 1301 1754 1281 1772 1183 1772 1165 1779 1165 1807"/></Shape>
            <String CONTENT="كمعا لييسع امه راسن لمبامفى"
                    HPOS="1165"
                    VPOS="1752"
                    WIDTH="647"
                    HEIGHT="73"
                    ></String>
          </TextLine>
          <TextLine ID="eSc_line_cf7f6c0c"
                    TAGREFS="LT219"
                    BASELINE="704 1873 1812 1860" 
                    HPOS="704"
                    VPOS="1832"
                    WIDTH="1108"
                    HEIGHT="86">
            <Shape><Polygon POINTS="704 1900 767 1918 798 1903 840 1918 863 1900 903 1915 926 1895 946 1910 1057 1895 1087 1915 1168 1900 1347 1913 1427 1890 1447 1910 1525 1895 1588 1910 1810 1888 1812 1860 1810 1855 1699 1852 1661 1832 1596 1850 1437 1832 1399 1855 1367 1832 1228 1840 1195 1862 1130 1865 1095 1840 1052 1865 704 1867 704 1873 704 1900"/></Shape>
            <String CONTENT="رم الركن يبسر واستتحاما له عومه وامتسعان البىب"
                    HPOS="704"
                    VPOS="1832"
                    WIDTH="1108"
                    HEIGHT="86"
                    ></String>
          </TextLine>
          <TextLine ID="eSc_line_24bbf890"
                    TAGREFS="LT219"
                    BASELINE="704 1956 1817 1961" 
                    HPOS="702"
                    VPOS="1923"
                    WIDTH="1115"
                    HEIGHT="85">
            <Shape><Polygon POINTS="702 1981 767 1983 790 2006 1075 1983 1100 2001 1170 1988 1198 2006 1238 1988 1271 2008 1815 1986 1817 1961 1785 1953 1568 1938 1545 1953 1377 1953 1344 1925 1311 1948 1258 1923 1112 1951 1082 1930 1062 1943 1034 1925 893 1923 866 1951 820 1951 777 1923 750 1951 707 1951 704 1956 702 1981"/></Shape>
            <String CONTENT="وفار وبمالسو سبوم تجعت اعاسن مة محى ابانا"
                    HPOS="702"
                    VPOS="1923"
                    WIDTH="1115"
                    HEIGHT="85"
                    ></String>
          </TextLine>
          <TextLine ID="eSc_line_90298ca0"
                    TAGREFS="LT219"
                    BASELINE="699 2054 1815 2039" 
                    HPOS="699"
                    VPOS="2019"
                    WIDTH="1116"
                    HEIGHT="85">
            <Shape><Polygon POINTS="699 2089 823 2104 896 2084 961 2084 979 2102 1042 2084 1070 2099 1223 2084 1392 2097 1520 2076 1626 2094 1812 2074 1815 2039 1812 2034 1757 2019 1649 2036 1578 2021 1553 2039 1488 2019 1357 2036 1251 2021 1195 2044 1100 2024 1044 2046 886 2034 873 2049 717 2049 699 2054 699 2089"/></Shape>
            <String CONTENT="اخريع جهه لبسنها ومر محام سنما بعرمه ااصبا"
                    HPOS="699"
                    VPOS="2019"
                    WIDTH="1116"
                    HEIGHT="85"
                    ></String>
          </TextLine>
          <TextLine ID="eSc_line_1ee95767"
                    TAGREFS="LT219"
                    BASELINE="488 2139 1817 2127" 
                    HPOS="488"
                    VPOS="2109"
                    WIDTH="1329"
                    HEIGHT="83">
            <Shape><Polygon POINTS="488 2180 757 2170 785 2192 845 2177 989 2192 1274 2170 1339 2187 1409 2167 1493 2182 1550 2160 1606 2177 1815 2160 1817 2127 1815 2122 1656 2124 1621 2109 1528 2127 1470 2109 1404 2127 1301 2109 1233 2129 1067 2112 893 2132 767 2117 727 2134 488 2134 488 2139 488 2180"/></Shape>
            <String CONTENT="موالبتوسبوا فه رعدلح اسمسع مال كوفه وهم طة الصماله"
                    HPOS="488"
                    VPOS="2109"
                    WIDTH="1329"
                    HEIGHT="83"
                    ></String>
          </TextLine>
          <TextLine ID="eSc_line_b2c47bf8"
                    TAGREFS="LT219"
                    BASELINE="480 2235 1341 2225 1830 2205" 
                    HPOS="480"
                    VPOS="2182"
                    WIDTH="1350"
                    HEIGHT="103">
            <Shape><Polygon POINTS="480 2265 566 2278 621 2263 702 2285 752 2260 873 2283 934 2258 1012 2280 1830 2240 1830 2205 1827 2200 1714 2187 1659 2202 1618 2182 1548 2182 1482 2207 1414 2185 1382 2210 1354 2192 1238 2212 1153 2190 1130 2215 949 2217 881 2195 717 2200 692 2222 498 2220 480 2235 480 2265"/></Shape>
            <String CONTENT="بعا الة هراياسوا فه والهدا وا مومع مدرت باله بحالور وحبهما"
                    HPOS="480"
                    VPOS="2182"
                    WIDTH="1350"
                    HEIGHT="103"
                    ></String>
          </TextLine>
          <TextLine ID="eSc_line_2739edd7"
                    TAGREFS="LT219"
                    BASELINE="475 2330 1256 2316 1827 2288" 
                    HPOS="473"
                    VPOS="2265"
                    WIDTH="1352"
                    HEIGHT="116">
            <Shape><Polygon POINTS="473 2358 538 2381 679 2353 813 2374 840 2358 951 2368 986 2346 1085 2363 1117 2348 1153 2363 1409 2356 1518 2331 1545 2348 1583 2328 1616 2341 1825 2321 1825 2285 1822 2285 1664 2265 1588 2268 1540 2293 1493 2270 1442 2295 1372 2283 1296 2300 1276 2280 1256 2300 1125 2306 1087 2283 1047 2308 971 2311 944 2288 896 2288 835 2290 808 2316 755 2298 717 2318 480 2323 473 2328 473 2358"/></Shape>
            <String CONTENT="ج اللصطووان وررنسر ت سراب وزا البص لما وم مها سبب"
                    HPOS="473"
                    VPOS="2265"
                    WIDTH="1352"
                    HEIGHT="116"
                    ></String>
          </TextLine>
          <TextLine ID="eSc_line_64561784"
                    TAGREFS="LT219"
                    BASELINE="483 2419 1238 2406 1817 2379" 
                    HPOS="483"
                    VPOS="2366"
                    WIDTH="1334"
                    HEIGHT="98">
            <Shape><Polygon POINTS="483 2447 579 2464 662 2441 694 2462 735 2441 777 2454 845 2436 929 2459 1062 2441 1422 2444 1452 2424 1510 2439 1543 2419 1722 2431 1747 2411 1817 2411 1817 2379 1815 2379 1561 2368 1545 2386 1490 2386 1460 2366 1347 2391 1200 2374 1158 2396 1105 2376 483 2414 483 2419 483 2447"/></Shape>
            <String CONTENT="سلم من لمعار ممن اكارودورم اخ كلاكان معلى النا سق امه ل يصرح"
                    HPOS="483"
                    VPOS="2366"
                    WIDTH="1334"
                    HEIGHT="98"
                    ></String>
          </TextLine>
          <TextLine ID="eSc_line_f1216e80"
                    TAGREFS="LT219"
                    BASELINE="430 2305 454 2492 1223 2489 1826 2465" 
                    HPOS="422"
                    VPOS="2303"
                    WIDTH="1403"
                    HEIGHT="239">
            <Shape><Polygon POINTS="422 2489 485 2527 624 2497 667 2530 830 2535 1268 2525 1319 2542 1430 2509 1576 2530 1591 2514 1649 2530 1822 2517 1825 2464 1822 2462 1722 2467 1702 2441 1659 2441 1618 2462 1586 2439 1485 2457 1457 2436 1354 2484 1289 2457 1243 2479 1175 2444 1092 2477 1002 2474 984 2457 840 2474 818 2459 770 2472 740 2441 689 2469 654 2436 584 2467 528 2424 438 2416 428 2303 422 2489"/></Shape>
            <String CONTENT="سواب مابر ال اندعمين له حتى لات وفان يقول فعال واحمص سع"
                    HPOS="422"
                    VPOS="2303"
                    WIDTH="1403"
                    HEIGHT="239"
                    ></String>
          </TextLine>
          <TextLine ID="eSc_line_613cbaba"
                    TAGREFS="LT219"
                    BASELINE="611 2585 1299 2580 1861 2557 1858 2395" 
                    HPOS="606"
                    VPOS="2394"
                    WIDTH="1257"
                    HEIGHT="254">
            <Shape><Polygon POINTS="609 2582 609 2633 745 2628 803 2648 845 2623 893 2638 994 2613 1180 2633 1211 2613 1241 2628 1414 2620 1442 2598 1555 2613 1583 2587 1613 2605 1636 2587 1812 2590 1863 2567 1855 2394 1860 2504 1775 2502 1712 2535 1646 2537 1621 2514 1598 2540 1540 2542 1482 2517 1430 2550 1362 2552 1336 2535 1276 2555 1243 2530 1140 2562 1075 2540 1042 2570 966 2552 906 2577 876 2552 858 2570 825 2552 629 2562 606 2577 609 2582"/></Shape>
            <String CONTENT="عاذ ا مت ما جبر البرية لم نجو اخاكر فعن بحبا ميل خناها"
                    HPOS="606"
                    VPOS="2394"
                    WIDTH="1257"
                    HEIGHT="254"
                    ></String>
          </TextLine>
          <TextLine ID="eSc_line_85b105c9"
                    TAGREFS="LT219"
                    BASELINE="594 2660 1190 2671 1832 2640" 
                    HPOS="594"
                    VPOS="2615"
                    WIDTH="1238"
                    HEIGHT="111">
            <Shape><Polygon POINTS="594 2706 674 2703 747 2723 810 2698 861 2723 946 2711 1027 2726 1138 2723 1170 2701 1311 2721 1354 2703 1392 2716 1420 2696 1500 2706 1603 2683 1676 2708 1724 2683 1832 2681 1832 2640 1830 2638 1749 2625 1696 2640 1669 2618 1601 2615 1420 2620 1389 2645 1228 2648 1193 2625 1072 2628 994 2653 921 2628 876 2645 835 2635 813 2655 783 2640 765 2655 596 2655 594 2660 594 2706"/></Shape>
            <String CONTENT="لواسببك فى الصراوالبسر جهمعا ذا لا تخع عيه الحفاط مواسب"
                    HPOS="594"
                    VPOS="2615"
                    WIDTH="1238"
                    HEIGHT="111"
                    ></String>
          </TextLine>
        </TextBlock>
        <TextBlock HPOS="2279"
                   VPOS="2743"
                   WIDTH="193"
                   HEIGHT="161"
                   ID="eSc_textblock_71778f94"
                   TAGREFS="BT1062">
          <Shape><Polygon POINTS="2470 2743 2472 2857 2312 2904 2279 2796 2364 2749"/></Shape>
          <TextLine ID="eSc_line_50211178"
                    TAGREFS="LT219"
                    BASELINE="2361 2812 2437 2807" 
                    HPOS="2356"
                    VPOS="2751"
                    WIDTH="81"
                    HEIGHT="96">
            <Shape><Polygon POINTS="2417 2751 2356 2754 2361 2812 2361 2847 2437 2824 2437 2807 2432 2754 2417 2751"/></Shape>
            <String CONTENT="رام"
                    HPOS="2356"
                    VPOS="2751"
                    WIDTH="81"
                    HEIGHT="96"
                    ></String>
          </TextLine>
        </TextBlock>
      </PrintSpace>
    </Page>
  </Layout>
</alto>
