<?xml version="1.0" encoding="UTF-8"?>
<alto xmlns:xsi="http://www.w3.org/2001/XMLSchema-instance"
      xmlns="http://www.loc.gov/standards/alto/ns-v4#"
      xsi:schemaLocation="http://www.loc.gov/standards/alto/ns-v4# http://www.loc.gov/standards/alto/v4/alto-4-2.xsd">
  <Description>
    <MeasurementUnit>pixel</MeasurementUnit>
    <sourceImageInformation>
      <fileName>Muqaffa-or14533-3.pdf_page_74.png</fileName>
      <fileIdentifier>pdf//Muqaffa-or14533-3.pdf</fileIdentifier>
    </sourceImageInformation>
  </Description>
  <Tags>
    <OtherTag ID="BT1094" LABEL="text" DESCRIPTION="block type text"/><OtherTag ID="BT1066" LABEL="Chancery_Material" DESCRIPTION="block type Chancery_Material"/><OtherTag ID="BT1065" LABEL="Flyleaf" DESCRIPTION="block type Flyleaf"/><OtherTag ID="BT1064" LABEL="default" DESCRIPTION="block type default"/><OtherTag ID="BT1063" LABEL="Marginal_Material" DESCRIPTION="block type Marginal_Material"/><OtherTag ID="BT1062" LABEL="Catchword" DESCRIPTION="block type Catchword"/><OtherTag ID="BT4" LABEL="Illustration" DESCRIPTION="block type Illustration"/><OtherTag ID="BT3" LABEL="Commentary" DESCRIPTION="block type Commentary"/><OtherTag ID="BT2" LABEL="Main" DESCRIPTION="block type Main"/><OtherTag ID="BT1" LABEL="Title" DESCRIPTION="block type Title"/>
    <OtherTag ID="LT1" LABEL="Main" DESCRIPTION="line type Main"/><OtherTag ID="LT219" LABEL="default" DESCRIPTION="line type default"/><OtherTag ID="LT220" LABEL="Main-90" DESCRIPTION="line type Main-90"/><OtherTag ID="LT221" LABEL="Main-180" DESCRIPTION="line type Main-180"/><OtherTag ID="LT222" LABEL="Main-270" DESCRIPTION="line type Main-270"/>
  </Tags>
  <Layout>
    <Page WIDTH="3992"
          HEIGHT="3021"
          PHYSICAL_IMG_NR="270"
          ID="eSc_dummypage_">
      <PrintSpace HPOS="0"
                  VPOS="0"
                  WIDTH="3992"
                  HEIGHT="3021">
        <TextBlock HPOS="2062"
                   VPOS="251"
                   WIDTH="1466"
                   HEIGHT="1438"
                   ID="eSc_textblock_1b5733bf"
                   TAGREFS="BT2">
          <Shape><Polygon POINTS="3306 271 3528 332 3528 1367 3478 1689 2062 1689 2139 1060 2096 551 2092 460 2113 302 2228 251"/></Shape>
          <TextLine ID="eSc_line_8402bf5c"
                    TAGREFS="LT1"
                    BASELINE="2166 362 3498 377" 
                    HPOS="2163"
                    VPOS="281"
                    WIDTH="1335"
                    HEIGHT="144">
            <Shape><Polygon POINTS="3488 319 3453 327 3420 302 3417 302 3400 319 3359 307 3291 327 3118 312 3055 324 3029 307 3004 322 2873 322 2805 297 2783 319 2697 319 2594 286 2470 302 2166 281 2166 362 2163 392 2281 412 2380 395 2430 412 2619 402 2750 417 2803 400 2858 420 2926 402 3080 422 3118 407 3155 422 3266 407 3317 425 3495 407 3498 377 3498 324 3488 319"/></Shape>
            <String CONTENT="المحديد اخفر بلن الحوكيد ارفعال لير احدفم لا هو شعار الشوم فنع ال"
                    HPOS="2163"
                    VPOS="281"
                    WIDTH="1335"
                    HEIGHT="144"
                    ></String>
          </TextLine>
          <TextLine ID="eSc_line_8ee2f1bf"
                    TAGREFS="LT1"
                    BASELINE="2160 453 3495 463" 
                    HPOS="2158"
                    VPOS="425"
                    WIDTH="1337"
                    HEIGHT="86">
            <Shape><Polygon POINTS="2158 485 2500 506 2805 490 2868 508 3118 493 3181 511 3374 495 3397 511 3493 495 3495 463 3478 455 3332 435 3289 455 3256 440 3183 455 3150 427 3105 427 3085 448 3060 427 2823 440 2785 425 2735 425 2697 450 2606 450 2566 425 2425 448 2163 448 2160 453 2158 485"/></Shape>
            <String CONTENT="السبلطار عنه وامر تفمل الجميع رععا عنه وتعاطا ع سر حوكبهام"
                    HPOS="2158"
                    VPOS="425"
                    WIDTH="1337"
                    HEIGHT="86"
                    ></String>
          </TextLine>
          <TextLine ID="eSc_line_d0135c2a"
                    TAGREFS="LT1"
                    BASELINE="2171 533 3490 546" 
                    HPOS="2168"
                    VPOS="513"
                    WIDTH="1322"
                    HEIGHT="86">
            <Shape><Polygon POINTS="2171 533 2168 566 2342 589 2397 568 2642 571 2732 594 2931 594 2964 579 2984 596 3017 581 3201 596 3296 579 3319 599 3407 599 3488 579 3490 546 3488 541 3286 541 3266 526 3188 538 3160 518 3105 538 2997 538 2956 516 2926 533 2883 516 2747 528 2697 513 2553 513 2528 533 2427 516 2395 531 2171 528 2171 533"/></Shape>
            <String CONTENT="اوم اجمعه سابع حم لهم ابدولي سنه ته عقه اسنه عاه من"
                    HPOS="2168"
                    VPOS="513"
                    WIDTH="1322"
                    HEIGHT="86"
                    ></String>
          </TextLine>
          <TextLine ID="eSc_line_27354387"
                    TAGREFS="LT1"
                    BASELINE="2106 621 3495 626" 
                    HPOS="2103"
                    VPOS="589"
                    WIDTH="1390"
                    HEIGHT="88">
            <Shape><Polygon POINTS="2103 654 2218 674 2364 657 2402 674 2430 659 2516 674 2586 657 2604 674 2800 677 2926 659 3181 674 3201 659 3218 677 3359 677 3387 659 3437 677 3490 659 3493 624 3468 614 3387 599 3309 611 3249 591 3198 614 3178 594 3123 591 3085 614 3012 614 2944 591 2901 614 2805 614 2785 591 2760 604 2631 589 2561 609 2536 589 2463 589 2407 611 2385 589 2334 589 2276 609 2128 611 2105 619 2103 654"/></Shape>
            <String CONTENT="اليه قيض عليه وبحا حهم الكفر وعل أبدغه الغماى ومنكويمر الطبا"
                    HPOS="2103"
                    VPOS="589"
                    WIDTH="1390"
                    HEIGHT="88"
                    ></String>
          </TextLine>
          <TextLine ID="eSc_line_2b21a88c"
                    TAGREFS="LT1"
                    BASELINE="2141 717 3490 717" 
                    HPOS="2140"
                    VPOS="689"
                    WIDTH="1348"
                    HEIGHT="73">
            <Shape><Polygon POINTS="2140 714 2140 747 2828 762 2883 745 3042 745 3062 762 3107 747 3138 762 3334 762 3354 745 3488 745 3488 714 3488 712 3317 712 3269 694 3213 709 3188 689 3165 712 3120 712 3095 689 2868 689 2830 712 2788 697 2760 712 2712 689 2594 689 2506 712 2344 697 2324 712 2140 712 2140 714"/></Shape>
            <String CONTENT="وعموا وقوض بياله السبلطنة بعده الاام بر سن له وازاكر"
                    HPOS="2140"
                    VPOS="689"
                    WIDTH="1348"
                    HEIGHT="73"
                    ></String>
          </TextLine>
          <TextLine ID="eSc_line_ada4995e"
                    TAGREFS="LT1"
                    BASELINE="2141 793 2629 808 3488 803" 
                    HPOS="2138"
                    VPOS="772"
                    WIDTH="1347"
                    HEIGHT="86">
            <Shape><Polygon POINTS="2138 835 2183 855 2264 835 2329 855 2380 835 2412 855 2674 858 2725 838 2770 858 2873 840 2939 858 2961 838 3009 858 3150 838 3216 855 3483 838 3485 800 3483 795 2853 775 2823 795 2677 795 2634 772 2589 793 2455 772 2140 790 2138 835"/></Shape>
            <String CONTENT="المصورك وحما مكتزال وسكندرمه مسحف بها بم فعل لاا اكرمفومل"
                    HPOS="2138"
                    VPOS="772"
                    WIDTH="1347"
                    HEIGHT="86"
                    ></String>
          </TextLine>
          <TextLine ID="eSc_line_7f9fa196"
                    TAGREFS="LT1"
                    BASELINE="2141 912 3485 896" 
                    HPOS="2140"
                    VPOS="868"
                    WIDTH="1343"
                    HEIGHT="91">
            <Shape><Polygon POINTS="2140 941 2296 959 2367 939 2443 956 2468 936 2672 951 2715 936 2747 949 2767 931 2823 949 2848 931 2878 951 2924 928 2946 946 3097 949 3145 926 3178 946 3289 946 3480 923 3483 893 3480 888 3332 891 3304 876 3286 893 3223 893 3201 871 3097 868 3055 888 3034 871 2903 871 2798 873 2772 898 2699 886 2684 901 2594 901 2576 886 2518 903 2140 906 2140 911 2140 941"/></Shape>
            <String CONTENT="مسحوا بي سحلهالاموا ال ن قيل فى سنه سف بحر وسبع"
                    HPOS="2140"
                    VPOS="868"
                    WIDTH="1343"
                    HEIGHT="91"
                    ></String>
          </TextLine>
          <TextLine ID="eSc_line_2edf2d7e"
                    TAGREFS="LT1"
                    BASELINE="2126 969 2210 943" 
                    HPOS="2125"
                    VPOS="931"
                    WIDTH="83"
                    HEIGHT="53">
            <Shape><Polygon POINTS="2130 984 2208 949 2208 941 2206 936 2168 931 2125 961 2125 966 2130 984"/></Shape>
            <String CONTENT="دس"
                    HPOS="2125"
                    VPOS="931"
                    WIDTH="83"
                    HEIGHT="53"
                    ></String>
          </TextLine>
          <TextLine ID="eSc_line_bc3f4754"
                    TAGREFS="LT1"
                    BASELINE="2132 997 3485 991" 
                    HPOS="2130"
                    VPOS="951"
                    WIDTH="1353"
                    HEIGHT="88">
            <Shape><Polygon POINTS="2130 1024 2228 1022 2254 1039 2332 1022 2354 1039 2553 1024 2626 1037 2647 1019 2715 1037 2815 1019 2984 1019 3012 1037 3042 1017 3102 1034 3181 1017 3241 1034 3480 1027 3483 989 3473 981 3397 961 3377 981 3314 981 3286 959 3065 951 3047 966 2840 954 2780 984 2737 966 2682 984 2644 954 2606 974 2508 966 2465 986 2198 986 2130 996 2130 1024"/></Shape>
            <String CONTENT="فن خبراسا كنا كسر المسالة وسر سبعك جم أدر وذ بعيع بارمصا"
                    HPOS="2130"
                    VPOS="951"
                    WIDTH="1353"
                    HEIGHT="88"
                    ></String>
          </TextLine>
          <TextLine ID="eSc_line_b324d55f"
                    TAGREFS="LT1"
                    BASELINE="2130 1080 3480 1074" 
                    HPOS="2130"
                    VPOS="1047"
                    WIDTH="1350"
                    HEIGHT="85">
            <Shape><Polygon POINTS="2130 1132 2188 1112 2254 1112 2271 1130 2405 1130 2422 1112 2513 1112 2531 1130 2584 1115 2803 1130 2830 1115 2883 1127 2901 1110 2949 1127 3034 1110 3450 1127 3478 1110 3480 1074 3478 1069 3243 1072 3211 1054 3087 1072 3062 1047 3019 1069 2997 1047 2959 1067 2914 1047 2863 1062 2803 1047 2745 1074 2712 1049 2667 1069 2644 1049 2571 1049 2508 1074 2438 1057 2420 1072 2130 1074 2130 1080 2130 1132"/></Shape>
            <String CONTENT="بل يعاهبب بالضرميه المولم ويقول اي رمن ليت مكرهداي سخ"
                    HPOS="2130"
                    VPOS="1047"
                    WIDTH="1350"
                    HEIGHT="85"
                    ></String>
          </TextLine>
          <TextLine ID="eSc_line_433594d7"
                    TAGREFS="LT1"
                    BASELINE="2128 1160 3485 1168" 
                    HPOS="2125"
                    VPOS="1132"
                    WIDTH="1360"
                    HEIGHT="83">
            <Shape><Polygon POINTS="2128 1160 2125 1185 2231 1210 2364 1190 2385 1210 2422 1188 2503 1188 2528 1208 2604 1190 2669 1213 2785 1193 2805 1213 2856 1198 2906 1210 2939 1190 2992 1190 3009 1208 3029 1195 3047 1215 3130 1198 3216 1208 3236 1193 3309 1215 3483 1203 3485 1168 3483 1163 3186 1163 3118 1140 3067 1163 3039 1137 2982 1160 2951 1135 2712 1135 2662 1158 2639 1135 2604 1135 2568 1155 2536 1132 2485 1132 2460 1155 2128 1155 2128 1160"/></Shape>
            <String CONTENT="هلت العسا د امام ببايته وكان كببا بجر والضدفات وف بعوم"
                    HPOS="2125"
                    VPOS="1132"
                    WIDTH="1360"
                    HEIGHT="83"
                    ></String>
          </TextLine>
          <TextLine ID="eSc_line_8a5e9ea3"
                    TAGREFS="LT1"
                    BASELINE="2118 1243 3485 1251" 
                    HPOS="2115"
                    VPOS="1213"
                    WIDTH="1370"
                    HEIGHT="91">
            <Shape><Polygon POINTS="2115 1288 2276 1299 2302 1278 2329 1299 2387 1281 2410 1299 2511 1299 2536 1278 2644 1293 2732 1281 2760 1299 2853 1301 2982 1281 3032 1304 3198 1286 3233 1304 3281 1286 3374 1299 3483 1283 3485 1251 3445 1238 3271 1215 3175 1238 3133 1215 3082 1238 3029 1213 2924 1228 2760 1213 2725 1236 2662 1213 2579 1213 2548 1233 2208 1233 2118 1243 2115 1288"/></Shape>
            <String CONTENT="ححفه ولا معل فيها من ابواع الجر واخرى لمامر عن سابلر الحلول عليه"
                    HPOS="2115"
                    VPOS="1213"
                    WIDTH="1370"
                    HEIGHT="91"
                    ></String>
          </TextLine>
          <TextLine ID="eSc_line_de244cc2"
                    TAGREFS="LT1"
                    BASELINE="2118 1341 3503 1346" 
                    HPOS="2115"
                    VPOS="1309"
                    WIDTH="1388"
                    HEIGHT="85">
            <Shape><Polygon POINTS="2115 1372 2160 1392 2422 1389 2440 1374 2553 1392 2624 1374 2815 1394 2840 1377 2961 1394 3022 1377 3085 1394 3123 1377 3158 1394 3228 1377 3246 1394 3500 1377 3503 1346 3432 1336 3173 1334 3120 1314 3092 1334 3062 1311 2931 1311 2906 1336 2856 1336 2808 1309 2727 1329 2699 1309 2541 1326 2498 1309 2435 1331 2284 1309 2266 1326 2218 1311 2120 1334 2118 1341 2115 1372"/></Shape>
            <String CONTENT="السلام وابعق حلعها الربعااف وببار ولما فرع من وقدم له اوراف"
                    HPOS="2115"
                    VPOS="1309"
                    WIDTH="1388"
                    HEIGHT="85"
                    ></String>
          </TextLine>
          <TextLine ID="eSc_line_5368c0e2"
                    TAGREFS="LT1"
                    BASELINE="2173 1434 3483 1434" 
                    HPOS="2173"
                    VPOS="1409"
                    WIDTH="1310"
                    HEIGHT="76">
            <Shape><Polygon POINTS="2173 1434 2173 1465 2352 1467 2377 1485 2392 1470 2571 1485 2619 1465 2689 1485 2788 1485 2833 1465 2856 1482 2878 1465 2939 1485 2964 1465 3027 1482 3085 1465 3130 1485 3249 1485 3266 1467 3291 1485 3405 1485 3483 1465 3483 1434 3483 1429 3301 1432 3281 1417 3243 1432 3216 1412 3181 1427 3138 1409 3100 1432 3042 1414 3007 1429 2959 1409 2735 1409 2669 1429 2636 1409 2611 1432 2543 1432 2526 1414 2478 1432 2410 1417 2387 1432 2173 1432 2173 1434"/></Shape>
            <String CONTENT="مصر برمها كمر معراها وحسلها كلها وفال من خو نما عمه بعه نفع"
                    HPOS="2173"
                    VPOS="1409"
                    WIDTH="1310"
                    HEIGHT="76"
                    ></String>
          </TextLine>
          <TextLine ID="eSc_line_3481c4ec"
                    TAGREFS="LT1"
                    BASELINE="2110 1497 2533 1520 3475 1528" 
                    HPOS="2108"
                    VPOS="1482"
                    WIDTH="1367"
                    HEIGHT="106">
            <Shape><Polygon POINTS="2108 1545 2352 1573 2468 1550 2523 1575 2642 1573 2674 1555 2767 1578 2803 1555 2863 1580 2956 1580 2992 1558 3110 1583 3165 1565 3191 1586 3344 1565 3390 1588 3420 1565 3473 1565 3475 1528 3463 1518 3412 1497 3311 1518 3251 1495 3060 1513 3034 1492 2886 1510 2828 1487 2795 1507 2667 1485 2621 1505 2591 1485 2538 1505 2506 1482 2155 1492 2110 1497 2108 1545"/></Shape>
            <String CONTENT="محليبه وعط النقع بهله العي ووركان هد الجلدا معطنسا ساع فير شره"
                    HPOS="2108"
                    VPOS="1482"
                    WIDTH="1367"
                    HEIGHT="106"
                    ></String>
          </TextLine>
          <TextLine ID="eSc_line_ca7ec686"
                    TAGREFS="LT1"
                    BASELINE="2138 1618 3468 1628" 
                    HPOS="2135"
                    VPOS="1598"
                    WIDTH="1333"
                    HEIGHT="93">
            <Shape><Polygon POINTS="2138 1618 2135 1661 2286 1686 2473 1689 2538 1664 2624 1689 2805 1691 2838 1669 2883 1691 2976 1666 3105 1691 3203 1671 3465 1671 3468 1628 3465 1623 3314 1623 3286 1608 3249 1623 3223 1606 3138 1621 3113 1601 2858 1613 2803 1598 2737 1598 2702 1618 2611 1598 2584 1618 2495 1598 2430 1616 2354 1601 2317 1616 2138 1613 2138 1618"/></Shape>
            <String CONTENT="بمصف درهم ورما بلغت اب درهم موسع اله بمل بدمه ووال لك"
                    HPOS="2135"
                    VPOS="1598"
                    WIDTH="1333"
                    HEIGHT="93"
                    ></String>
          </TextLine>
        </TextBlock>
        <TextBlock HPOS="2013"
                   VPOS="567"
                   WIDTH="115"
                   HEIGHT="559"
                   ID="eSc_textblock_7846ef79"
                   TAGREFS="BT1063">
          <Shape><Polygon POINTS="2013 567 2013 1126 2128 1126 2128 567"/></Shape>
          <TextLine ID="eSc_line_98163f2f"
                    TAGREFS="LT220"
                    BASELINE="2076 585 2084 1065" 
                    HPOS="2009"
                    VPOS="584"
                    WIDTH="111"
                    HEIGHT="480">
            <Shape><Polygon POINTS="2027 584 2032 652 2009 704 2032 782 2012 881 2037 966 2014 999 2017 1064 2082 1064 2103 1062 2100 971 2120 928 2098 886 2118 775 2098 740 2115 702 2095 586 2075 584 2027 584"/></Shape>
            <String CONTENT=" يسلغ فوه الف ضريع"
                    HPOS="2009"
                    VPOS="584"
                    WIDTH="111"
                    HEIGHT="480"
                    ></String>
          </TextLine>
        </TextBlock>
        <TextBlock HPOS="852"
                   VPOS="254"
                   WIDTH="1030"
                   HEIGHT="178"
                   ID="eSc_textblock_5068f5c0"
                   TAGREFS="BT2">
          <Shape><Polygon POINTS="1882 254 1829 418 852 432 906 294"/></Shape>
          <TextLine ID="eSc_line_52b770a3"
                    TAGREFS="LT1"
                    BASELINE="899 365 1842 352" 
                    HPOS="896"
                    VPOS="269"
                    WIDTH="945"
                    HEIGHT="156">
            <Shape><Polygon POINTS="896 312 896 362 896 425 1065 402 1093 422 1271 425 1327 397 1355 422 1412 422 1485 392 1684 390 1737 410 1841 390 1841 349 1750 269 1606 284 1569 271 1503 294 1460 274 1430 302 1352 297 1269 319 1017 319 972 294 936 319 901 309 896 312"/></Shape>
            <String CONTENT="ودارت الجيوش عليه "
                    HPOS="896"
                    VPOS="269"
                    WIDTH="945"
                    HEIGHT="156"
                    ></String>
          </TextLine>
        </TextBlock>
        <TextBlock HPOS="413"
                   VPOS="1540"
                   WIDTH="1486"
                   HEIGHT="1206"
                   ID="eSc_textblock_d6c85eb0"
                   TAGREFS="BT2">
          <Shape><Polygon POINTS="1868 1550 1899 2243 1838 2706 1707 2746 443 2726 413 1691 463 1550 579 1540"/></Shape>
          <TextLine ID="eSc_line_a51ae697"
                    TAGREFS="LT1"
                    BASELINE="468 1626 1818 1603" 
                    HPOS="468"
                    VPOS="1548"
                    WIDTH="1350"
                    HEIGHT="123">
            <Shape><Polygon POINTS="468 1671 503 1653 521 1669 654 1651 745 1666 773 1648 906 1664 1009 1643 1055 1661 1075 1641 1269 1656 1289 1638 1367 1636 1425 1653 1523 1633 1556 1651 1664 1651 1707 1631 1755 1643 1818 1628 1818 1603 1815 1548 1213 1573 1065 1560 1050 1575 916 1553 901 1568 589 1558 468 1626 468 1671"/></Shape>
            <String CONTENT="وخرج من الفازة إلى بساط جلس
"
                    HPOS="468"
                    VPOS="1548"
                    WIDTH="1350"
                    HEIGHT="123"
                    ></String>
          </TextLine>
          <TextLine ID="eSc_line_e162984a"
                    TAGREFS="LT1"
                    BASELINE="453 1709 1810 1691" 
                    HPOS="453"
                    VPOS="1664"
                    WIDTH="1357"
                    HEIGHT="88">
            <Shape><Polygon POINTS="453 1742 773 1752 989 1734 1032 1749 1113 1732 1201 1747 1229 1729 1249 1744 1334 1729 1589 1742 1808 1724 1810 1691 1805 1686 1639 1686 1551 1666 1511 1689 1420 1664 1387 1691 1344 1666 1181 1689 1133 1669 1032 1669 964 1696 906 1671 871 1696 768 1681 715 1699 486 1701 453 1709 453 1742"/></Shape>
            <String CONTENT="الدتن ولباين فممان وابد عر شغبر الحسابي وبلانه الاف فا"
                    HPOS="453"
                    VPOS="1664"
                    WIDTH="1357"
                    HEIGHT="88"
                    ></String>
          </TextLine>
          <TextLine ID="eSc_line_1872895f"
                    TAGREFS="LT1"
                    BASELINE="433 1794 1793 1784" 
                    HPOS="433"
                    VPOS="1749"
                    WIDTH="1360"
                    HEIGHT="98">
            <Shape><Polygon POINTS="433 1825 559 1847 586 1827 710 1825 770 1847 843 1830 878 1845 1181 1842 1264 1820 1347 1842 1410 1842 1433 1820 1541 1840 1571 1817 1652 1837 1679 1820 1793 1815 1793 1784 1788 1779 1652 1779 1594 1759 1541 1779 1450 1749 1171 1752 1130 1782 1080 1759 1022 1784 969 1754 896 1784 836 1784 805 1762 685 1787 465 1787 433 1794 433 1825"/></Shape>
            <String CONTENT="مدذ الامر بدر الدبن بلعاش المخربن ام سلاح صبال اهد ممعيس"
                    HPOS="433"
                    VPOS="1749"
                    WIDTH="1360"
                    HEIGHT="98"
                    ></String>
          </TextLine>
          <TextLine ID="eSc_line_7e4c428a"
                    TAGREFS="LT1"
                    BASELINE="445 1895 1795 1878" 
                    HPOS="445"
                    VPOS="1860"
                    WIDTH="1350"
                    HEIGHT="83">
            <Shape><Polygon POINTS="445 1925 491 1943 549 1925 967 1938 1025 1918 1088 1935 1151 1918 1287 1933 1319 1915 1402 1933 1591 1915 1652 1928 1667 1913 1705 1928 1795 1908 1795 1878 1793 1873 1561 1878 1526 1862 1458 1878 1407 1860 1357 1880 1334 1862 1279 1862 1261 1880 1123 1865 1075 1880 1042 1865 1012 1885 964 1867 919 1885 831 1867 808 1888 647 1875 629 1890 445 1890 445 1895 445 1925"/></Shape>
            <String CONTENT="من دم مف قوسا وشق سبامع عرد القععو سته سبع"
                    HPOS="445"
                    VPOS="1860"
                    WIDTH="1350"
                    HEIGHT="83"
                    ></String>
          </TextLine>
          <TextLine ID="eSc_line_2123f008"
                    TAGREFS="LT1"
                    BASELINE="453 1983 1803 1966" 
                    HPOS="453"
                    VPOS="1948"
                    WIDTH="1350"
                    HEIGHT="86">
            <Shape><Polygon POINTS="453 2019 526 2034 546 2016 586 2031 710 2016 760 2031 861 2011 906 2029 999 2014 1030 2029 1090 2008 1176 2021 1226 2006 1249 2024 1387 2024 1423 2003 1488 2003 1506 2021 1591 2021 1803 1998 1803 1966 1798 1961 1581 1966 1553 1948 1531 1966 1417 1953 1405 1968 1284 1968 1236 1948 1108 1951 1075 1971 962 1953 936 1973 901 1958 858 1973 838 1958 768 1971 705 1956 672 1976 652 1958 554 1958 458 1978 453 1983 453 2019"/></Shape>
            <String CONTENT="وص وسمايه وخر منها با العكر نه عشو بنه مومد حلب فاقام بها"
                    HPOS="453"
                    VPOS="1948"
                    WIDTH="1350"
                    HEIGHT="86"
                    ></String>
          </TextLine>
          <TextLine ID="eSc_line_2ff85518"
                    TAGREFS="LT222"
                    BASELINE="1830 2317 1835 2073" 
                    HPOS="1783"
                    VPOS="2071"
                    WIDTH="105"
                    HEIGHT="245">
            <Shape><Polygon POINTS="1833 2071 1803 2071 1783 2197 1798 2313 1828 2316 1871 2316 1888 2190 1856 2132 1856 2071 1833 2071"/></Shape>
            <String CONTENT="الصر والشام"
                    HPOS="1783"
                    VPOS="2071"
                    WIDTH="105"
                    HEIGHT="245"
                    ></String>
          </TextLine>
          <TextLine ID="eSc_line_3f54ea33"
                    TAGREFS="LT1"
                    BASELINE="440 2074 1778 2061" 
                    HPOS="438"
                    VPOS="2031"
                    WIDTH="1337"
                    HEIGHT="96">
            <Shape><Polygon POINTS="438 2114 554 2104 594 2127 649 2107 697 2127 886 2124 939 2102 1090 2122 1113 2102 1193 2102 1213 2122 1271 2099 1450 2119 1475 2097 1528 2112 1586 2094 1775 2092 1775 2059 1768 2054 1503 2031 1460 2054 1438 2034 1380 2049 1287 2034 1246 2056 1140 2036 1072 2059 1032 2036 964 2061 763 2061 740 2044 690 2061 667 2049 470 2064 438 2071 438 2114"/></Shape>
            <String CONTENT="واحد ابومر منكو تمربابه السلطنة بديا ومصره مومع اسباده الملب"
                    HPOS="438"
                    VPOS="2031"
                    WIDTH="1337"
                    HEIGHT="96"
                    ></String>
          </TextLine>
          <TextLine ID="eSc_line_a8a6dbc8"
                    TAGREFS="LT1"
                    BASELINE="470 2162 1778 2143" 
                    HPOS="468"
                    VPOS="2124"
                    WIDTH="1307"
                    HEIGHT="88">
            <Shape><Polygon POINTS="468 2197 533 2192 596 2212 642 2192 692 2210 735 2190 765 2210 795 2192 823 2205 911 2187 941 2207 1143 2190 1211 2205 1349 2182 1397 2202 1458 2200 1485 2180 1574 2192 1775 2175 1775 2142 1773 2137 1488 2142 1460 2127 1397 2142 1377 2127 1322 2144 1211 2124 1067 2139 1047 2127 1027 2147 924 2129 904 2149 808 2132 770 2152 702 2137 649 2154 468 2154 468 2160 468 2197"/></Shape>
            <String CONTENT="معم  حين بملا فنفس اخابر الارا وبعت ثمع أنسلعاك"
                    HPOS="468"
                    VPOS="2124"
                    WIDTH="1307"
                    HEIGHT="88"
                    ></String>
          </TextLine>
          <TextLine ID="eSc_line_25af3445"
                    TAGREFS="LT1"
                    BASELINE="473 2253 1778 2222" 
                    HPOS="470"
                    VPOS="2207"
                    WIDTH="1305"
                    HEIGHT="83">
            <Shape><Polygon POINTS="470 2290 1171 2285 1186 2270 1342 2265 1365 2280 1496 2265 1652 2275 1674 2258 1775 2255 1775 2220 1770 2215 1553 2222 1448 2207 1425 2222 1241 2212 1118 2233 931 2220 901 2238 858 2225 470 2245 470 2250 470 2290"/></Shape>
            <String CONTENT="مر ى لبم ب المى بلاو النفيام بسبب حكهب وان مم سلبم"
                    HPOS="470"
                    VPOS="2207"
                    WIDTH="1305"
                    HEIGHT="83"
                    ></String>
          </TextLine>
          <TextLine ID="eSc_line_366df9f2"
                    TAGREFS="LT1"
                    BASELINE="460 2336 1793 2313" 
                    HPOS="460"
                    VPOS="2285"
                    WIDTH="1333"
                    HEIGHT="101">
            <Shape><Polygon POINTS="460 2366 755 2386 904 2363 946 2381 1083 2379 1118 2361 1196 2379 1229 2353 1264 2374 1349 2351 1433 2374 1498 2351 1516 2368 1579 2371 1606 2348 1667 2368 1793 2343 1793 2313 1785 2308 1561 2285 1533 2311 1460 2313 1417 2288 1365 2288 1334 2316 1206 2290 1050 2293 1030 2311 972 2298 944 2318 876 2298 848 2323 800 2308 750 2326 727 2308 491 2328 460 2336 460 2366"/></Shape>
            <String CONTENT="بسم هذا الى مصر بما التري لنصرف شملل اراقسار مكن من طب وبرل"
                    HPOS="460"
                    VPOS="2285"
                    WIDTH="1333"
                    HEIGHT="101"
                    ></String>
          </TextLine>
          <TextLine ID="eSc_line_e4c9423b"
                    TAGREFS="LT1"
                    BASELINE="473 2421 1790 2396" 
                    HPOS="473"
                    VPOS="2384"
                    WIDTH="1317"
                    HEIGHT="90">
            <Shape><Polygon POINTS="473 2462 586 2474 622 2452 662 2472 737 2457 886 2467 901 2452 934 2467 1015 2452 1365 2459 1564 2434 1632 2454 1682 2431 1790 2429 1790 2396 1788 2391 1261 2384 1188 2404 1130 2386 1075 2406 987 2409 962 2391 926 2409 745 2399 478 2416 473 2421 473 2462"/></Shape>
            <String CONTENT="لممبيب ووم غوم الابر مه كن مر البمب عل فه منه جنعه السلط"
                    HPOS="473"
                    VPOS="2384"
                    WIDTH="1317"
                    HEIGHT="90"
                    ></String>
          </TextLine>
          <TextLine ID="eSc_line_4681c8e2"
                    TAGREFS="LT1"
                    BASELINE="483 2504 1788 2479" 
                    HPOS="483"
                    VPOS="2464"
                    WIDTH="1305"
                    HEIGHT="96">
            <Shape><Polygon POINTS="483 2547 546 2535 612 2560 687 2537 740 2557 788 2542 871 2555 909 2535 1002 2552 1143 2535 1201 2547 1236 2530 1385 2545 1417 2517 1511 2530 1586 2514 1621 2532 1657 2517 1700 2532 1788 2509 1788 2479 1785 2474 1428 2479 1395 2464 1357 2484 1279 2467 1067 2489 1002 2472 979 2489 894 2474 841 2494 700 2482 483 2499 483 2504 483 2547"/></Shape>
            <String CONTENT="حس الل بود مشر قبعض الام ا يحلب وك ب ملتمف اخس بالسر"
                    HPOS="483"
                    VPOS="2464"
                    WIDTH="1305"
                    HEIGHT="96"
                    ></String>
          </TextLine>
          <TextLine ID="eSc_line_3ba05048"
                    TAGREFS="LT1"
                    BASELINE="486 2590 1793 2567" 
                    HPOS="486"
                    VPOS="2552"
                    WIDTH="1307"
                    HEIGHT="93">
            <Shape><Polygon POINTS="486 2623 521 2645 800 2625 836 2640 969 2625 1065 2638 1145 2618 1186 2635 1264 2613 1309 2633 1365 2608 1410 2623 1793 2600 1793 2567 1790 2562 1556 2567 1503 2552 1480 2567 1458 2555 1337 2572 1294 2557 1193 2575 1178 2560 1067 2560 997 2577 831 2565 773 2582 629 2567 609 2585 486 2585 486 2590 486 2623"/></Shape>
            <String CONTENT="ومعا لبك ووبه م حلب وانه الف د معار ممصره فهاطف"
                    HPOS="486"
                    VPOS="2552"
                    WIDTH="1307"
                    HEIGHT="93"
                    ></String>
          </TextLine>
          <TextLine ID="eSc_line_a7061572"
                    TAGREFS="LT1"
                    BASELINE="491 2681 1790 2645" 
                    HPOS="491"
                    VPOS="2640"
                    WIDTH="1299"
                    HEIGHT="96">
            <Shape><Polygon POINTS="491 2718 612 2718 629 2736 697 2718 725 2734 949 2731 1108 2703 1145 2723 1231 2723 1790 2683 1790 2645 1788 2640 1148 2640 1108 2660 949 2666 861 2648 816 2668 785 2650 705 2671 491 2676 491 2681 491 2718"/></Shape>
            <String CONTENT="صلودهه واتعف نه لما يول لس منه خوفه وكسر قلعه وعلمد"
                    HPOS="491"
                    VPOS="2640"
                    WIDTH="1299"
                    HEIGHT="96"
                    ></String>
          </TextLine>
        </TextBlock>
        <TextBlock HPOS="2134"
                   VPOS="2518"
                   WIDTH="228"
                   HEIGHT="215"
                   ID="eSc_textblock_41992beb"
                   TAGREFS="BT1062">
          <Shape><Polygon POINTS="2362 2608 2330 2709 2171 2733 2134 2605 2290 2518"/></Shape>
          <TextLine ID="eSc_line_db1cce37"
                    TAGREFS="LT1"
                    BASELINE="2198 2648 2329 2635" 
                    HPOS="2191"
                    VPOS="2577"
                    WIDTH="143"
                    HEIGHT="131">
            <Shape><Polygon POINTS="2317 2577 2191 2590 2198 2648 2203 2706 2334 2708 2329 2635 2322 2580 2317 2577"/></Shape>
            <String CONTENT="له الاو"
                    HPOS="2191"
                    VPOS="2577"
                    WIDTH="143"
                    HEIGHT="131"
                    ></String>
          </TextLine>
        </TextBlock>
      </PrintSpace>
    </Page>
  </Layout>
</alto>
