<?xml version="1.0" encoding="UTF-8"?>
<alto xmlns:xsi="http://www.w3.org/2001/XMLSchema-instance"
      xmlns="http://www.loc.gov/standards/alto/ns-v4#"
      xsi:schemaLocation="http://www.loc.gov/standards/alto/ns-v4# http://www.loc.gov/standards/alto/v4/alto-4-2.xsd">
  <Description>
    <MeasurementUnit>pixel</MeasurementUnit>
    <sourceImageInformation>
      <fileName>Muqaffa-or14533-3.pdf_page_82.png</fileName>
      <fileIdentifier>pdf//Muqaffa-or14533-3.pdf</fileIdentifier>
    </sourceImageInformation>
  </Description>
  <Tags>
    <OtherTag ID="BT1094" LABEL="text" DESCRIPTION="block type text"/><OtherTag ID="BT1066" LABEL="Chancery_Material" DESCRIPTION="block type Chancery_Material"/><OtherTag ID="BT1065" LABEL="Flyleaf" DESCRIPTION="block type Flyleaf"/><OtherTag ID="BT1064" LABEL="default" DESCRIPTION="block type default"/><OtherTag ID="BT1063" LABEL="Marginal_Material" DESCRIPTION="block type Marginal_Material"/><OtherTag ID="BT1062" LABEL="Catchword" DESCRIPTION="block type Catchword"/><OtherTag ID="BT4" LABEL="Illustration" DESCRIPTION="block type Illustration"/><OtherTag ID="BT3" LABEL="Commentary" DESCRIPTION="block type Commentary"/><OtherTag ID="BT2" LABEL="Main" DESCRIPTION="block type Main"/><OtherTag ID="BT1" LABEL="Title" DESCRIPTION="block type Title"/>
    <OtherTag ID="LT1" LABEL="Main" DESCRIPTION="line type Main"/><OtherTag ID="LT219" LABEL="default" DESCRIPTION="line type default"/><OtherTag ID="LT220" LABEL="Main-90" DESCRIPTION="line type Main-90"/><OtherTag ID="LT221" LABEL="Main-180" DESCRIPTION="line type Main-180"/><OtherTag ID="LT222" LABEL="Main-270" DESCRIPTION="line type Main-270"/>
  </Tags>
  <Layout>
    <Page WIDTH="3963"
          HEIGHT="3021"
          PHYSICAL_IMG_NR="278"
          ID="eSc_dummypage_">
      <PrintSpace HPOS="0"
                  VPOS="0"
                  WIDTH="3963"
                  HEIGHT="3021">
        <TextBlock HPOS="2157"
                   VPOS="251"
                   WIDTH="1339"
                   HEIGHT="235"
                   ID="eSc_textblock_c1e2c14c"
                   TAGREFS="BT2">
          <Shape><Polygon POINTS="3496 251 3465 486 2162 478 2157 296 3232 251"/></Shape>
          <TextLine ID="eSc_line_e5947de8"
                    TAGREFS="LT1"
                    BASELINE="2215 385 2349 390 2603 392 3461 372" 
                    HPOS="2210"
                    VPOS="261"
                    WIDTH="1249"
                    HEIGHT="199">
            <Shape><Polygon POINTS="2442 281 2369 304 2235 292 2235 292 2210 292 2213 382 2213 453 2857 460 2905 438 2950 458 3061 440 3245 453 3459 427 3459 370 3409 261 3159 271 3064 297 3006 279 2981 304 2940 289 2850 314 2563 302 2535 317 2449 281 2442 281"/></Shape>
            <String CONTENT="كلمس العلا كركان من بهكر كلاشريل بم سل الى ارار يدرار"
                    HPOS="2210"
                    VPOS="261"
                    WIDTH="1249"
                    HEIGHT="199"
                    ></String>
          </TextLine>
        </TextBlock>
        <TextBlock HPOS="2115"
                   VPOS="1574"
                   WIDTH="1384"
                   HEIGHT="504"
                   ID="eSc_textblock_ee5ade7d"
                   TAGREFS="BT2">
          <Shape><Polygon POINTS="3439 1651 3499 1701 3479 2078 2138 2049 2123 1873 2115 1574"/></Shape>
          <TextLine ID="eSc_line_236e399a"
                    TAGREFS="LT1"
                    BASELINE="2187 1697 2381 1611" 
                    HPOS="2185"
                    VPOS="1588"
                    WIDTH="199"
                    HEIGHT="146">
            <Shape><Polygon POINTS="2364 1588 2195 1686 2185 1696 2203 1734 2384 1623 2379 1608 2369 1588 2364 1588"/></Shape>
            <String CONTENT="قممعن"
                    HPOS="2185"
                    VPOS="1588"
                    WIDTH="199"
                    HEIGHT="146"
                    ></String>
          </TextLine>
          <TextLine ID="eSc_line_58f99818"
                    TAGREFS="LT1"
                    BASELINE="2276 1700 2751 1694" 
                    HPOS="2273"
                    VPOS="1596"
                    WIDTH="476"
                    HEIGHT="146">
            <Shape><Polygon POINTS="2273 1739 2331 1727 2588 1742 2746 1724 2749 1691 2746 1611 2512 1633 2482 1611 2459 1626 2429 1606 2394 1616 2374 1596 2303 1596 2273 1699 2273 1739"/></Shape>
            <String CONTENT="طلام دحبرر لم"
                    HPOS="2273"
                    VPOS="1596"
                    WIDTH="476"
                    HEIGHT="146"
                    ></String>
          </TextLine>
          <TextLine ID="eSc_line_d0dd0b8e"
                    TAGREFS="LT1"
                    BASELINE="2736 1724 3472 1747" 
                    HPOS="2734"
                    VPOS="1666"
                    WIDTH="738"
                    HEIGHT="131">
            <Shape><Polygon POINTS="2736 1694 2736 1724 2734 1767 2817 1757 2915 1777 2958 1762 3023 1789 3114 1774 3132 1792 3227 1797 3303 1797 3333 1777 3426 1797 3469 1779 3472 1747 3472 1684 3255 1681 3227 1696 3190 1679 3154 1699 3109 1676 3066 1696 2877 1666 2855 1689 2739 1684 2736 1694"/></Shape>
            <String CONTENT="وولان برين وامر اربه عبع"
                    HPOS="2734"
                    VPOS="1666"
                    WIDTH="738"
                    HEIGHT="131"
                    ></String>
          </TextLine>
          <TextLine ID="eSc_line_376b4af0"
                    TAGREFS="LT1"
                    BASELINE="3258 1832 3464 1837" 
                    HPOS="3255"
                    VPOS="1832"
                    WIDTH="209"
                    HEIGHT="41">
            <Shape><Polygon POINTS="3255 1873 3461 1865 3464 1837 3258 1832 3255 1873"/></Shape>
            <String CONTENT="فعم ن"
                    HPOS="3255"
                    VPOS="1832"
                    WIDTH="209"
                    HEIGHT="41"
                    ></String>
          </TextLine>
          <TextLine ID="eSc_line_acd65349"
                    TAGREFS="LT1"
                    BASELINE="2517 1820 2983 1825" 
                    HPOS="2515"
                    VPOS="1784"
                    WIDTH="468"
                    HEIGHT="91">
            <Shape><Polygon POINTS="2515 1862 2661 1873 2676 1857 2769 1875 2802 1852 2852 1875 2892 1852 2981 1852 2983 1825 2970 1817 2749 1784 2641 1792 2618 1815 2520 1815 2517 1820 2515 1862"/></Shape>
            <String CONTENT="واسن فالن العمن"
                    HPOS="2515"
                    VPOS="1784"
                    WIDTH="468"
                    HEIGHT="91"
                    ></String>
          </TextLine>
          <TextLine ID="eSc_line_1a605a45"
                    TAGREFS="LT1"
                    BASELINE="2163 1886 2847 1963 3469 1978" 
                    HPOS="2157"
                    VPOS="1855"
                    WIDTH="1309"
                    HEIGHT="204">
            <Shape><Polygon POINTS="2157 1938 2336 1943 2449 2003 2580 1998 2613 2014 2641 1993 2699 2006 2741 1988 2789 1993 2837 2031 2945 2026 2981 2041 3059 2026 3217 2059 3293 2016 3461 2024 3466 1976 3466 1971 3431 1943 3361 1963 3210 1928 3162 1948 3059 1940 3006 1913 2940 1933 2835 1925 2797 1893 2731 1918 2719 1903 2590 1908 2542 1875 2462 1893 2412 1865 2258 1855 2165 1875 2162 1885 2157 1938"/></Shape>
            <String CONTENT="وحسب ما الحمثريوه العدن اى كر احد وكاك ياس"
                    HPOS="2157"
                    VPOS="1855"
                    WIDTH="1309"
                    HEIGHT="204"
                    ></String>
          </TextLine>
        </TextBlock>
        <TextBlock HPOS="443"
                   VPOS="292"
                   WIDTH="1391"
                   HEIGHT="2454"
                   ID="eSc_textblock_51f5f4e1"
                   TAGREFS="BT2">
          <Shape><Polygon POINTS="704 2736 523 2686 473 2625 443 2092 443 553 473 352 513 312 1052 322 1834 292 1834 2746"/></Shape>
          <TextLine ID="eSc_line_db203019"
                    TAGREFS="LT1"
                    BASELINE="493 367 1513 365 1727 357 1840 357" 
                    HPOS="490"
                    VPOS="231"
                    WIDTH="1347"
                    HEIGHT="186">
            <Shape><Polygon POINTS="1822 292 1440 304 1437 307 1430 304 1420 307 1362 309 1359 312 1352 309 1319 309 1294 312 1193 314 1145 319 1117 317 944 324 863 317 790 317 765 314 664 314 634 324 594 317 556 342 490 365 490 400 558 417 644 415 667 397 730 417 800 397 861 417 946 417 994 397 1105 417 1127 400 1148 417 1835 392 1837 354 1830 231 1825 231 1822 292"/></Shape>
            <String CONTENT="بلال الغيثى المأمير الطواشح حسام الرعل بو"
                    HPOS="490"
                    VPOS="231"
                    WIDTH="1347"
                    HEIGHT="186"
                    ></String>
          </TextLine>
          <TextLine ID="eSc_line_20645cec"
                    TAGREFS="LT1"
                    BASELINE="485 460 1850 450" 
                    HPOS="485"
                    VPOS="420"
                    WIDTH="1365"
                    HEIGHT="96">
            <Shape><Polygon POINTS="485 493 823 516 888 488 966 508 989 490 1042 511 1170 488 1206 511 1274 490 1304 511 1362 493 1384 511 1457 511 1601 483 1848 483 1850 450 1820 443 1528 420 1462 443 1374 422 1334 443 1311 422 1213 422 1150 448 1095 448 1065 425 823 425 757 450 722 433 538 450 485 460 485 493"/></Shape>
            <String CONTENT="المعافت حسه الجمذار الصالحى احد جدام المدكر الصالح بحح الدين ابوب"
                    HPOS="485"
                    VPOS="420"
                    WIDTH="1365"
                    HEIGHT="96"
                    ></String>
          </TextLine>
          <TextLine ID="eSc_line_96d1a6a4"
                    TAGREFS="LT1"
                    BASELINE="475 548 1853 543" 
                    HPOS="475"
                    VPOS="521"
                    WIDTH="1378"
                    HEIGHT="85">
            <Shape><Polygon POINTS="475 584 601 606 674 589 704 606 722 591 775 606 934 586 976 599 1004 581 1097 604 1173 584 1213 604 1284 584 1329 604 1437 604 1475 584 1510 604 1586 604 1616 579 1641 594 1699 579 1717 596 1850 579 1853 543 1848 538 1581 521 1409 538 1384 521 1367 538 959 523 876 541 757 523 715 541 511 541 475 548 475 584"/></Shape>
            <String CONTENT="وعرف العبتى انه كم ان فى خدمه الملك لمعب فبح الدين عمرت سلا"
                    HPOS="475"
                    VPOS="521"
                    WIDTH="1378"
                    HEIGHT="85"
                    ></String>
          </TextLine>
          <TextLine ID="eSc_line_7a640199"
                    TAGREFS="LT1"
                    BASELINE="483 636 1858 629" 
                    HPOS="483"
                    VPOS="601"
                    WIDTH="1375"
                    HEIGHT="91">
            <Shape><Polygon POINTS="483 664 604 682 679 667 747 692 845 689 881 664 1397 689 1634 687 1651 669 1858 657 1858 629 1772 619 1397 601 1226 621 1208 604 1160 616 1143 601 1047 601 1014 621 994 601 939 601 876 621 755 604 697 621 631 604 516 624 483 636 483 664"/></Shape>
            <String CONTENT="العادلربحده الملرااجا بل بحدر الكر العاد لل يكرحه رابوب وكاب"
                    HPOS="483"
                    VPOS="601"
                    WIDTH="1375"
                    HEIGHT="91"
                    ></String>
          </TextLine>
          <TextLine ID="eSc_line_f1a24ab5"
                    TAGREFS="LT1"
                    BASELINE="478 730 1840 717" 
                    HPOS="475"
                    VPOS="697"
                    WIDTH="1362"
                    HEIGHT="85">
            <Shape><Polygon POINTS="475 765 664 780 717 762 745 782 813 760 901 782 976 760 997 780 1289 780 1520 777 1588 757 1606 775 1704 775 1734 755 1835 752 1837 714 1835 709 1593 697 1568 712 1339 699 1198 717 1138 702 1014 720 898 704 868 720 732 707 475 722 475 727 475 765"/></Shape>
            <String CONTENT="حالك السواء دبام الشبكيل حد تب بد متف ومصر حف امف رواحف"
                    HPOS="475"
                    VPOS="697"
                    WIDTH="1362"
                    HEIGHT="85"
                    ></String>
          </TextLine>
          <TextLine ID="eSc_line_a768df3f"
                    TAGREFS="LT1"
                    BASELINE="475 818 1840 818" 
                    HPOS="473"
                    VPOS="787"
                    WIDTH="1364"
                    HEIGHT="84">
            <Shape><Polygon POINTS="473 863 518 845 556 860 601 845 624 866 662 848 732 860 767 845 803 866 916 845 1004 871 1034 845 1082 845 1153 871 1583 871 1641 845 1837 845 1837 815 1825 808 1732 808 1712 787 1611 808 1591 787 1503 787 1440 808 1349 787 1279 808 1231 787 1095 787 1022 808 999 787 936 787 843 808 800 787 732 808 508 808 473 815 473 863"/></Shape>
            <String CONTENT="موالميحرما فى الدول ورفنه الملك الممصور فلاون ماما اسه الملب"
                    HPOS="473"
                    VPOS="787"
                    WIDTH="1364"
                    HEIGHT="84"
                    ></String>
          </TextLine>
          <TextLine ID="eSc_line_b6169832"
                    TAGREFS="LT1"
                    BASELINE="506 908 1445 913 1830 888" 
                    HPOS="503"
                    VPOS="881"
                    WIDTH="1327"
                    HEIGHT="88">
            <Shape><Polygon POINTS="506 908 506 946 561 969 626 944 1022 969 1148 941 1208 966 1505 966 1827 939 1830 888 1827 891 1666 881 1616 896 1598 881 1523 903 1304 903 1168 883 1133 903 1090 883 1047 903 956 886 934 903 913 886 815 886 788 906 503 906 506 908"/></Shape>
            <String CONTENT=" بح يحل وفب حلسن بوف لامن اكلهم منا مببسرك وسعرل"
                    HPOS="503"
                    VPOS="881"
                    WIDTH="1327"
                    HEIGHT="88"
                    ></String>
          </TextLine>
          <TextLine ID="eSc_line_618a959f"
                    TAGREFS="LT1"
                    BASELINE="478 1004 1836 999" 
                    HPOS="475"
                    VPOS="969"
                    WIDTH="1360"
                    HEIGHT="90">
            <Shape><Polygon POINTS="475 1039 553 1037 591 1059 662 1044 740 1059 793 1037 861 1057 949 1039 1090 1059 1195 1037 1294 1057 1369 1042 1425 1057 1555 1057 1616 1037 1639 1057 1727 1034 1832 1042 1835 996 1815 989 1676 971 1629 986 1601 971 1535 989 1482 971 1341 989 1248 969 1190 989 1153 969 1107 986 679 971 639 991 513 991 475 1001 475 1039"/></Shape>
            <String CONTENT="راد اراه فلاو قال رح الله اسناذبابعن المكب الصلح بحم الدبابوب"
                    HPOS="475"
                    VPOS="969"
                    WIDTH="1360"
                    HEIGHT="90"
                    ></String>
          </TextLine>
          <TextLine ID="eSc_line_a11904ec"
                    TAGREFS="LT1"
                    BASELINE="480 1085 1836 1094" 
                    HPOS="475"
                    VPOS="1062"
                    WIDTH="1360"
                    HEIGHT="88">
            <Shape><Polygon POINTS="478 1082 475 1120 511 1140 556 1122 576 1142 752 1122 861 1125 911 1145 941 1125 1017 1125 1070 1145 1155 1132 1352 1147 1392 1132 1498 1150 1530 1130 1606 1150 1832 1130 1835 1092 1832 1087 1525 1069 1498 1087 1452 1067 1238 1085 1218 1067 1148 1064 971 1082 954 1064 815 1062 478 1077 478 1082"/></Shape>
            <String CONTENT="مرهول كسب اسبيا بل مونه هذا المقدم جسام الديف ت يخرج اوم"
                    HPOS="475"
                    VPOS="1062"
                    WIDTH="1360"
                    HEIGHT="88"
                    ></String>
          </TextLine>
          <TextLine ID="eSc_line_20cbb64e"
                    TAGREFS="LT1"
                    BASELINE="490 1173 1836 1189" 
                    HPOS="485"
                    VPOS="1153"
                    WIDTH="1350"
                    HEIGHT="83">
            <Shape><Polygon POINTS="488 1170 485 1200 647 1203 720 1223 830 1205 986 1208 1022 1226 1059 1208 1258 1231 1553 1233 1603 1215 1656 1236 1689 1218 1734 1233 1832 1218 1835 1188 1827 1183 1656 1185 1623 1168 1606 1183 1475 1183 1445 1160 1387 1180 1344 1163 1324 1180 1256 1158 1133 1158 1085 1178 1034 1160 944 1175 906 1155 856 1173 790 1153 760 1173 488 1168 488 1170"/></Shape>
            <String CONTENT="له وكباب لامرطرر والام مابب لسبلطنه معن م ذسنب بعا بنه "
                    HPOS="485"
                    VPOS="1153"
                    WIDTH="1350"
                    HEIGHT="83"
                    ></String>
          </TextLine>
          <TextLine ID="eSc_line_4ae5341b"
                    TAGREFS="LT1"
                    BASELINE="485 1258 1836 1261" 
                    HPOS="480"
                    VPOS="1236"
                    WIDTH="1355"
                    HEIGHT="78">
            <Shape><Polygon POINTS="483 1256 480 1299 929 1291 954 1314 1367 1314 1571 1291 1591 1311 1656 1314 1832 1291 1835 1258 1832 1253 1722 1253 1699 1236 1618 1253 1598 1236 1482 1253 1331 1236 1263 1253 1183 1236 1090 1251 921 1236 848 1251 825 1236 808 1253 483 1251 483 1256"/></Shape>
            <String CONTENT="وصلر الىبب النحاس منل لعلاعه وملا لرهدا وذ امه مقال له باضوات"
                    HPOS="480"
                    VPOS="1236"
                    WIDTH="1355"
                    HEIGHT="78"
                    ></String>
          </TextLine>
          <TextLine ID="eSc_line_13139561"
                    TAGREFS="LT1"
                    BASELINE="496 1356 1836 1361" 
                    HPOS="490"
                    VPOS="1329"
                    WIDTH="1345"
                    HEIGHT="73">
            <Shape><Polygon POINTS="493 1354 490 1397 634 1387 657 1402 765 1387 969 1402 1832 1399 1835 1359 1832 1354 1566 1354 1490 1331 1435 1354 1389 1336 1369 1354 1248 1354 1223 1331 1148 1329 493 1349 493 1354"/></Shape>
            <String CONTENT="حبيبام الدين واليف بعسب وف لطواس ابوت لسب ن منا وى"
                    HPOS="490"
                    VPOS="1329"
                    WIDTH="1345"
                    HEIGHT="73"
                    ></String>
          </TextLine>
          <TextLine ID="eSc_line_73b7e718"
                    TAGREFS="LT1"
                    BASELINE="488 1450 1836 1432" 
                    HPOS="485"
                    VPOS="1407"
                    WIDTH="1350"
                    HEIGHT="95">
            <Shape><Polygon POINTS="485 1485 589 1502 722 1480 1059 1497 1158 1495 1188 1475 1248 1487 1304 1472 1362 1492 1485 1470 1593 1490 1832 1467 1835 1429 1832 1424 1666 1407 1634 1429 1563 1429 1528 1409 1498 1429 1341 1412 1248 1434 1115 1414 1067 1434 981 1417 954 1434 891 1417 732 1440 485 1442 485 1447 485 1485"/></Shape>
            <String CONTENT="ماطواشيى من ربامبهذا اسووب كحجل طرنطا الى مع حطمنه ومسع ليه"
                    HPOS="485"
                    VPOS="1407"
                    WIDTH="1350"
                    HEIGHT="95"
                    ></String>
          </TextLine>
          <TextLine ID="eSc_line_518e548c"
                    TAGREFS="LT1"
                    BASELINE="511 1538 1836 1526" 
                    HPOS="508"
                    VPOS="1510"
                    WIDTH="1327"
                    HEIGHT="76">
            <Shape><Polygon POINTS="508 1583 548 1568 609 1586 765 1586 808 1568 830 1586 1017 1583 1072 1565 1304 1580 1326 1563 1374 1580 1500 1580 1586 1560 1832 1560 1835 1525 1830 1520 1198 1510 1095 1528 944 1513 898 1528 508 1530 508 1535 508 1583"/></Shape>
            <String CONTENT="عا نفه وقبل س سه وول له وابعه ن سسه وقع من سهو وفكهرار"
                    HPOS="508"
                    VPOS="1510"
                    WIDTH="1327"
                    HEIGHT="76"
                    ></String>
          </TextLine>
          <TextLine ID="eSc_line_3dfb5f1e"
                    TAGREFS="LT1"
                    BASELINE="503 1621 1836 1628" 
                    HPOS="498"
                    VPOS="1588"
                    WIDTH="1337"
                    HEIGHT="91">
            <Shape><Polygon POINTS="498 1671 584 1674 606 1656 694 1674 722 1651 813 1666 876 1651 984 1676 1256 1676 1294 1653 1404 1679 1467 1656 1548 1676 1654 1656 1832 1656 1835 1626 1817 1618 1712 1618 1626 1593 1397 1593 1364 1613 1336 1591 1188 1591 1148 1616 946 1616 888 1588 843 1613 798 1593 722 1613 503 1613 501 1618 498 1671"/></Shape>
            <String CONTENT="وحوذ لك من لاتخيدار وخشى ان يبلغ هدا عنه السلطات ك بعله"
                    HPOS="498"
                    VPOS="1588"
                    WIDTH="1337"
                    HEIGHT="91"
                    ></String>
          </TextLine>
          <TextLine ID="eSc_line_97c7cebd"
                    TAGREFS="LT1"
                    BASELINE="485 1714 1836 1706" 
                    HPOS="483"
                    VPOS="1679"
                    WIDTH="1352"
                    HEIGHT="85">
            <Shape><Polygon POINTS="483 1747 659 1764 752 1744 780 1764 851 1764 921 1747 1059 1762 1122 1742 1190 1762 1382 1762 1555 1742 1641 1759 1684 1739 1737 1757 1762 1739 1832 1739 1835 1704 1830 1696 1777 1679 1717 1699 1626 1681 1603 1699 1498 1699 1457 1679 1382 1679 1344 1701 1284 1681 1193 1696 1107 1681 1075 1696 1052 1681 929 1681 861 1704 762 1689 548 1704 483 1711 483 1747"/></Shape>
            <String CONTENT="علو منغليه عند فن كابب بيه ل انته المكر العادكسعا جعل الية"
                    HPOS="483"
                    VPOS="1679"
                    WIDTH="1352"
                    HEIGHT="85"
                    ></String>
          </TextLine>
          <TextLine ID="eSc_line_077fcc45"
                    TAGREFS="LT1"
                    BASELINE="475 1810 1836 1810" 
                    HPOS="473"
                    VPOS="1774"
                    WIDTH="1362"
                    HEIGHT="86">
            <Shape><Polygon POINTS="473 1807 473 1857 528 1837 631 1860 752 1860 828 1837 861 1860 906 1837 964 1860 1012 1845 1032 1860 1268 1860 1319 1842 1394 1860 1440 1840 1508 1860 1618 1837 1747 1852 1835 1837 1835 1807 1835 1802 1792 1774 1656 1774 1621 1797 1593 1774 1523 1802 1477 1774 1412 1802 1339 1774 1226 1802 1173 1774 1110 1802 1034 1802 994 1779 969 1802 861 1802 813 1777 745 1782 720 1802 473 1802 473 1807"/></Shape>
            <String CONTENT="الملك الفاسر بحر من قلاووهومع ذكد كبير جدان الحرم البول وكاب ب"
                    HPOS="473"
                    VPOS="1774"
                    WIDTH="1362"
                    HEIGHT="86"
                    ></String>
          </TextLine>
          <TextLine ID="eSc_line_c4420edb"
                    TAGREFS="LT1"
                    BASELINE="488 1888 1836 1888" 
                    HPOS="485"
                    VPOS="1867"
                    WIDTH="1350"
                    HEIGHT="79">
            <Shape><Polygon POINTS="485 1885 485 1923 536 1923 571 1946 689 1923 924 1923 997 1946 1148 1946 1165 1928 1203 1946 1674 1928 1696 1940 1734 1925 1800 1938 1835 1923 1835 1885 1835 1883 906 1867 805 1883 760 1867 742 1883 485 1883 485 1885"/></Shape>
            <String CONTENT="بدام لملك الممايح بحم الهب من ولعه الجبل واكراامعفت قدمه الساف"
                    HPOS="485"
                    VPOS="1867"
                    WIDTH="1350"
                    HEIGHT="79"
                    ></String>
          </TextLine>
          <TextLine ID="eSc_line_6c3d460c"
                    TAGREFS="LT1"
                    BASELINE="468 1976 1836 1976" 
                    HPOS="465"
                    VPOS="1951"
                    WIDTH="1370"
                    HEIGHT="85">
            <Shape><Polygon POINTS="465 1973 465 2014 596 2014 629 2036 697 2016 720 2036 886 2036 941 2014 1027 2036 1082 2021 1100 2036 1276 2036 1357 2019 1503 2036 1586 2014 1611 2031 1707 2036 1734 2014 1835 2014 1835 1973 1835 1968 1807 1951 1651 1951 1629 1971 1528 1971 1490 1953 1427 1971 1049 1971 1029 1951 876 1951 851 1971 720 1953 465 1971 465 1973"/></Shape>
            <String CONTENT="رحر النها ومه سماطه وحضر يحيد عله من الامر اونجرهم لا كل طعامه"
                    HPOS="465"
                    VPOS="1951"
                    WIDTH="1370"
                    HEIGHT="85"
                    ></String>
          </TextLine>
          <TextLine ID="eSc_line_f706a7ea"
                    TAGREFS="LT1"
                    BASELINE="478 2076 1835 2059" 
                    HPOS="478"
                    VPOS="2041"
                    WIDTH="1357"
                    HEIGHT="88">
            <Shape><Polygon POINTS="478 2124 541 2109 715 2109 775 2129 828 2112 946 2127 984 2109 1044 2127 1143 2109 1183 2124 1284 2109 1427 2122 1455 2097 1533 2119 1593 2097 1659 2114 1712 2094 1835 2092 1835 2059 1832 2054 1634 2044 1555 2059 1533 2041 1460 2041 1442 2061 1389 2044 1359 2061 1246 2061 1057 2046 1022 2066 936 2049 918 2066 747 2069 727 2054 712 2069 480 2071 478 2076 478 2124"/></Shape>
            <String CONTENT="الخلسن علا طرفاابوان ومزنبه الكرب الصما لحم ددوالكراب فكرا"
                    HPOS="478"
                    VPOS="2041"
                    WIDTH="1357"
                    HEIGHT="88"
                    ></String>
          </TextLine>
          <TextLine ID="eSc_line_cbc5e19e"
                    TAGREFS="LT1"
                    BASELINE="496 2162 1836 2149" 
                    HPOS="493"
                    VPOS="2129"
                    WIDTH="1342"
                    HEIGHT="91">
            <Shape><Polygon POINTS="493 2195 546 2215 652 2192 707 2220 783 2190 835 2190 868 2215 959 2197 984 2215 1296 2215 1334 2200 1472 2210 1520 2190 1581 2205 1616 2182 1832 2182 1835 2147 1832 2142 1561 2129 1533 2147 1402 2147 1384 2129 1296 2129 1268 2149 1248 2132 1216 2149 1130 2149 1077 2132 1059 2149 1027 2134 856 2134 813 2152 757 2134 727 2154 493 2154 493 2160 493 2195"/></Shape>
            <String CONTENT="دله لميد يجلسوهووا ويوا ن يعول هذا مكنان اسناى مين"
                    HPOS="493"
                    VPOS="2129"
                    WIDTH="1342"
                    HEIGHT="91"
                    ></String>
          </TextLine>
          <TextLine ID="eSc_line_41148860"
                    TAGREFS="LT1"
                    BASELINE="493 2255 1836 2230" 
                    HPOS="490"
                    VPOS="2207"
                    WIDTH="1345"
                    HEIGHT="104">
            <Shape><Polygon POINTS="490 2288 586 2288 614 2306 689 2288 752 2311 833 2295 876 2308 906 2290 1027 2306 1143 2283 1185 2300 1266 2280 1286 2300 1359 2298 1414 2275 1442 2293 1465 2278 1508 2295 1613 2293 1702 2265 1835 2263 1835 2227 1827 2222 1702 2210 1644 2225 1563 2207 1528 2225 1510 2210 1291 2233 1160 2215 1143 2235 1095 2217 951 2235 888 2220 523 2245 490 2253 490 2288"/></Shape>
            <String CONTENT="الحا وسر عليه ولا بالغر منه وكانب له مكاره كببه وصوفاب"
                    HPOS="490"
                    VPOS="2207"
                    WIDTH="1345"
                    HEIGHT="104"
                    ></String>
          </TextLine>
          <TextLine ID="eSc_line_08c1d967"
                    TAGREFS="LT1"
                    BASELINE="490 2341 1843 2318" 
                    HPOS="490"
                    VPOS="2293"
                    WIDTH="1353"
                    HEIGHT="101">
            <Shape><Polygon POINTS="490 2381 692 2366 720 2389 805 2374 866 2394 976 2379 1238 2389 1394 2363 1445 2379 1568 2351 1651 2363 1843 2346 1843 2318 1827 2311 1538 2293 1472 2311 1362 2298 1341 2318 1243 2298 1231 2313 1153 2300 1085 2323 961 2323 939 2303 903 2326 866 2308 835 2326 551 2331 490 2341 490 2381"/></Shape>
            <String CONTENT="ومعروف
 وله أوقاف على الحرم النبوي وأوقاف على عتقائه "
                    HPOS="490"
                    VPOS="2293"
                    WIDTH="1353"
                    HEIGHT="101"
                    ></String>
          </TextLine>
          <TextLine ID="eSc_line_b8663b8a"
                    TAGREFS="LT1"
                    BASELINE="488 2426 1165 2424 1843 2401" 
                    HPOS="488"
                    VPOS="2374"
                    WIDTH="1355"
                    HEIGHT="113">
            <Shape><Polygon POINTS="488 2467 659 2482 679 2467 702 2487 757 2462 793 2479 830 2459 878 2484 921 2467 946 2482 1301 2477 1407 2474 1427 2454 1513 2472 1593 2444 1608 2457 1840 2441 1843 2401 1837 2396 1747 2374 1639 2391 1566 2374 1447 2376 1409 2401 1341 2384 1316 2406 1276 2389 1236 2411 1019 2416 981 2386 856 2419 747 2401 664 2421 503 2421 488 2426 488 2467"/></Shape>
            <String CONTENT="وذراريهم أبطل كثير ا
منها مجد الدين عيسى بن الخشاب وكيل بيت "
                    HPOS="488"
                    VPOS="2374"
                    WIDTH="1355"
                    HEIGHT="113"
                    ></String>
          </TextLine>
          <TextLine ID="eSc_line_e15b1156"
                    TAGREFS="LT1"
                    BASELINE="496 2517 1107 2514 1848 2487" 
                    HPOS="496"
                    VPOS="2472"
                    WIDTH="1352"
                    HEIGHT="103">
            <Shape><Polygon POINTS="496 2552 599 2575 649 2555 790 2570 939 2552 1125 2562 1216 2560 1274 2535 1324 2547 1339 2532 1420 2545 1445 2530 1686 2525 1717 2542 1742 2525 1848 2522 1848 2487 1845 2484 1651 2487 1618 2472 1503 2492 1442 2474 1228 2499 1135 2487 1122 2502 1052 2502 1022 2484 974 2504 918 2487 868 2507 732 2509 704 2492 501 2512 496 2517 496 2552"/></Shape>
            <String CONTENT=" مومه واست أنه وفعها وقد اخعل ععله كا ن هب العرسية"
                    HPOS="496"
                    VPOS="2472"
                    WIDTH="1352"
                    HEIGHT="103"
                    ></String>
          </TextLine>
          <TextLine ID="eSc_line_bd9e541c"
                    TAGREFS="LT1"
                    BASELINE="667 2608 1850 2575" 
                    HPOS="667"
                    VPOS="2560"
                    WIDTH="1183"
                    HEIGHT="106">
            <Shape><Polygon POINTS="1845 2570 1488 2560 1450 2580 1301 2565 1216 2585 1029 2572 954 2593 913 2577 893 2595 692 2600 667 2608 669 2666 760 2643 813 2663 898 2638 924 2660 1032 2658 1059 2640 1213 2653 1430 2615 1530 2628 1558 2613 1573 2628 1588 2613 1603 2625 1850 2603 1850 2575 1845 2570"/></Shape>
            <String CONTENT="لا كدلب محاد ولها ومفرحه السعاء وارففا بن سرف اللرب"
                    HPOS="667"
                    VPOS="2560"
                    WIDTH="1183"
                    HEIGHT="106"
                    ></String>
          </TextLine>
          <TextLine ID="eSc_line_4071b243"
                    TAGREFS="LT1"
                    BASELINE="976 2686 1845 2660" 
                    HPOS="976"
                    VPOS="2643"
                    WIDTH="869"
                    HEIGHT="106">
            <Shape><Polygon POINTS="976 2749 1034 2749 1072 2726 1143 2746 1274 2713 1306 2736 1394 2739 1422 2713 1485 2723 1588 2698 1709 2728 1744 2696 1845 2691 1845 2660 1840 2655 1611 2643 1566 2663 1495 2645 1316 2671 1251 2658 1200 2673 1173 2658 999 2678 976 2686 976 2749"/></Shape>
            <String CONTENT="لالا لابنه الملك الصالح علي وقا"
                    HPOS="976"
                    VPOS="2643"
                    WIDTH="869"
                    HEIGHT="106"
                    ></String>
          </TextLine>
        </TextBlock>
        <TextBlock HPOS="1836"
                   VPOS="782"
                   WIDTH="116"
                   HEIGHT="1528"
                   ID="eSc_textblock_7dc4a17e"
                   TAGREFS="BT1063">
          <Shape><Polygon POINTS="1952 782 1952 2310 1836 2310 1836 782"/></Shape>
          <TextLine ID="eSc_line_18d24da5"
                    TAGREFS="LT222"
                    BASELINE="1878 2283 1890 817" 
                    HPOS="1837"
                    VPOS="813"
                    WIDTH="129"
                    HEIGHT="1467">
            <Shape><Polygon POINTS="1837 1447 1837 2278 1953 2280 1958 1873 1911 1696 1913 1452 1928 1424 1916 1341 1931 1314 1918 1258 1951 1150 1941 1092 1961 1064 1943 1022 1966 981 1921 815 1840 813 1853 1266 1837 1306 1853 1397 1837 1437 1837 1447"/></Shape>
            <String CONTENT="ل له هذا
ولدك ربه فقام بتربيته بحيث لا
 يركب ولا يدخل إليه أحد إلا بمشو"
                    HPOS="1837"
                    VPOS="813"
                    WIDTH="129"
                    HEIGHT="1467"
                    ></String>
          </TextLine>
        </TextBlock>
        <TextBlock HPOS="1112"
                   VPOS="130"
                   WIDTH="144"
                   HEIGHT="187"
                   ID="eSc_textblock_d779105d"
                   TAGREFS="BT1063">
          <Shape><Polygon POINTS="1112 130 1112 317 1256 317 1256 130"/></Shape>
          <TextLine ID="eSc_line_2e9d3cd5"
                    TAGREFS="LT220"
                    BASELINE="1182 163 1206 311" 
                    HPOS="1148"
                    VPOS="161"
                    WIDTH="103"
                    HEIGHT="153">
            <Shape><Polygon POINTS="1251 276 1251 274 1241 166 1180 161 1153 163 1148 314 1203 309 1251 302 1251 276"/></Shape>
            <String CONTENT="الجلالى"
                    HPOS="1148"
                    VPOS="161"
                    WIDTH="103"
                    HEIGHT="153"
                    ></String>
          </TextLine>
        </TextBlock>
        <TextBlock HPOS="2141"
                   VPOS="2630"
                   WIDTH="262"
                   HEIGHT="332"
                   ID="eSc_textblock_4208ff74"
                   TAGREFS="BT1062">
          <Shape><Polygon POINTS="2403 2742 2274 2962 2141 2888 2260 2630"/></Shape>
          <TextLine ID="eSc_line_636cb491"
                    TAGREFS="LT1"
                    BASELINE="2209 2893 2310 2718" 
                    HPOS="2205"
                    VPOS="2691"
                    WIDTH="136"
                    HEIGHT="229">
            <Shape><Polygon POINTS="2258 2920 2268 2869 2318 2819 2341 2736 2308 2716 2240 2691 2230 2744 2205 2766 2210 2839 2208 2892 2258 2920"/></Shape>
            <String CONTENT="لال"
                    HPOS="2205"
                    VPOS="2691"
                    WIDTH="136"
                    HEIGHT="229"
                    ></String>
          </TextLine>
        </TextBlock>
        <TextBlock HPOS="1950"
                   VPOS="1749"
                   WIDTH="1"
                   HEIGHT="72"
                   ID="eSc_textblock_9940bf8d"
                   TAGREFS="BT2">
          <Shape><Polygon POINTS="1951 1800 1950 1821 1950 1749"/></Shape>
        </TextBlock>
      </PrintSpace>
    </Page>
  </Layout>
</alto>
