<?xml version="1.0" encoding="UTF-8"?>
<alto xmlns:xsi="http://www.w3.org/2001/XMLSchema-instance"
      xmlns="http://www.loc.gov/standards/alto/ns-v4#"
      xsi:schemaLocation="http://www.loc.gov/standards/alto/ns-v4# http://www.loc.gov/standards/alto/v4/alto-4-2.xsd">
  <Description>
    <MeasurementUnit>pixel</MeasurementUnit>
    <sourceImageInformation>
      <fileName>Muqaffa-or14533-3.pdf_page_79.png</fileName>
      <fileIdentifier>pdf//Muqaffa-or14533-3.pdf</fileIdentifier>
    </sourceImageInformation>
  </Description>
  <Tags>
    <OtherTag ID="BT1094" LABEL="text" DESCRIPTION="block type text"/><OtherTag ID="BT1066" LABEL="Chancery_Material" DESCRIPTION="block type Chancery_Material"/><OtherTag ID="BT1065" LABEL="Flyleaf" DESCRIPTION="block type Flyleaf"/><OtherTag ID="BT1064" LABEL="default" DESCRIPTION="block type default"/><OtherTag ID="BT1063" LABEL="Marginal_Material" DESCRIPTION="block type Marginal_Material"/><OtherTag ID="BT1062" LABEL="Catchword" DESCRIPTION="block type Catchword"/><OtherTag ID="BT4" LABEL="Illustration" DESCRIPTION="block type Illustration"/><OtherTag ID="BT3" LABEL="Commentary" DESCRIPTION="block type Commentary"/><OtherTag ID="BT2" LABEL="Main" DESCRIPTION="block type Main"/><OtherTag ID="BT1" LABEL="Title" DESCRIPTION="block type Title"/>
    <OtherTag ID="LT1" LABEL="Main" DESCRIPTION="line type Main"/><OtherTag ID="LT219" LABEL="default" DESCRIPTION="line type default"/><OtherTag ID="LT220" LABEL="Main-90" DESCRIPTION="line type Main-90"/><OtherTag ID="LT221" LABEL="Main-180" DESCRIPTION="line type Main-180"/><OtherTag ID="LT222" LABEL="Main-270" DESCRIPTION="line type Main-270"/>
  </Tags>
  <Layout>
    <Page WIDTH="3963"
          HEIGHT="3021"
          PHYSICAL_IMG_NR="275"
          ID="eSc_dummypage_">
      <PrintSpace HPOS="0"
                  VPOS="0"
                  WIDTH="3963"
                  HEIGHT="3021">
        <TextBlock HPOS="2041"
                   VPOS="292"
                   WIDTH="1448"
                   HEIGHT="1830"
                   ID="eSc_textblock_b92e55dd"
                   TAGREFS="BT2">
          <Shape><Polygon POINTS="3308 312 3489 362 3479 2102 2082 2122 2041 805 2051 453 2082 312 2125 292"/></Shape>
          <TextLine ID="eSc_line_cdc8d156"
                    BASELINE="2102 367 2223 362" 
                    HPOS="2102"
                    VPOS="307"
                    WIDTH="121"
                    HEIGHT="98">
            <Shape><Polygon POINTS="2102 405 2223 382 2223 362 2203 307 2137 357 2109 357 2102 367 2102 405"/></Shape>
            <String CONTENT="الغليق"
                    HPOS="2102"
                    VPOS="307"
                    WIDTH="121"
                    HEIGHT="98"
                    ></String>
          </TextLine>
          <TextLine ID="eSc_line_2556b93e"
                    BASELINE="2107 430 3089 390 3421 385" 
                    HPOS="2107"
                    VPOS="309"
                    WIDTH="1314"
                    HEIGHT="166">
            <Shape><Polygon POINTS="3411 339 3399 337 2933 352 2862 334 2804 349 2782 327 2729 334 2711 319 2658 339 2631 324 2464 327 2437 309 2293 317 2107 430 2107 475 2369 468 2401 450 2462 463 2530 440 2553 458 2819 450 2842 430 2870 443 2963 422 3008 440 3038 420 3137 417 3164 435 3305 410 3333 430 3419 407 3421 385 3411 339 3411 339"/></Shape>
            <String CONTENT="مع هذه المنزلة العالية ليست له حماية ولا رعاية، ولا
لغلمانه ذكر"
                    HPOS="2107"
                    VPOS="309"
                    WIDTH="1314"
                    HEIGHT="166"
                    ></String>
          </TextLine>
          <TextLine ID="eSc_line_5ad40692"
                    BASELINE="2112 503 3429 468" 
                    HPOS="2112"
                    VPOS="453"
                    WIDTH="1317"
                    HEIGHT="93">
            <Shape><Polygon POINTS="2112 546 2394 541 2439 523 2505 536 2522 521 2573 536 2608 518 2628 533 2751 531 2867 511 2958 526 3054 506 3336 498 3391 513 3429 498 3429 468 3426 463 3164 455 3114 470 3026 453 2991 473 2897 475 2862 455 2784 458 2739 480 2704 460 2653 483 2580 463 2492 485 2424 468 2391 490 2321 473 2263 493 2132 495 2112 503 2112 546"/></Shape>
            <String CONTENT="اف ممطعلة فالحر منه م امكاد معجدبه لاخر حععم وحمع العص"
                    HPOS="2112"
                    VPOS="453"
                    WIDTH="1317"
                    HEIGHT="93"
                    ></String>
          </TextLine>
          <TextLine ID="eSc_line_1ba75385"
                    BASELINE="2087 596 3439 551" 
                    HPOS="2087"
                    VPOS="521"
                    WIDTH="1352"
                    HEIGHT="118">
            <Shape><Polygon POINTS="2087 624 2162 639 2389 616 2578 624 2615 606 2714 619 2855 596 3041 609 3069 589 3187 604 3215 584 3288 601 3439 576 3439 551 3393 538 3132 521 3059 523 3018 548 2991 528 2953 553 2877 556 2807 533 2729 561 2688 536 2646 563 2542 543 2485 568 2442 546 2323 548 2293 573 2140 581 2087 596 2087 624"/></Shape>
            <String CONTENT="الحطعل عا بوكه العمال فعلف تقع الساح فيه كل بعم الفاء ومو به"
                    HPOS="2087"
                    VPOS="521"
                    WIDTH="1352"
                    HEIGHT="118"
                    ></String>
          </TextLine>
          <TextLine ID="eSc_line_1a29648a"
                    BASELINE="2109 682 3441 646" 
                    HPOS="2109"
                    VPOS="626"
                    WIDTH="1332"
                    HEIGHT="101">
            <Shape><Polygon POINTS="2109 727 2429 702 2485 714 2515 699 2537 714 2678 712 2724 692 2769 709 2794 689 2963 704 3008 684 3056 702 3245 697 3275 677 3325 694 3358 674 3441 672 3441 646 3439 641 3172 649 3129 631 3064 652 3021 626 2976 654 2930 629 2774 631 2580 667 2553 646 2474 641 2442 662 2401 649 2296 674 2109 677 2109 682 2109 727"/></Shape>
            <String CONTENT="را سوتن لحا اله يحوا محاله وانها كاس ن عيه الساواان وسع"
                    HPOS="2109"
                    VPOS="626"
                    WIDTH="1332"
                    HEIGHT="101"
                    ></String>
          </TextLine>
          <TextLine ID="eSc_line_5a5d6209"
                    BASELINE="2087 767 3439 732" 
                    HPOS="2087"
                    VPOS="697"
                    WIDTH="1352"
                    HEIGHT="113">
            <Shape><Polygon POINTS="2087 810 2366 810 2419 793 2537 805 2608 785 2688 800 2792 780 2835 798 2857 780 2913 793 2978 775 3134 790 3247 767 3270 785 3338 785 3439 765 3439 732 3421 722 3351 704 3323 725 3270 697 3182 727 3149 704 3127 730 3094 702 2965 704 2910 732 2756 709 2656 730 2578 720 2550 745 2464 730 2172 755 2087 767 2087 810"/></Shape>
            <String CONTENT="الحاريق والفعله فاراتحجارن من عماير السلطان والفعلهم المعيدون"
                    HPOS="2087"
                    VPOS="697"
                    WIDTH="1352"
                    HEIGHT="113"
                    ></String>
          </TextLine>
          <TextLine ID="eSc_line_2dee984b"
                    BASELINE="2094 855 3444 823" 
                    HPOS="2094"
                    VPOS="805"
                    WIDTH="1350"
                    HEIGHT="93">
            <Shape><Polygon POINTS="2094 898 2243 883 2490 893 2568 876 2610 891 2658 873 2777 886 2943 866 3132 878 3159 860 3252 858 3338 873 3444 853 3444 823 3441 818 3227 823 3162 808 3117 825 3028 805 2897 830 2716 813 2542 818 2505 838 2444 825 2401 843 2278 825 2112 848 2094 855 2094 898"/></Shape>
            <String CONTENT="مفثاف سحور ويبلغ مصمووف بكفر ابحر الالغ م حمسرك مه ابصاون"
                    HPOS="2094"
                    VPOS="805"
                    WIDTH="1350"
                    HEIGHT="93"
                    ></String>
          </TextLine>
          <TextLine ID="eSc_line_232b0c1a"
                    BASELINE="2107 949 3449 916" 
                    HPOS="2107"
                    VPOS="896"
                    WIDTH="1342"
                    HEIGHT="105">
            <Shape><Polygon POINTS="2107 1001 2152 981 2205 1001 2487 994 2593 971 2673 989 2699 966 2744 981 2764 966 2794 986 2872 966 2903 984 2986 961 3013 976 3041 954 3137 976 3182 951 3449 946 3449 916 3446 911 3185 903 3111 918 3036 896 2960 913 2829 898 2731 903 2706 928 2623 903 2522 911 2485 933 2447 918 2308 939 2255 913 2225 939 2135 939 2107 949 2107 1001"/></Shape>
            <String CONTENT="الحال فع بحع سفه ودار فريا من العاس بملعف بهم وبسوسهم ا خسن"
                    HPOS="2107"
                    VPOS="896"
                    WIDTH="1342"
                    HEIGHT="105"
                    ></String>
          </TextLine>
          <TextLine ID="eSc_line_76afb2c5"
                    BASELINE="2089 1047 2862 1017 3451 1009" 
                    HPOS="2089"
                    VPOS="974"
                    WIDTH="1362"
                    HEIGHT="111">
            <Shape><Polygon POINTS="2089 1085 2507 1085 2711 1059 2744 1077 2774 1057 2852 1074 2875 1054 3028 1067 3069 1049 3164 1064 3295 1042 3371 1059 3393 1039 3451 1039 3451 1009 3441 999 3358 974 3268 1004 3104 1004 3079 984 3016 984 2784 1014 2762 994 2595 996 2525 1001 2482 1027 2381 1017 2142 1037 2089 1047 2089 1085"/></Shape>
            <String CONTENT="سباسه ومن دحلع امن نصح سغله عا اكر الوجوه رى بن البععا ولن"
                    HPOS="2089"
                    VPOS="974"
                    WIDTH="1362"
                    HEIGHT="111"
                    ></String>
          </TextLine>
          <TextLine ID="eSc_line_3c1af689"
                    BASELINE="2145 1137 3441 1105" 
                    HPOS="2145"
                    VPOS="1085"
                    WIDTH="1296"
                    HEIGHT="105">
            <Shape><Polygon POINTS="2145 1190 2341 1190 2389 1168 2414 1188 2485 1185 2535 1160 2588 1175 2613 1155 2641 1178 2691 1155 2729 1173 2779 1150 2829 1165 2943 1145 3016 1173 3069 1147 3230 1155 3252 1137 3441 1135 3441 1105 3436 1100 3205 1090 3157 1105 3071 1085 3033 1102 2940 1087 2855 1090 2835 1110 2804 1092 2759 1107 2648 1095 2621 1117 2558 1105 2492 1122 2462 1102 2407 1125 2371 1112 2170 1130 2145 1137 2145 1190"/></Shape>
            <String CONTENT="لخالعة س وادا الع عل اخد يوطمعه اوامفة يعول له روح ال الامب"
                    HPOS="2145"
                    VPOS="1085"
                    WIDTH="1296"
                    HEIGHT="105"
                    ></String>
          </TextLine>
          <TextLine ID="eSc_line_2156c734"
                    BASELINE="2157 1233 3449 1198" 
                    HPOS="2157"
                    VPOS="1178"
                    WIDTH="1292"
                    HEIGHT="100">
            <Shape><Polygon POINTS="2157 1278 2412 1278 2452 1258 2522 1273 2553 1253 2583 1273 2704 1271 2726 1248 2822 1261 2910 1243 2955 1263 3018 1243 3066 1261 3099 1243 3263 1248 3293 1233 3336 1253 3361 1231 3449 1231 3449 1198 3396 1190 3174 1183 3157 1198 3114 1178 3089 1195 3049 1180 2993 1200 2960 1180 2804 1183 2676 1210 2653 1188 2615 1188 2550 1190 2517 1215 2434 1193 2396 1218 2273 1208 2187 1223 2157 1233 2157 1278"/></Shape>
            <String CONTENT="أو إمرة يقول له رح إلى الأمير بكتمر قبل يده!
 "
                    HPOS="2157"
                    VPOS="1178"
                    WIDTH="1292"
                    HEIGHT="100"
                    ></String>
          </TextLine>
          <TextLine ID="eSc_line_233aa969"
                    BASELINE="2145 1324 3454 1286" 
                    HPOS="2145"
                    VPOS="1256"
                    WIDTH="1309"
                    HEIGHT="105">
            <Shape><Polygon POINTS="2145 1359 2580 1361 2633 1341 2787 1334 2814 1349 2857 1331 2905 1351 2996 1331 3036 1346 3106 1331 3278 1341 3343 1319 3454 1316 3454 1286 3439 1278 3353 1266 3318 1281 3185 1256 3144 1281 3114 1258 3041 1283 2923 1263 2799 1268 2759 1291 2736 1271 2681 1271 2646 1301 2595 1276 2532 1299 2512 1283 2442 1306 2198 1314 2145 1324 2145 1359"/></Shape>
            <String CONTENT="مستوح لى تحفه ألع ماتتفها معاقه الناص محمال بانة وحتببه و"
                    HPOS="2145"
                    VPOS="1256"
                    WIDTH="1309"
                    HEIGHT="105"
                    ></String>
          </TextLine>
          <TextLine ID="eSc_line_7e088efc"
                    BASELINE="2117 1422 3461 1387" 
                    HPOS="2114"
                    VPOS="1346"
                    WIDTH="1345"
                    HEIGHT="116">
            <Shape><Polygon POINTS="2114 1462 2399 1460 2520 1440 2558 1455 2585 1437 2653 1452 2691 1432 2847 1447 2895 1427 2978 1445 3026 1424 3066 1442 3174 1419 3220 1437 3265 1437 3288 1417 3346 1434 3459 1414 3459 1384 3429 1372 3265 1346 3227 1374 3167 1349 3086 1379 3054 1356 3008 1382 2973 1354 2900 1384 2852 1359 2681 1392 2613 1392 2575 1367 2542 1394 2492 1369 2396 1369 2157 1402 2114 1419 2114 1462"/></Shape>
            <String CONTENT="مكان بعله وحاله تطيرة للساداال ومربع علعه بالزراء كشر والاو"
                    HPOS="2114"
                    VPOS="1346"
                    WIDTH="1345"
                    HEIGHT="116"
                    ></String>
          </TextLine>
          <TextLine ID="eSc_line_9941725b"
                    BASELINE="2097 1520 3466 1480" 
                    HPOS="2097"
                    VPOS="1452"
                    WIDTH="1369"
                    HEIGHT="116">
            <Shape><Polygon POINTS="2097 1553 2122 1568 2326 1548 2439 1560 2464 1540 2553 1555 2782 1530 2837 1548 2958 1525 3036 1543 3059 1523 3220 1535 3258 1518 3466 1510 3466 1480 3464 1472 3424 1452 3361 1452 3318 1477 3127 1465 3101 1485 3038 1462 2933 1465 2613 1497 2510 1477 2469 1502 2407 1485 2381 1505 2122 1513 2097 1520 2097 1553"/></Shape>
            <String CONTENT=" والآلات الذهب ووجد في
خزانته التي حملها معه بعد موته خمسمائة تشريف منها"
                    HPOS="2097"
                    VPOS="1452"
                    WIDTH="1369"
                    HEIGHT="116"
                    ></String>
          </TextLine>
          <TextLine ID="eSc_line_0c9700fd"
                    BASELINE="2099 1621 3459 1573" 
                    HPOS="2099"
                    VPOS="1560"
                    WIDTH="1360"
                    HEIGHT="111">
            <Shape><Polygon POINTS="2099 1661 2240 1671 2316 1648 2361 1664 2409 1643 2444 1661 2615 1636 2696 1653 2721 1633 2754 1651 2958 1646 3157 1618 3227 1633 3263 1613 3459 1613 3459 1573 3456 1568 3237 1575 3200 1560 3064 1583 2993 1563 2933 1588 2890 1565 2668 1573 2618 1575 2593 1601 2346 1591 2308 1611 2099 1616 2099 1621 2099 1661"/></Shape>
            <String CONTENT="هواماسن كعلورم رلس وخوابص وكلمق بات ذهب ولما رع اهنة"
                    HPOS="2099"
                    VPOS="1560"
                    WIDTH="1360"
                    HEIGHT="111"
                    ></String>
          </TextLine>
          <TextLine ID="eSc_line_7d84a797"
                    BASELINE="2119 1714 3466 1684" 
                    HPOS="2119"
                    VPOS="1661"
                    WIDTH="1347"
                    HEIGHT="96">
            <Shape><Polygon POINTS="2119 1752 2321 1757 2407 1739 2454 1754 2636 1734 2678 1749 2799 1732 2903 1744 3132 1721 3240 1737 3275 1719 3381 1732 3466 1714 3466 1684 3464 1679 3174 1684 3056 1661 3026 1681 2935 1664 2903 1691 2845 1691 2792 1666 2754 1689 2701 1676 2661 1696 2568 1671 2525 1686 2298 1679 2135 1706 2119 1714 2119 1752"/></Shape>
            <String CONTENT="وسف م من اعلطال خال سوم بها من فصبع المطل حا مع كه الععل الى"
                    HPOS="2119"
                    VPOS="1661"
                    WIDTH="1347"
                    HEIGHT="96"
                    ></String>
          </TextLine>
          <TextLine ID="eSc_line_afcc5815"
                    BASELINE="2114 1815 3469 1789" 
                    HPOS="2114"
                    VPOS="1757"
                    WIDTH="1355"
                    HEIGHT="108">
            <Shape><Polygon POINTS="2114 1865 2366 1842 2452 1842 2469 1860 2656 1840 2724 1855 2746 1835 2865 1852 2928 1830 2991 1830 3018 1850 3285 1845 3305 1825 3469 1820 3469 1789 3449 1782 3310 1784 3263 1759 3230 1779 3195 1757 3076 1759 3001 1789 2960 1762 2842 1779 2787 1764 2666 1767 2638 1797 2563 1769 2429 1800 2381 1784 2346 1802 2167 1805 2114 1815 2114 1865"/></Shape>
            <String CONTENT="لفيل إلى قلعة الجبل نهارا وكان شيئا خارجا عن الحد في الكثرة من جملته
"
                    HPOS="2114"
                    VPOS="1757"
                    WIDTH="1355"
                    HEIGHT="108"
                    ></String>
          </TextLine>
          <TextLine ID="eSc_line_e13bf9a6"
                    BASELINE="2099 1913 2349 1900 3474 1885" 
                    HPOS="2099"
                    VPOS="1855"
                    WIDTH="1375"
                    HEIGHT="98">
            <Shape><Polygon POINTS="2099 1953 2354 1953 2389 1933 2480 1930 2537 1946 2568 1930 2590 1948 2762 1948 2807 1930 2905 1946 2963 1923 3071 1943 3096 1920 3195 1938 3263 1918 3325 1938 3474 1915 3474 1885 3469 1875 3363 1855 3295 1855 3245 1880 3179 1857 3124 1880 2920 1860 2797 1885 2706 1865 2580 1890 2457 1867 2409 1893 2333 1893 2250 1870 2203 1895 2145 1895 2099 1913 2099 1953"/></Shape>
            <String CONTENT="ومصاغ زنة ثمانين قنطارا من ذهب
 وكان من جملة مرتبه على السلطا"
                    HPOS="2099"
                    VPOS="1855"
                    WIDTH="1375"
                    HEIGHT="98"
                    ></String>
          </TextLine>
          <TextLine ID="eSc_line_218e295e"
                    BASELINE="2109 1988 3477 1966" 
                    HPOS="2109"
                    VPOS="1946"
                    WIDTH="1368"
                    HEIGHT="105">
            <Shape><Polygon POINTS="2109 2051 2253 2051 2303 2024 2341 2049 2419 2034 2495 2046 2570 2014 2749 2041 2784 2011 2933 2008 2958 2024 3051 2006 3076 2031 3142 2021 3157 2036 3268 2016 3293 2029 3368 2001 3477 2011 3477 1966 3472 1961 3172 1963 3023 1946 2938 1948 2918 1966 2867 1948 2746 1971 2714 1951 2535 1958 2505 1976 2457 1958 2432 1976 2381 1963 2359 1978 2145 1981 2109 1988 2109 2051"/></Shape>
            <String CONTENT=" قديوم مقبقان محل العه معها فقفع لانه ورهم حسا باحر كد حفب"
                    HPOS="2109"
                    VPOS="1946"
                    WIDTH="1368"
                    HEIGHT="105"
                    ></String>
          </TextLine>
          <TextLine ID="eSc_line_a6b77196"
                    BASELINE="2978 2059 3474 2054" 
                    HPOS="2978"
                    VPOS="2034"
                    WIDTH="496"
                    HEIGHT="73">
            <Shape><Polygon POINTS="2978 2107 3474 2099 3474 2054 3472 2049 3242 2034 3212 2054 3074 2036 2978 2054 2978 2059 2978 2107"/></Shape>
            <String CONTENT="مبى نم مين من مرد"
                    HPOS="2978"
                    VPOS="2034"
                    WIDTH="496"
                    HEIGHT="73"
                    ></String>
          </TextLine>
        </TextBlock>
        <TextBlock HPOS="485"
                   VPOS="245"
                   WIDTH="1408"
                   HEIGHT="305"
                   ID="eSc_textblock_9ba1d431"
                   TAGREFS="BT2">
          <Shape><Polygon POINTS="1893 245 1864 550 521 515 485 469 496 276 677 271 1524 277"/></Shape>
          <TextLine ID="eSc_line_a66bebea"
                    BASELINE="483 322 1530 322 1634 322 1843 317" 
                    HPOS="480"
                    VPOS="286"
                    WIDTH="1360"
                    HEIGHT="81">
            <Shape><Polygon POINTS="1812 299 1787 299 1762 299 1737 297 1712 297 1686 297 1661 297 1646 294 523 286 503 289 485 289 480 319 480 362 498 349 553 367 722 367 777 349 800 367 1145 367 1190 349 1223 367 1279 349 1472 349 1503 367 1629 367 1659 349 1707 365 1837 349 1840 314 1837 299 1812 299"/></Shape>
            <String CONTENT="مشوف العلا اور بووالدينا ربجعه الله اله صور ولاون"
                    HPOS="480"
                    VPOS="286"
                    WIDTH="1360"
                    HEIGHT="81"
                    ></String>
          </TextLine>
          <TextLine ID="eSc_line_cb663554"
                    BASELINE="1352 424 1845 405" 
                    HPOS="1349"
                    VPOS="380"
                    WIDTH="494"
                    HEIGHT="85">
            <Shape><Polygon POINTS="1349 465 1535 443 1843 448 1843 402 1812 392 1530 380 1477 405 1384 410 1349 422 1349 465"/></Shape>
            <String CONTENT="يعد موب اللام علا الذيب"
                    HPOS="1349"
                    VPOS="380"
                    WIDTH="494"
                    HEIGHT="85"
                    ></String>
          </TextLine>
          <TextLine ID="eSc_line_6f2e1cb5"
                    BASELINE="483 424 1247 424" 
                    HPOS="480"
                    VPOS="392"
                    WIDTH="766"
                    HEIGHT="93">
            <Shape><Polygon POINTS="480 422 480 463 523 485 637 485 715 458 765 483 866 485 964 455 1158 455 1183 470 1246 455 1246 422 1246 417 1107 417 1054 392 966 410 941 392 883 407 793 392 767 407 737 392 699 417 480 417 480 422"/></Shape>
            <String CONTENT="ا سعاد اوفرفه خو ممار من كبر"
                    HPOS="480"
                    VPOS="392"
                    WIDTH="766"
                    HEIGHT="93"
                    ></String>
          </TextLine>
          <TextLine ID="eSc_line_6afd4ad8"
                    BASELINE="1561 485 1840 485" 
                    HPOS="1561"
                    VPOS="460"
                    WIDTH="279"
                    HEIGHT="86">
            <Shape><Polygon POINTS="1561 485 1561 531 1734 546 1757 523 1800 523 1840 546 1840 485 1840 480 1634 460 1561 480 1561 485"/></Shape>
            <String CONTENT="امر اذ ولنه"
                    HPOS="1561"
                    VPOS="460"
                    WIDTH="279"
                    HEIGHT="86"
                    ></String>
          </TextLine>
          <TextLine ID="eSc_line_3abff237"
                    BASELINE="480 1037 1830 1044" 
                    HPOS="475"
                    VPOS="1001"
                    WIDTH="1352"
                    HEIGHT="96">
            <Shape><Polygon POINTS="475 1067 498 1085 624 1069 647 1092 717 1077 755 1090 777 1072 843 1092 888 1069 944 1095 1248 1080 1379 1097 1452 1074 1520 1097 1591 1074 1629 1097 1674 1077 1739 1097 1825 1074 1827 1042 1805 1027 1762 1007 1712 1027 1686 1009 1629 1027 1608 1007 1578 1022 1505 1007 1382 1027 1143 1024 1102 1007 1027 1024 954 1004 901 1022 762 1004 735 1017 672 1001 556 1001 493 1022 478 1034 475 1067"/></Shape>
            <String CONTENT="كلما انهزر سنع الا شفر عن وشف ولاه المكار النصور فار وسامه ذف"
                    HPOS="475"
                    VPOS="1001"
                    WIDTH="1352"
                    HEIGHT="96"
                    ></String>
          </TextLine>
          <TextLine ID="eSc_line_d2f92b5b"
                    BASELINE="480 1137 1825 1137" 
                    HPOS="478"
                    VPOS="1112"
                    WIDTH="1344"
                    HEIGHT="73">
            <Shape><Polygon POINTS="478 1135 478 1163 674 1163 730 1180 788 1163 833 1185 1067 1163 1135 1165 1155 1185 1543 1185 1601 1163 1764 1185 1822 1163 1822 1135 1822 1130 1445 1112 1427 1130 1331 1130 1236 1112 1190 1130 1170 1112 1097 1127 1077 1112 951 1112 830 1130 762 1112 722 1130 478 1130 478 1135"/></Shape>
            <String CONTENT="وقاب بها امل م علم الرب بسح مقدم ااحسا كو المصرمه قلزم ا"
                    HPOS="478"
                    VPOS="1112"
                    WIDTH="1344"
                    HEIGHT="73"
                    ></String>
          </TextLine>
          <TextLine ID="eSc_line_e10d5ef1"
                    BASELINE="480 1219 624 1213 1832 1220" 
                    HPOS="475"
                    VPOS="1180"
                    WIDTH="1355"
                    HEIGHT="88">
            <Shape><Polygon POINTS="475 1246 538 1246 558 1263 624 1246 810 1263 840 1246 999 1266 1059 1248 1268 1248 1367 1268 1591 1268 1608 1251 1757 1268 1827 1251 1830 1218 1744 1208 1462 1208 1362 1185 1321 1205 1195 1205 1153 1183 1042 1188 1017 1205 979 1183 929 1200 876 1183 780 1195 760 1180 576 1180 496 1203 478 1218 475 1246"/></Shape>
            <String CONTENT="سح الوكور وكمر بعارصه في منع ولا يحطا ولا عزل ولا ولايه ألى ان"
                    HPOS="475"
                    VPOS="1180"
                    WIDTH="1355"
                    HEIGHT="88"
                    ></String>
          </TextLine>
          <TextLine ID="eSc_line_30b7830e"
                    BASELINE="480 1308 1827 1301" 
                    HPOS="478"
                    VPOS="1281"
                    WIDTH="1347"
                    HEIGHT="78">
            <Shape><Polygon POINTS="478 1359 526 1329 601 1354 697 1341 805 1356 828 1339 858 1356 966 1331 1022 1354 1097 1331 1256 1354 1316 1331 1372 1354 1505 1329 1571 1351 1641 1329 1661 1344 1696 1324 1822 1324 1825 1299 1822 1293 1631 1296 1606 1281 1362 1299 1336 1283 1314 1299 1231 1283 1148 1299 1133 1283 1014 1283 959 1299 790 1286 767 1301 478 1301 478 1306 478 1359"/></Shape>
            <String CONTENT="صفه حاح عع وسع اسلاول سنه نسع وسبعنم ايه ما ليسس"
                    HPOS="478"
                    VPOS="1281"
                    WIDTH="1347"
                    HEIGHT="78"
                    ></String>
          </TextLine>
          <TextLine ID="eSc_line_c17aeee5"
                    BASELINE="480 1397 1840 1387" 
                    HPOS="475"
                    VPOS="1361"
                    WIDTH="1362"
                    HEIGHT="84">
            <Shape><Polygon POINTS="478 1394 478 1429 503 1445 586 1445 604 1427 629 1445 815 1445 896 1422 1019 1422 1039 1442 1107 1442 1160 1419 1314 1437 1535 1417 1581 1437 1729 1437 1837 1414 1837 1384 1835 1379 1402 1361 1347 1384 1206 1361 1183 1382 1130 1364 1090 1382 1059 1364 873 1364 815 1389 732 1374 596 1389 531 1367 475 1389 478 1394"/></Shape>
            <String CONTENT="الهبا حين االسغر المن ورت واستقر شاوالدواويب به شف برصرب"
                    HPOS="475"
                    VPOS="1361"
                    WIDTH="1362"
                    HEIGHT="84"
                    ></String>
          </TextLine>
          <TextLine ID="eSc_line_c7c506e8"
                    BASELINE="480 1479 1822 1470" 
                    HPOS="478"
                    VPOS="1445"
                    WIDTH="1342"
                    HEIGHT="85">
            <Shape><Polygon POINTS="478 1530 536 1515 810 1528 840 1507 886 1525 1029 1507 1065 1525 1148 1505 1180 1523 1301 1523 1321 1507 1616 1502 1696 1520 1712 1505 1787 1518 1817 1502 1820 1467 1817 1462 1568 1465 1480 1445 1425 1467 1374 1447 1233 1447 1208 1467 1145 1447 1080 1450 1057 1470 906 1450 876 1470 830 1457 722 1472 702 1457 667 1472 480 1472 478 1477 478 1530"/></Shape>
            <String CONTENT="ب سهز رخ به منه بماسن ما بدكر المحر وقدم مصر واسهر من اسرانها وصدم"
                    HPOS="478"
                    VPOS="1445"
                    WIDTH="1342"
                    HEIGHT="85"
                    ></String>
          </TextLine>
          <TextLine ID="eSc_line_162b9673"
                    BASELINE="480 1563 1837 1558" 
                    HPOS="478"
                    VPOS="1528"
                    WIDTH="1357"
                    HEIGHT="80">
            <Shape><Polygon POINTS="478 1593 823 1608 863 1591 883 1608 941 1608 992 1591 1044 1608 1070 1591 1153 1608 1289 1588 1334 1603 1566 1588 1601 1606 1623 1588 1676 1606 1832 1588 1835 1555 1792 1548 1236 1528 1216 1548 1150 1550 1032 1530 926 1548 893 1530 851 1550 830 1530 793 1548 775 1530 674 1530 626 1550 518 1550 478 1560 478 1593"/></Shape>
            <String CONTENT="الملة لاسرفخلر وصام الارا او اخرحوا من صدمه الساطة الم مدمه"
                    HPOS="478"
                    VPOS="1528"
                    WIDTH="1357"
                    HEIGHT="80"
                    ></String>
          </TextLine>
          <TextLine ID="eSc_line_27809da3"
                    BASELINE="480 1658 1837 1646" 
                    HPOS="478"
                    VPOS="1623"
                    WIDTH="1357"
                    HEIGHT="83">
            <Shape><Polygon POINTS="478 1686 589 1686 626 1706 687 1686 808 1704 830 1684 976 1704 1034 1681 1075 1701 1251 1701 1271 1684 1490 1699 1515 1681 1563 1699 1835 1674 1835 1643 1830 1641 1384 1623 1329 1643 1289 1623 1168 1646 1067 1628 1039 1646 1017 1626 868 1628 848 1648 805 1633 777 1648 687 1636 478 1651 478 1656 478 1686"/></Shape>
            <String CONTENT="الفهمع ربحا واكمع ا طعامه ابع وحه ورطال الاسرف واكل عمف"
                    HPOS="478"
                    VPOS="1623"
                    WIDTH="1357"
                    HEIGHT="83"
                    ></String>
          </TextLine>
          <TextLine ID="eSc_line_b12cb3d1"
                    BASELINE="480 1753 1822 1737" 
                    HPOS="478"
                    VPOS="1714"
                    WIDTH="1342"
                    HEIGHT="91">
            <Shape><Polygon POINTS="478 1792 566 1787 616 1805 634 1787 800 1784 851 1802 908 1784 1014 1800 1070 1779 1243 1797 1379 1779 1435 1794 1455 1777 1613 1792 1641 1772 1770 1784 1820 1769 1820 1734 1815 1729 1510 1714 1493 1729 1435 1714 1321 1734 1286 1716 1238 1737 1049 1719 986 1737 881 1721 790 1742 511 1744 478 1752 478 1792"/></Shape>
            <String CONTENT="كره فاقاكر السلط مرعليه ويكرفا رجع فل ملكا لا يفرف بعم ابيه كومه ر"
                    HPOS="478"
                    VPOS="1714"
                    WIDTH="1342"
                    HEIGHT="91"
                    ></String>
          </TextLine>
          <TextLine ID="eSc_line_0205210f"
                    BASELINE="480 1823 803 1840 1820 1840" 
                    HPOS="475"
                    VPOS="1810"
                    WIDTH="1342"
                    HEIGHT="85">
            <Shape><Polygon POINTS="475 1873 531 1890 619 1873 677 1893 918 1893 956 1873 1117 1893 1140 1873 1213 1873 1306 1895 1364 1875 1407 1890 1538 1875 1558 1895 1727 1895 1815 1875 1817 1837 1777 1830 1548 1830 1528 1815 1304 1830 1228 1812 1203 1827 1027 1812 994 1827 908 1812 664 1825 639 1810 478 1825 478 1822 475 1873"/></Shape>
            <String CONTENT="لره الى اركم مت ح ممنه ملت ومع وسع مه وانهم ابار كسع بالا"
                    HPOS="475"
                    VPOS="1810"
                    WIDTH="1342"
                    HEIGHT="85"
                    ></String>
          </TextLine>
          <TextLine ID="eSc_line_87c28a6e"
                    BASELINE="465 1928 1843 1933" 
                    HPOS="463"
                    VPOS="1900"
                    WIDTH="1380"
                    HEIGHT="93">
            <Shape><Polygon POINTS="465 1928 463 1968 717 1976 732 1991 803 1971 843 1991 898 1973 934 1991 1122 1991 1165 1973 1216 1993 1296 1991 1316 1973 1417 1993 1515 1993 1568 1973 1626 1993 1840 1973 1843 1933 1840 1928 1608 1928 1555 1905 1490 1925 1455 1905 1382 1928 1319 1903 1221 1928 1190 1905 1148 1920 1112 1900 939 1900 893 1920 866 1903 840 1925 808 1908 707 1925 674 1905 629 1925 599 1900 556 1923 465 1923 465 1928"/></Shape>
            <String CONTENT="بلموب الحزيدارت الا يريدر الديز اجدار امصر اسبشهه فى واقعه"
                    HPOS="463"
                    VPOS="1900"
                    WIDTH="1380"
                    HEIGHT="93"
                    ></String>
          </TextLine>
          <TextLine ID="eSc_line_19f7cb97"
                    BASELINE="757 2034 1853 2019" 
                    HPOS="755"
                    VPOS="1998"
                    WIDTH="1098"
                    HEIGHT="86">
            <Shape><Polygon POINTS="757 2034 757 2084 810 2066 830 2081 1122 2061 1301 2076 1339 2059 1475 2074 1850 2054 1853 2019 1850 2016 1616 1998 1561 2016 1535 1998 1407 2021 1349 2001 1301 2024 1117 2026 1092 2008 1057 2026 1012 2006 992 2026 929 2029 790 2008 755 2029 757 2034"/></Shape>
            <String CONTENT="ااسار على لمص ع وابع حشب رحب سسنه ما يين وس به"
                    HPOS="755"
                    VPOS="1998"
                    WIDTH="1098"
                    HEIGHT="86"
                    ></String>
          </TextLine>
          <TextLine ID="eSc_line_df3d6196"
                    BASELINE="453 2117 1835 2099" 
                    HPOS="450"
                    VPOS="2076"
                    WIDTH="1385"
                    HEIGHT="91">
            <Shape><Polygon POINTS="453 2117 453 2144 657 2147 677 2167 921 2139 1241 2162 1480 2157 1555 2137 1611 2157 1651 2137 1835 2127 1835 2099 1830 2094 1336 2087 1216 2102 1198 2084 1155 2099 1090 2084 1044 2102 1012 2076 976 2094 959 2076 818 2092 450 2081 453 2117"/></Shape>
            <String CONTENT="مموت العلا بي الاير بدر الدباحد الامرا السورمه فلاون"
                    HPOS="450"
                    VPOS="2076"
                    WIDTH="1385"
                    HEIGHT="91"
                    ></String>
          </TextLine>
          <TextLine ID="eSc_line_324f4559"
                    BASELINE="470 2185 848 2200 1825 2185" 
                    HPOS="468"
                    VPOS="2165"
                    WIDTH="1357"
                    HEIGHT="88">
            <Shape><Polygon POINTS="470 2185 470 2230 556 2245 677 2230 772 2253 858 2227 881 2250 1065 2250 1160 2235 1301 2248 1321 2230 1384 2248 1447 2222 1493 2245 1586 2227 1606 2243 1621 2227 1659 2240 1691 2222 1825 2220 1825 2185 1822 2180 1382 2165 1304 2185 1077 2167 1044 2187 913 2187 896 2170 468 2182 470 2185"/></Shape>
            <String CONTENT="منصر الجدر جب حرشنه وكاتت با كعامه بور الخميس البصف ف"
                    HPOS="468"
                    VPOS="2165"
                    WIDTH="1357"
                    HEIGHT="88"
                    ></String>
          </TextLine>
          <TextLine ID="eSc_line_84f9548a"
                    BASELINE="1189 2301 1830 2265" 
                    HPOS="1188"
                    VPOS="2255"
                    WIDTH="639"
                    HEIGHT="78">
            <Shape><Polygon POINTS="1188 2326 1359 2333 1402 2311 1447 2323 1578 2300 1613 2318 1659 2300 1686 2313 1709 2293 1785 2308 1827 2288 1827 2263 1805 2255 1397 2260 1216 2290 1188 2300 1188 2326"/></Shape>
            <String CONTENT=" ك سنه ملش وتسعوبما"
                    HPOS="1188"
                    VPOS="2255"
                    WIDTH="639"
                    HEIGHT="78"
                    ></String>
          </TextLine>
          <TextLine ID="eSc_line_c0ff5635"
                    BASELINE="501 2381 1830 2356" 
                    HPOS="498"
                    VPOS="2343"
                    WIDTH="1332"
                    HEIGHT="91">
            <Shape><Polygon POINTS="501 2381 501 2411 581 2429 642 2409 722 2434 830 2419 898 2431 969 2414 1002 2429 1135 2426 1165 2409 1296 2424 1326 2396 1420 2419 1447 2396 1498 2409 1656 2391 1696 2406 1830 2389 1830 2356 1827 2351 1306 2348 1223 2363 1193 2348 1105 2366 1039 2348 1024 2366 961 2343 881 2363 815 2346 747 2363 717 2348 498 2348 501 2381"/></Shape>
            <String CONTENT="بموم الا زرف الايرمدواله يسوى في خ رمه المكر العا دل"
                    HPOS="498"
                    VPOS="2343"
                    WIDTH="1332"
                    HEIGHT="91"
                    ></String>
          </TextLine>
          <TextLine ID="eSc_line_a490da24"
                    BASELINE="609 2469 820 2474 1835 2436" 
                    HPOS="606"
                    VPOS="2419"
                    WIDTH="1229"
                    HEIGHT="98">
            <Shape><Polygon POINTS="609 2469 609 2517 898 2517 976 2499 1007 2512 1130 2489 1261 2504 1291 2484 1387 2494 1409 2479 1445 2494 1513 2479 1528 2494 1563 2477 1618 2489 1832 2467 1835 2436 1764 2429 1571 2421 1520 2436 1477 2419 1347 2424 1329 2439 1253 2429 1236 2447 1185 2429 1047 2436 1027 2454 981 2436 964 2457 843 2444 820 2462 606 2464 609 2469"/></Shape>
            <String CONTENT="كصبعا وصوا ميوالف سلطن واعطاه أمرة وامر معه نح"
                    HPOS="606"
                    VPOS="2419"
                    WIDTH="1229"
                    HEIGHT="98"
                    ></String>
          </TextLine>
          <TextLine ID="eSc_line_a3fbb110"
                    BASELINE="511 2567 1837 2527" 
                    HPOS="511"
                    VPOS="2499"
                    WIDTH="1326"
                    HEIGHT="119">
            <Shape><Polygon POINTS="511 2605 576 2615 604 2600 624 2618 760 2595 871 2613 1173 2605 1203 2590 1256 2603 1339 2577 1397 2595 1505 2572 1641 2590 1659 2570 1754 2565 1837 2580 1837 2527 1830 2522 1699 2525 1649 2504 1621 2520 1601 2499 1417 2504 1274 2509 1246 2532 1173 2512 999 2547 939 2530 871 2550 833 2532 788 2552 546 2560 511 2567 511 2605"/></Shape>
            <String CONTENT="امسنا دارم اعرلوا وفطلوك وكلهى مم ليكه فى يوم واحد وهو راسع"
                    HPOS="511"
                    VPOS="2499"
                    WIDTH="1326"
                    HEIGHT="119"
                    ></String>
          </TextLine>
          <TextLine ID="eSc_line_87822956"
                    BASELINE="503 2645 1822 2615" 
                    HPOS="503"
                    VPOS="2590"
                    WIDTH="1319"
                    HEIGHT="111">
            <Shape><Polygon POINTS="503 2698 624 2681 704 2701 772 2678 828 2701 883 2683 939 2701 992 2678 1044 2696 1125 2696 1148 2678 1382 2691 1515 2658 1548 2686 1598 2686 1623 2655 1822 2650 1822 2615 1815 2610 1696 2613 1674 2590 1636 2590 1596 2615 1550 2615 1488 2593 1435 2618 1377 2595 1218 2620 1175 2600 1138 2625 1080 2613 989 2628 934 2608 800 2633 767 2618 752 2633 531 2638 503 2645 503 2698"/></Shape>
            <String CONTENT="ع ه حرم سنه أربع فرج وسهايه وميدموم خلع العاد وكسعا بجل"
                    HPOS="503"
                    VPOS="2590"
                    WIDTH="1319"
                    HEIGHT="111"
                    ></String>
          </TextLine>
        </TextBlock>
        <TextBlock HPOS="230"
                   VPOS="273"
                   WIDTH="249"
                   HEIGHT="1634"
                   ID="eSc_textblock_3dceaf71"
                   TAGREFS="BT1063">
          <Shape><Polygon POINTS="241 1844 230 1078 301 1049 321 273 479 282 475 1898 432 1907"/></Shape>
          <TextLine ID="eSc_line_8ad7e157"
                    TAGREFS="LT220"
                    BASELINE="282 1093 314 1845" 
                    HPOS="231"
                    VPOS="1092"
                    WIDTH="91"
                    HEIGHT="750">
            <Shape><Polygon POINTS="317 1840 322 1465 287 1092 281 1092 249 1095 231 1218 239 1359 259 1387 246 1593 269 1623 251 1716 274 1762 259 1810 274 1842 312 1842 317 1840"/></Shape>
            <String CONTENT="ه شرهم مصوه فمع كم عر لي بطر"
                    HPOS="231"
                    VPOS="1092"
                    WIDTH="91"
                    HEIGHT="750"
                    ></String>
          </TextLine>
          <TextLine ID="eSc_line_eb9b26f2"
                    TAGREFS="LT220"
                    BASELINE="447 286 440 1859" 
                    HPOS="395"
                    VPOS="281"
                    WIDTH="75"
                    HEIGHT="1576">
            <Shape><Polygon POINTS="445 284 420 281 420 370 397 425 397 626 412 649 395 845 417 918 395 946 395 1080 415 1102 395 1183 417 1293 397 1346 415 1379 395 1412 415 1513 405 1855 438 1857 465 1855 470 284 445 284"/></Shape>
            <String CONTENT="فياقد مي مروق معررف ن درقام مع لببعا تي سعى شحاكى وصاريجلسفوق لامزواكانه"
                    HPOS="395"
                    VPOS="281"
                    WIDTH="75"
                    HEIGHT="1576"
                    ></String>
          </TextLine>
          <TextLine ID="eSc_line_61a1f18f"
                    TAGREFS="LT220"
                    BASELINE="369 287 374 1857" 
                    HPOS="317"
                    VPOS="286"
                    WIDTH="100"
                    HEIGHT="1569">
            <Shape><Polygon POINTS="339 286 334 468 317 493 339 568 317 594 334 750 317 770 332 860 317 886 317 1032 344 1379 344 1457 327 1475 344 1505 327 1550 337 1606 319 1623 344 1679 319 1749 344 1852 372 1855 417 1591 417 1293 382 1190 412 1117 377 1054 397 893 377 835 377 375 367 286 339 286"/></Shape>
            <String CONTENT=" وأصابه مرض في رجله فكان يصعد إلى القلعة راكبا وينزل على باب دار
"
                    HPOS="317"
                    VPOS="286"
                    WIDTH="100"
                    HEIGHT="1569"
                    ></String>
          </TextLine>
        </TextBlock>
        <TextBlock HPOS="422"
                   VPOS="972"
                   WIDTH="1458"
                   HEIGHT="1714"
                   ID="eSc_textblock_7018eb0a"
                   TAGREFS="BT2">
          <Shape><Polygon POINTS="487 989 1870 989 1880 1669 1840 2676 503 2686 463 2655 473 2356 422 2132 422 2084 483 2071 472 2024 487 2024 487 1975 485 1975 485 972 487 972"/></Shape>
        </TextBlock>
      </PrintSpace>
    </Page>
  </Layout>
</alto>
