<?xml version="1.0" encoding="UTF-8"?>
<alto xmlns:xsi="http://www.w3.org/2001/XMLSchema-instance"
      xmlns="http://www.loc.gov/standards/alto/ns-v4#"
      xsi:schemaLocation="http://www.loc.gov/standards/alto/ns-v4# http://www.loc.gov/standards/alto/v4/alto-4-2.xsd">
  <Description>
    <MeasurementUnit>pixel</MeasurementUnit>
    <sourceImageInformation>
      <fileName>Muqaffa-or14533-3.pdf_page_69.png</fileName>
      <fileIdentifier>pdf//Muqaffa-or14533-3.pdf</fileIdentifier>
    </sourceImageInformation>
  </Description>
  <Tags>
    <OtherTag ID="BT1094" LABEL="text" DESCRIPTION="block type text"/><OtherTag ID="BT1066" LABEL="Chancery_Material" DESCRIPTION="block type Chancery_Material"/><OtherTag ID="BT1065" LABEL="Flyleaf" DESCRIPTION="block type Flyleaf"/><OtherTag ID="BT1064" LABEL="default" DESCRIPTION="block type default"/><OtherTag ID="BT1063" LABEL="Marginal_Material" DESCRIPTION="block type Marginal_Material"/><OtherTag ID="BT1062" LABEL="Catchword" DESCRIPTION="block type Catchword"/><OtherTag ID="BT4" LABEL="Illustration" DESCRIPTION="block type Illustration"/><OtherTag ID="BT3" LABEL="Commentary" DESCRIPTION="block type Commentary"/><OtherTag ID="BT2" LABEL="Main" DESCRIPTION="block type Main"/><OtherTag ID="BT1" LABEL="Title" DESCRIPTION="block type Title"/>
    <OtherTag ID="LT1" LABEL="Main" DESCRIPTION="line type Main"/><OtherTag ID="LT219" LABEL="default" DESCRIPTION="line type default"/><OtherTag ID="LT220" LABEL="Main-90" DESCRIPTION="line type Main-90"/><OtherTag ID="LT221" LABEL="Main-180" DESCRIPTION="line type Main-180"/><OtherTag ID="LT222" LABEL="Main-270" DESCRIPTION="line type Main-270"/>
  </Tags>
  <Layout>
    <Page WIDTH="3991"
          HEIGHT="3021"
          PHYSICAL_IMG_NR="265"
          ID="eSc_dummypage_">
      <PrintSpace HPOS="0"
                  VPOS="0"
                  WIDTH="3991"
                  HEIGHT="3021">
        <TextBlock HPOS="2052"
                   VPOS="433"
                   WIDTH="1435"
                   HEIGHT="1820"
                   ID="eSc_textblock_effe9ced"
                   TAGREFS="BT1065">
          <Shape><Polygon POINTS="3316 433 3487 483 3487 2041 3447 2253 2082 2253 2052 543 2102 473 2193 443 2676 433"/></Shape>
          <TextLine ID="eSc_line_a5fd887f"
                    TAGREFS="LT1"
                    BASELINE="2092 541 3439 500" 
                    HPOS="2089"
                    VPOS="450"
                    WIDTH="1350"
                    HEIGHT="129">
            <Shape><Polygon POINTS="2092 541 2092 579 3439 538 3439 500 3437 468 3326 450 3230 473 2933 468 2845 485 2523 470 2492 493 2449 473 2351 475 2336 493 2296 478 2089 485 2092 541"/></Shape>
            <String CONTENT="جسا ينكر اخم حتى الحليفةت عقة بسببه وهرونا الساردبع طمع كببو"
                    HPOS="2089"
                    VPOS="450"
                    WIDTH="1350"
                    HEIGHT="129"
                    ></String>
          </TextLine>
          <TextLine ID="eSc_line_5a98f531"
                    TAGREFS="LT1"
                    BASELINE="2097 611 3442 586" 
                    HPOS="2097"
                    VPOS="573"
                    WIDTH="1345"
                    HEIGHT="91">
            <Shape><Polygon POINTS="2097 662 2160 646 2178 664 2228 664 2258 641 2303 662 2331 646 2447 659 2472 639 2543 639 2563 657 2661 639 2767 654 2794 636 2865 649 2903 629 2963 649 3074 626 3293 644 3331 624 3442 619 3442 586 3439 581 3087 589 2935 573 2913 591 2774 576 2704 596 2664 579 2623 599 2560 581 2495 601 2346 586 2326 604 2288 591 2097 606 2097 611 2097 662"/></Shape>
            <String CONTENT="مام ابم ملوعاصل ماسوا بجليغ ل عنا مصحه ولغ و ان يحعنك"
                    HPOS="2097"
                    VPOS="573"
                    WIDTH="1345"
                    HEIGHT="91"
                    ></String>
          </TextLine>
          <TextLine ID="eSc_line_69c03fc2"
                    TAGREFS="LT1"
                    BASELINE="2102 712 3454 679" 
                    HPOS="2102"
                    VPOS="664"
                    WIDTH="1352"
                    HEIGHT="86">
            <Shape><Polygon POINTS="2102 750 2253 732 2339 747 2724 740 2744 720 2933 735 2988 714 3097 730 3182 709 3225 725 3248 707 3341 725 3371 704 3454 702 3454 679 3452 674 3200 679 3182 664 3167 679 3099 664 3082 682 3008 684 2966 664 2913 687 2729 674 2648 692 2517 674 2407 697 2308 679 2117 704 2102 712 2102 750"/></Shape>
            <String CONTENT=" تكست سع له هبب خليفه ومهبتم مروعا مصمر وبعا مارهم"
                    HPOS="2102"
                    VPOS="664"
                    WIDTH="1352"
                    HEIGHT="86"
                    ></String>
          </TextLine>
          <TextLine ID="eSc_line_bb6b577e"
                    TAGREFS="LT1"
                    BASELINE="2107 785 3452 762" 
                    HPOS="2107"
                    VPOS="745"
                    WIDTH="1345"
                    HEIGHT="93">
            <Shape><Polygon POINTS="2107 830 2233 838 2286 810 2394 835 2462 808 2580 830 2679 813 2716 828 2777 803 2840 828 2883 800 2920 823 3001 825 3024 800 3049 815 3066 798 3202 820 3243 795 3313 808 3333 793 3449 793 3452 762 3449 757 3044 745 2986 762 2900 747 2850 767 2820 750 2701 750 2616 772 2585 755 2550 775 2404 762 2351 777 2336 762 2107 780 2107 785 2107 830"/></Shape>
            <String CONTENT="معا وم واهم وحلمانهم منما وجاء الليل مجة اسحق ننه محر حف"
                    HPOS="2107"
                    VPOS="745"
                    WIDTH="1345"
                    HEIGHT="93"
                    ></String>
          </TextLine>
          <TextLine ID="eSc_line_7cca969d"
                    TAGREFS="LT1"
                    BASELINE="2160 868 3449 853" 
                    HPOS="2160"
                    VPOS="835"
                    WIDTH="1289"
                    HEIGHT="83">
            <Shape><Polygon POINTS="2160 916 2371 918 2444 896 2512 916 2732 913 2820 891 2993 911 3024 888 3114 908 3134 893 3278 906 3311 886 3447 886 3449 853 3447 848 3192 838 3177 853 3087 853 3021 835 2905 855 2658 840 2641 858 2444 843 2427 860 2379 845 2349 863 2160 863 2160 868 2160 916"/></Shape>
            <String CONTENT="مرح بسعى م وصيف اسى احمه ومعر مليوجلا حفط معه"
                    HPOS="2160"
                    VPOS="835"
                    WIDTH="1289"
                    HEIGHT="83"
                    ></String>
          </TextLine>
          <TextLine ID="eSc_line_3aa8fea2"
                    TAGREFS="LT1"
                    BASELINE="2089 959 3454 941" 
                    HPOS="2089"
                    VPOS="913"
                    WIDTH="1365"
                    HEIGHT="88">
            <Shape><Polygon POINTS="2089 996 2661 1001 2789 981 2832 999 2898 979 3061 996 3087 976 3202 994 3454 974 3454 941 3447 933 3112 913 3056 939 2958 916 2920 939 2782 918 2749 941 2726 918 2691 918 2656 944 2525 921 2470 946 2359 923 2125 949 2089 959 2089 996"/></Shape>
            <String CONTENT="فاحببح عند العبر وفل له ما مع الموتلح متعا مناها هنا الامر"
                    HPOS="2089"
                    VPOS="913"
                    WIDTH="1365"
                    HEIGHT="88"
                    ></String>
          </TextLine>
          <TextLine ID="eSc_line_acde9bda"
                    TAGREFS="LT1"
                    BASELINE="2105 1042 3454 1029" 
                    HPOS="2105"
                    VPOS="1012"
                    WIDTH="1349"
                    HEIGHT="78">
            <Shape><Polygon POINTS="2105 1072 2167 1090 2344 1087 2387 1069 2611 1087 2643 1069 2694 1085 2732 1064 2807 1085 2865 1064 3089 1082 3122 1062 3235 1080 3306 1059 3452 1059 3454 1029 3452 1024 3228 1014 3172 1029 3152 1012 3056 1029 3039 1012 2963 1012 2890 1032 2865 1014 2792 1014 2759 1032 2742 1014 2676 1014 2658 1032 2540 1034 2523 1017 2384 1017 2366 1037 2105 1037 2105 1042 2105 1072"/></Shape>
            <String CONTENT="ببضعم مب دما خببه اخبعت معا ل لله احلف لى امت نبحد ومعى"
                    HPOS="2105"
                    VPOS="1012"
                    WIDTH="1349"
                    HEIGHT="78"
                    ></String>
          </TextLine>
          <TextLine ID="eSc_line_df87a87a"
                    TAGREFS="LT1"
                    BASELINE="2077 1149 3452 1127" 
                    HPOS="2074"
                    VPOS="1092"
                    WIDTH="1375"
                    HEIGHT="96">
            <Shape><Polygon POINTS="2074 1173 2246 1170 2278 1185 2316 1170 2364 1188 2402 1168 2535 1168 2684 1183 2905 1178 2925 1160 2971 1178 3034 1163 3139 1175 3175 1155 3296 1153 3404 1170 3447 1153 3449 1125 3439 1117 3376 1092 3288 1092 3210 1115 3152 1095 2983 1117 2910 1100 2873 1125 2701 1127 2664 1105 2631 1130 2585 1130 2535 1105 2439 1132 2336 1120 2132 1137 2074 1147 2074 1173"/></Shape>
            <String CONTENT="تسلمن محاف له واحدرمه الى سومف رافي مبلقاه امو العبا سن"
                    HPOS="2074"
                    VPOS="1092"
                    WIDTH="1375"
                    HEIGHT="96"
                    ></String>
          </TextLine>
          <TextLine ID="eSc_line_8c643c67"
                    TAGREFS="LT1"
                    BASELINE="2145 1228 3464 1208" 
                    HPOS="2145"
                    VPOS="1183"
                    WIDTH="1319"
                    HEIGHT="100">
            <Shape><Polygon POINTS="2145 1261 2208 1283 2278 1283 2314 1261 2369 1281 2482 1266 2555 1278 2608 1256 2661 1276 2711 1256 2802 1276 2830 1258 2885 1273 2933 1256 3034 1271 3142 1246 3260 1248 3291 1268 3351 1243 3464 1241 3464 1208 3462 1203 3235 1205 3175 1188 3089 1208 3021 1183 2968 1205 2930 1185 2807 1185 2774 1210 2739 1188 2608 1215 2525 1190 2472 1218 2397 1193 2364 1208 2311 1193 2225 1195 2157 1220 2145 1228 2145 1261"/></Shape>
            <String CONTENT="المعمق وصاعد ن نخله كانب لوفق فسلم استحف الغنه الرصا"
                    HPOS="2145"
                    VPOS="1183"
                    WIDTH="1319"
                    HEIGHT="100"
                    ></String>
          </TextLine>
          <TextLine ID="eSc_line_4e602d91"
                    TAGREFS="LT1"
                    BASELINE="2130 1309 3464 1314" 
                    HPOS="2127"
                    VPOS="1283"
                    WIDTH="1337"
                    HEIGHT="84">
            <Shape><Polygon POINTS="2127 1341 2180 1364 2223 1341 2281 1364 2470 1364 2485 1349 2510 1364 2601 1349 2704 1364 2794 1341 2822 1361 2845 1344 2875 1367 2951 1346 3014 1367 3187 1344 3462 1344 3464 1314 3462 1309 3338 1309 3301 1288 3250 1301 3225 1286 3129 1286 3076 1306 3016 1286 2968 1309 2941 1286 2807 1299 2794 1283 2694 1306 2621 1306 2593 1283 2467 1306 2132 1304 2130 1309 2127 1341"/></Shape>
            <String CONTENT="عا توله د اوووكا مه مايدا في كمسابه رحا بمنحق مف له جعب"
                    HPOS="2127"
                    VPOS="1283"
                    WIDTH="1337"
                    HEIGHT="84"
                    ></String>
          </TextLine>
          <TextLine ID="eSc_line_f37c4b09"
                    TAGREFS="LT1"
                    BASELINE="2112 1394 3469 1399" 
                    HPOS="2110"
                    VPOS="1367"
                    WIDTH="1359"
                    HEIGHT="83">
            <Shape><Polygon POINTS="2110 1437 3011 1450 3139 1432 3467 1432 3469 1399 3457 1392 3250 1377 3160 1392 3109 1369 3026 1392 2988 1392 2963 1369 2601 1389 2575 1369 2550 1389 2475 1389 2442 1367 2273 1389 2251 1367 2190 1367 2160 1389 2115 1389 2112 1394 2110 1437"/></Shape>
            <String CONTENT="السه دوم ورسول اته رطولو اليه وهوه مشق واخع ابعا بالعنهم"
                    HPOS="2110"
                    VPOS="1367"
                    WIDTH="1359"
                    HEIGHT="83"
                    ></String>
          </TextLine>
          <TextLine ID="eSc_line_45199776"
                    TAGREFS="LT1"
                    BASELINE="2105 1475 3469 1482" 
                    HPOS="2102"
                    VPOS="1450"
                    WIDTH="1367"
                    HEIGHT="85">
            <Shape><Polygon POINTS="2105 1475 2102 1518 2739 1533 2792 1515 2827 1533 2845 1515 2958 1515 2996 1533 3064 1518 3139 1535 3210 1518 3280 1533 3311 1518 3348 1533 3467 1518 3469 1482 3469 1477 3348 1477 3323 1452 3155 1467 3139 1452 3014 1450 2976 1472 2923 1450 2799 1450 2769 1467 2719 1455 2689 1475 2389 1472 2374 1457 2331 1472 2105 1470 2105 1475"/></Shape>
            <String CONTENT="ملسب لي اعاله بحمال القضاه والففهاء قل اجتمعوا عيف به مشو ا سبعيا"
                    HPOS="2102"
                    VPOS="1450"
                    WIDTH="1367"
                    HEIGHT="85"
                    ></String>
          </TextLine>
          <TextLine ID="eSc_line_8f6d8b96"
                    TAGREFS="LT1"
                    BASELINE="2105 1563 3472 1573" 
                    HPOS="2102"
                    VPOS="1543"
                    WIDTH="1370"
                    HEIGHT="83">
            <Shape><Polygon POINTS="2102 1601 2789 1623 3082 1603 3109 1623 3177 1626 3197 1608 3233 1626 3280 1606 3303 1621 3469 1606 3472 1573 3437 1565 3152 1565 3129 1548 3029 1548 3014 1563 2797 1563 2782 1545 2739 1560 2621 1545 2414 1558 2387 1543 2107 1555 2105 1563 2102 1601"/></Shape>
            <String CONTENT="س لع المومف فافباه من حض بات سخلعه ااعارافا ن صعف"
                    HPOS="2102"
                    VPOS="1543"
                    WIDTH="1370"
                    HEIGHT="83"
                    ></String>
          </TextLine>
          <TextLine ID="eSc_line_2f28c602"
                    TAGREFS="LT1"
                    BASELINE="2130 1661 3467 1653" 
                    HPOS="2130"
                    VPOS="1633"
                    WIDTH="1337"
                    HEIGHT="83">
            <Shape><Polygon POINTS="2130 1699 2268 1716 2346 1696 2369 1716 2452 1696 2525 1714 3019 1714 3119 1691 3270 1691 3308 1711 3348 1691 3467 1691 3467 1653 3464 1648 3187 1633 3165 1651 3056 1633 3011 1653 2847 1636 2772 1653 2724 1636 2664 1653 2583 1636 2565 1653 2414 1641 2387 1656 2359 1641 2130 1656 2130 1661 2130 1699"/></Shape>
            <String CONTENT="اسلا مم فمعا فار عنه احم جولوت وكبب كباب لع طع بان خايق"
                    HPOS="2130"
                    VPOS="1633"
                    WIDTH="1337"
                    HEIGHT="83"
                    ></String>
          </TextLine>
          <TextLine ID="eSc_line_44e99f42"
                    TAGREFS="LT1"
                    BASELINE="2120 1762 3464 1749" 
                    HPOS="2120"
                    VPOS="1721"
                    WIDTH="1344"
                    HEIGHT="91">
            <Shape><Polygon POINTS="2120 1797 2205 1812 2487 1797 2653 1810 2699 1792 2739 1807 2842 1792 2963 1805 2981 1789 3114 1805 3212 1787 3464 1800 3464 1749 3462 1744 3331 1747 3223 1721 3172 1749 3061 1724 2923 1724 2852 1727 2815 1752 2706 1727 2651 1754 2623 1739 2507 1754 2472 1729 2429 1754 2369 1742 2341 1757 2120 1757 2120 1762 2120 1797"/></Shape>
            <String CONTENT="امص له وقوت جلى منامرا عر له وهفه سخت بعد السملم هدا"
                    HPOS="2120"
                    VPOS="1721"
                    WIDTH="1344"
                    HEIGHT="91"
                    ></String>
          </TextLine>
          <TextLine ID="eSc_line_735764c5"
                    TAGREFS="LT1"
                    BASELINE="2120 1852 3457 1847" 
                    HPOS="2120"
                    VPOS="1822"
                    WIDTH="1337"
                    HEIGHT="83">
            <Shape><Polygon POINTS="2120 1905 2210 1885 2253 1905 2578 1905 2638 1885 2661 1900 2802 1885 2845 1903 2895 1883 2951 1900 2988 1885 3008 1903 3074 1885 3107 1903 3177 1880 3338 1880 3381 1900 3457 1878 3457 1847 3452 1842 3139 1842 3094 1822 2971 1837 2930 1822 2900 1840 2787 1822 2565 1825 2510 1845 2424 1825 2384 1845 2354 1830 2334 1845 2152 1845 2120 1852 2120 1905"/></Shape>
            <String CONTENT="علييه المصاة والا وليا وم جوه اامغار انصرر طولف نض كر"
                    HPOS="2120"
                    VPOS="1822"
                    WIDTH="1337"
                    HEIGHT="83"
                    ></String>
          </TextLine>
          <TextLine ID="eSc_line_3c845d62"
                    TAGREFS="LT1"
                    BASELINE="2140 1948 3459 1940" 
                    HPOS="2140"
                    VPOS="1923"
                    WIDTH="1319"
                    HEIGHT="70">
            <Shape><Polygon POINTS="2140 1986 2261 1993 2301 1976 2429 1993 2497 1973 2548 1993 2709 1971 2815 1991 2850 1971 2918 1971 2988 1991 3021 1968 3122 1968 3155 1986 3238 1968 3406 1988 3457 1968 3459 1940 3457 1935 3016 1923 2933 1940 2769 1925 2661 1940 2628 1925 2608 1940 2422 1928 2404 1943 2140 1943 2140 1948 2140 1986"/></Shape>
            <String CONTENT="حيلمسه العسلة  مسع مسنه رح وسسيف وسبف م سبالهم محا"
                    HPOS="2140"
                    VPOS="1923"
                    WIDTH="1319"
                    HEIGHT="70"
                    ></String>
          </TextLine>
          <TextLine ID="eSc_line_8ec356f6"
                    TAGREFS="LT1"
                    BASELINE="2140 2036 3454 2026" 
                    HPOS="2140"
                    VPOS="2001"
                    WIDTH="1314"
                    HEIGHT="83">
            <Shape><Polygon POINTS="2140 2066 2200 2084 2263 2084 2281 2066 2382 2084 2424 2066 2467 2084 2633 2081 2661 2064 2711 2081 2797 2061 2893 2079 2946 2061 3175 2076 3197 2059 3331 2076 3454 2056 3454 2026 3449 2021 3167 2021 3112 2001 3079 2016 3008 2001 2956 2024 2903 2001 2870 2019 2852 2001 2794 2001 2686 2026 2651 2003 2601 2024 2530 2003 2460 2008 2439 2029 2175 2029 2140 2036 2140 2066"/></Shape>
            <String CONTENT="موحبهكا اقدم علييه الفاعت امعا منم امير المومنيف كعنه بلى"
                    HPOS="2140"
                    VPOS="2001"
                    WIDTH="1314"
                    HEIGHT="83"
                    ></String>
          </TextLine>
          <TextLine ID="eSc_line_8acd2dc2"
                    TAGREFS="LT1"
                    BASELINE="2137 2124 3452 2112" 
                    HPOS="2137"
                    VPOS="2084"
                    WIDTH="1315"
                    HEIGHT="91">
            <Shape><Polygon POINTS="2137 2175 2233 2175 2278 2154 2314 2175 2397 2175 2495 2170 2515 2152 2578 2172 2666 2149 2905 2170 2930 2149 3074 2167 3142 2147 3170 2167 3449 2144 3452 2112 3439 2104 3223 2084 3207 2099 3142 2087 3104 2102 3019 2087 2991 2107 2953 2094 2797 2109 2691 2089 2656 2112 2568 2092 2492 2112 2205 2114 2137 2124 2137 2175"/></Shape>
            <String CONTENT="افصر ماتقاع احبباله في قبضه خبوسه وتستويد جمطنه حماه"
                    HPOS="2137"
                    VPOS="2084"
                    WIDTH="1315"
                    HEIGHT="91"
                    ></String>
          </TextLine>
          <TextLine ID="eSc_line_78053bd2"
                    TAGREFS="LT1"
                    BASELINE="2152 2207 3437 2197" 
                    HPOS="2152"
                    VPOS="2177"
                    WIDTH="1285"
                    HEIGHT="96">
            <Shape><Polygon POINTS="2152 2253 2359 2248 2384 2273 2633 2270 2694 2245 2807 2245 2830 2268 2888 2268 2953 2245 3034 2268 3084 2250 3250 2265 3283 2240 3437 2238 3437 2197 3434 2192 2870 2177 2837 2197 2762 2200 2734 2180 2495 2195 2470 2180 2424 2202 2376 2187 2356 2202 2152 2202 2152 2207 2152 2253"/></Shape>
            <String CONTENT="السبيف معه وعبلنهم ما السم احر ويخط ذلك الى اخافه سربه"
                    HPOS="2152"
                    VPOS="2177"
                    WIDTH="1285"
                    HEIGHT="96"
                    ></String>
          </TextLine>
        </TextBlock>
        <TextBlock HPOS="443"
                   VPOS="302"
                   WIDTH="1415"
                   HEIGHT="2434"
                   ID="eSc_textblock_e5922a65"
                   TAGREFS="BT2">
          <Shape><Polygon POINTS="1777 312 1838 352 1858 1971 1848 2635 1807 2736 453 2716 443 433 473 362 459 352 483 339 493 312 868 302"/></Shape>
          <TextLine ID="eSc_line_f5c0dcc9"
                    TAGREFS="LT1"
                    BASELINE="483 392 1790 385" 
                    HPOS="480"
                    VPOS="322"
                    WIDTH="1310"
                    HEIGHT="123">
            <Shape><Polygon POINTS="483 392 483 427 556 425 606 445 632 425 654 443 730 425 767 443 901 445 944 425 964 443 1087 425 1221 443 1251 425 1513 440 1568 420 1603 440 1787 420 1790 385 1787 322 1530 337 1437 324 1412 342 1357 332 1289 352 1233 329 1168 347 1138 332 1047 362 745 365 717 347 674 365 480 360 483 392"/></Shape>
            <String CONTENT="وحمله على الائتمار له كثيرمما آثره فلما كثر ذلك عليه وخافه"
                    HPOS="480"
                    VPOS="322"
                    WIDTH="1310"
                    HEIGHT="123"
                    ></String>
          </TextLine>
          <TextLine ID="eSc_line_873e132d"
                    TAGREFS="LT1"
                    BASELINE="478 349 585 336" 
                    HPOS="475"
                    VPOS="312"
                    WIDTH="111"
                    HEIGHT="50">
            <Shape><Polygon POINTS="478 332 475 347 475 362 586 362 584 334 579 312 485 322 478 332"/></Shape>
            <String CONTENT="على"
                    HPOS="475"
                    VPOS="312"
                    WIDTH="111"
                    HEIGHT="50"
                    ></String>
          </TextLine>
          <TextLine ID="eSc_line_16a2bd51"
                    TAGREFS="LT1"
                    BASELINE="501 493 1233 490 1800 468" 
                    HPOS="501"
                    VPOS="450"
                    WIDTH="1299"
                    HEIGHT="98">
            <Shape><Polygon POINTS="501 523 647 523 737 548 795 523 898 518 939 548 969 531 1012 546 1377 541 1442 513 1619 526 1636 508 1800 503 1800 468 1797 463 1608 468 1543 450 1394 473 1374 455 1274 455 1253 475 1183 478 1138 458 1110 478 1077 460 976 480 861 463 780 485 737 465 715 485 677 470 642 488 501 488 501 493 501 523"/></Shape>
            <String CONTENT="سه أجمع على النفوذ إلى أحمد بن طولون
والاعتصام به إذ كان "
                    HPOS="501"
                    VPOS="450"
                    WIDTH="1299"
                    HEIGHT="98"
                    ></String>
          </TextLine>
          <TextLine ID="eSc_line_71956329"
                    TAGREFS="LT1"
                    BASELINE="473 568 1269 576 1800 561" 
                    HPOS="473"
                    VPOS="543"
                    WIDTH="1327"
                    HEIGHT="86">
            <Shape><Polygon POINTS="473 601 581 599 626 629 684 626 705 606 747 621 800 606 871 629 1311 629 1354 604 1447 629 1473 611 1513 626 1553 599 1797 596 1800 561 1797 561 1636 543 1495 566 1422 546 1324 566 1191 546 1158 566 1032 566 1004 546 954 546 934 566 856 566 823 546 783 566 750 546 684 566 473 563 473 568 473 601"/></Shape>
            <String CONTENT="ثقته وعدته ومن خلص على تجريبه ورأى توقفه عن مكاره
"
                    HPOS="473"
                    VPOS="543"
                    WIDTH="1327"
                    HEIGHT="86"
                    ></String>
          </TextLine>
          <TextLine ID="eSc_line_cf1fa3e3"
                    TAGREFS="LT1"
                    BASELINE="508 669 1800 644" 
                    HPOS="508"
                    VPOS="629"
                    WIDTH="1292"
                    HEIGHT="85">
            <Shape><Polygon POINTS="508 699 571 714 639 697 752 714 1082 689 1135 707 1410 702 1800 674 1800 644 1797 639 1410 629 1311 649 1281 631 1238 652 1201 634 1115 654 1022 636 936 657 903 641 886 659 783 644 745 662 513 664 508 669 508 699"/></Shape>
            <String CONTENT="اكلعا فسله وانبا احم لام ابو ول نحوف أف بعيبمدر"
                    HPOS="508"
                    VPOS="629"
                    WIDTH="1292"
                    HEIGHT="85"
                    ></String>
          </TextLine>
          <TextLine ID="eSc_line_74523374"
                    TAGREFS="LT1"
                    BASELINE="488 737 1354 747 1800 732" 
                    HPOS="485"
                    VPOS="714"
                    WIDTH="1315"
                    HEIGHT="86">
            <Shape><Polygon POINTS="488 737 485 798 538 798 586 767 662 795 732 772 755 795 783 777 878 777 936 800 992 785 1014 800 1188 800 1238 780 1261 800 1384 800 1447 777 1475 795 1520 770 1581 785 1797 770 1800 732 1797 730 1357 714 1276 735 1211 717 1185 735 1024 735 984 714 964 735 901 720 878 735 843 714 778 735 488 732 488 737"/></Shape>
            <String CONTENT="وال حشاب امو امكتب لى اسحق عد اج ي قصفه ورله سحص"
                    HPOS="485"
                    VPOS="714"
                    WIDTH="1315"
                    HEIGHT="86"
                    ></String>
          </TextLine>
          <TextLine ID="eSc_line_ea926d48"
                    TAGREFS="LT1"
                    BASELINE="465 833 1374 840 1797 825" 
                    HPOS="463"
                    VPOS="808"
                    WIDTH="1334"
                    HEIGHT="80">
            <Shape><Polygon POINTS="463 868 569 868 594 888 649 873 710 888 742 868 856 888 916 871 982 871 999 888 1480 888 1563 868 1795 868 1797 825 1795 820 1619 808 1498 825 1467 808 1359 825 1284 808 1196 825 1173 808 1057 808 1002 825 793 825 757 808 725 825 508 825 465 833 463 868"/></Shape>
            <String CONTENT="مع كتبف تى واف ببفا لموسل وابحدشه فرفه اميو الوسيب"
                    HPOS="463"
                    VPOS="808"
                    WIDTH="1334"
                    HEIGHT="80"
                    ></String>
          </TextLine>
          <TextLine ID="eSc_line_ef0f9f92"
                    TAGREFS="LT1"
                    BASELINE="465 931 1787 936" 
                    HPOS="463"
                    VPOS="916"
                    WIDTH="1324"
                    HEIGHT="70">
            <Shape><Polygon POINTS="465 931 463 961 644 966 662 984 697 964 752 984 888 984 931 966 984 984 1148 986 1785 966 1787 936 1772 931 1583 918 1561 933 1198 933 1125 916 1097 931 992 916 961 931 896 916 465 926 465 931"/></Shape>
            <String CONTENT="ببا متسله ابعه ومم همه به وبعلمه موفر من له ين مغمنه من"
                    HPOS="463"
                    VPOS="916"
                    WIDTH="1324"
                    HEIGHT="70"
                    ></String>
          </TextLine>
          <TextLine ID="eSc_line_ec5d1875"
                    TAGREFS="LT1"
                    BASELINE="470 1029 1792 1019" 
                    HPOS="470"
                    VPOS="994"
                    WIDTH="1322"
                    HEIGHT="88">
            <Shape><Polygon POINTS="470 1059 634 1059 692 1082 737 1062 835 1077 856 1059 921 1074 959 1057 979 1077 1002 1064 1130 1080 1332 1077 1354 1062 1394 1077 1460 1052 1528 1069 1601 1049 1646 1067 1792 1049 1792 1019 1787 1014 1546 1014 1430 994 1394 1017 1342 1017 1256 994 1211 1017 1105 996 971 1019 936 996 798 996 488 1022 470 1029 470 1059"/></Shape>
            <String CONTENT="يعلمه
"
                    HPOS="470"
                    VPOS="994"
                    WIDTH="1322"
                    HEIGHT="88"
                    ></String>
          </TextLine>
          <TextLine ID="eSc_line_fa4adb78"
                    TAGREFS="LT1"
                    BASELINE="485 1115 1795 1110" 
                    HPOS="485"
                    VPOS="1090"
                    WIDTH="1310"
                    HEIGHT="70">
            <Shape><Polygon POINTS="485 1153 626 1142 657 1160 868 1160 934 1142 959 1160 1039 1160 1236 1142 1261 1158 1417 1158 1470 1140 1488 1158 1586 1158 1621 1140 1671 1155 1792 1140 1795 1110 1792 1105 1528 1107 1485 1090 1455 1107 1394 1092 1246 1107 1138 1090 1100 1110 1042 1092 878 1092 846 1110 780 1095 762 1110 485 1110 485 1115 485 1153"/></Shape>
            <String CONTENT="برئ من ذمته ووجب على الأمة جهاده فلم يصغ إلى ذلك ولا "
                    HPOS="485"
                    VPOS="1090"
                    WIDTH="1310"
                    HEIGHT="70"
                    ></String>
          </TextLine>
          <TextLine ID="eSc_line_9024bad9"
                    TAGREFS="LT1"
                    BASELINE="491 1195 1802 1195" 
                    HPOS="491"
                    VPOS="1173"
                    WIDTH="1311"
                    HEIGHT="78">
            <Shape><Polygon POINTS="491 1195 491 1246 664 1251 773 1233 828 1251 969 1251 1044 1233 1095 1251 1206 1236 1321 1251 1362 1233 1473 1248 1515 1233 1553 1251 1568 1236 1634 1233 1649 1248 1802 1233 1802 1195 1802 1193 1541 1193 1447 1173 1405 1190 1347 1173 1326 1190 1173 1193 1107 1173 1070 1193 992 1193 969 1173 808 1173 745 1193 715 1175 637 1190 584 1173 561 1193 491 1193 491 1195"/></Shape>
            <String CONTENT="اكترث
به حتى أدخله سر من رأى وسلمه إلى صاعد فحبسه ومنع "
                    HPOS="491"
                    VPOS="1173"
                    WIDTH="1311"
                    HEIGHT="78"
                    ></String>
          </TextLine>
          <TextLine ID="eSc_line_0b06488c"
                    TAGREFS="LT1"
                    BASELINE="475 1286 1800 1271" 
                    HPOS="475"
                    VPOS="1251"
                    WIDTH="1325"
                    HEIGHT="88">
            <Shape><Polygon POINTS="475 1329 561 1319 596 1339 674 1321 705 1339 773 1319 823 1336 863 1319 896 1339 1067 1324 1115 1336 1359 1309 1470 1331 1553 1311 1729 1329 1797 1306 1800 1271 1792 1266 1669 1251 1636 1266 1608 1251 1563 1268 1500 1253 1379 1268 1354 1253 1130 1273 1115 1258 1027 1273 979 1258 964 1273 866 1261 843 1276 521 1278 475 1286 475 1329"/></Shape>
            <String CONTENT="منه جميع أهله وشمله
وغدا مقبوض اليد بعيد الناصر عر"
                    HPOS="475"
                    VPOS="1251"
                    WIDTH="1325"
                    HEIGHT="88"
                    ></String>
          </TextLine>
          <TextLine ID="eSc_line_b7728247"
                    TAGREFS="LT1"
                    BASELINE="473 1374 1807 1359" 
                    HPOS="473"
                    VPOS="1329"
                    WIDTH="1334"
                    HEIGHT="93">
            <Shape><Polygon POINTS="473 1422 750 1422 765 1407 805 1422 961 1407 1138 1419 1364 1399 1563 1414 1805 1397 1807 1359 1787 1349 1583 1329 1556 1344 1490 1331 1460 1351 1218 1334 1115 1356 1014 1341 964 1356 916 1336 871 1359 757 1339 730 1359 669 1341 644 1361 611 1344 594 1361 488 1361 473 1374 473 1422"/></Shape>
            <String CONTENT="ضة لسوء القول وقبيح الفعل يخاف على نفسه
"
                    HPOS="473"
                    VPOS="1329"
                    WIDTH="1334"
                    HEIGHT="93"
                    ></String>
          </TextLine>
          <TextLine ID="eSc_line_7f2dc43d"
                    TAGREFS="LT1"
                    BASELINE="475 1462 1807 1440" 
                    HPOS="475"
                    VPOS="1422"
                    WIDTH="1332"
                    HEIGHT="91">
            <Shape><Polygon POINTS="475 1495 621 1513 813 1495 1065 1505 1125 1485 1178 1500 1286 1482 1352 1500 1387 1480 1722 1492 1739 1475 1807 1472 1807 1440 1805 1434 1538 1422 1483 1442 1367 1427 1281 1445 1233 1427 1211 1445 1196 1429 1065 1429 1007 1450 944 1432 914 1452 707 1440 687 1455 475 1457 475 1462 475 1495"/></Shape>
            <String CONTENT="سرح مف القصود عن صته واسلا ولب ي حنت من مغض مبجنه"
                    HPOS="475"
                    VPOS="1422"
                    WIDTH="1332"
                    HEIGHT="91"
                    ></String>
          </TextLine>
          <TextLine ID="eSc_line_ab0572f7"
                    TAGREFS="LT1"
                    BASELINE="478 1545 1807 1525" 
                    HPOS="478"
                    VPOS="1507"
                    WIDTH="1329"
                    HEIGHT="94">
            <Shape><Polygon POINTS="478 1580 498 1601 727 1598 755 1578 808 1598 881 1575 919 1596 946 1573 982 1593 1055 1573 1085 1591 1128 1573 1145 1586 1324 1565 1347 1583 1440 1588 1475 1563 1546 1583 1641 1560 1807 1558 1807 1525 1805 1520 1520 1523 1473 1507 1405 1528 1382 1510 1306 1510 1133 1518 1117 1533 1075 1515 1014 1533 974 1515 805 1538 710 1523 694 1538 478 1540 478 1545 478 1580"/></Shape>
            <String CONTENT="السنف واتفه واسل حكام صبابعه وابحق مسود م العول"
                    HPOS="478"
                    VPOS="1507"
                    WIDTH="1329"
                    HEIGHT="94"
                    ></String>
          </TextLine>
          <TextLine ID="eSc_line_f042ab3d"
                    TAGREFS="LT1"
                    BASELINE="496 1651 1797 1626" 
                    HPOS="496"
                    VPOS="1608"
                    WIDTH="1301"
                    HEIGHT="81">
            <Shape><Polygon POINTS="496 1681 886 1689 1795 1656 1797 1626 1792 1621 1556 1608 1503 1626 1462 1608 1359 1628 1342 1611 1274 1611 1133 1633 1062 1616 1044 1633 1014 1618 984 1636 961 1621 911 1636 790 1621 750 1641 523 1643 496 1651 496 1681"/></Shape>
            <String CONTENT="مغبارمم تحيق لمه مسوفم يبول مف معحاهه من كاب"
                    HPOS="496"
                    VPOS="1608"
                    WIDTH="1301"
                    HEIGHT="81"
                    ></String>
          </TextLine>
          <TextLine ID="eSc_line_4d223b38"
                    TAGREFS="LT1"
                    BASELINE="508 1734 1800 1716" 
                    HPOS="508"
                    VPOS="1699"
                    WIDTH="1292"
                    HEIGHT="85">
            <Shape><Polygon POINTS="508 1772 541 1762 614 1784 679 1762 747 1779 767 1759 810 1777 924 1759 961 1777 989 1757 1060 1779 1092 1754 1173 1754 1231 1777 1369 1754 1402 1774 1432 1757 1450 1772 1614 1772 1722 1769 1800 1744 1800 1716 1797 1711 1470 1704 1412 1719 1364 1699 1301 1699 1279 1716 1256 1701 1095 1701 1057 1724 976 1724 956 1704 891 1704 851 1727 687 1714 508 1729 508 1734 508 1772"/></Shape>
            <String CONTENT="اهيم الموسين سته له من وايه عهده والنسو منه واجد"
                    HPOS="508"
                    VPOS="1699"
                    WIDTH="1292"
                    HEIGHT="85"
                    ></String>
          </TextLine>
          <TextLine ID="eSc_line_7122128b"
                    TAGREFS="LT1"
                    BASELINE="498 1825 1805 1817" 
                    HPOS="498"
                    VPOS="1789"
                    WIDTH="1307"
                    HEIGHT="91">
            <Shape><Polygon POINTS="498 1880 634 1878 654 1862 1039 1875 1183 1852 1238 1873 1324 1852 1367 1875 1420 1850 1581 1850 1614 1867 1634 1850 1802 1850 1805 1817 1800 1812 1498 1789 1465 1812 1334 1797 1266 1815 1218 1792 1044 1807 994 1792 969 1815 861 1794 843 1812 805 1797 780 1817 730 1817 667 1794 639 1817 508 1817 498 1825 498 1880"/></Shape>
            <String CONTENT="كر اوكاف وممنع خعوفا ثلاثة اولها حق الاامه والت"
                    HPOS="498"
                    VPOS="1789"
                    WIDTH="1307"
                    HEIGHT="91"
                    ></String>
          </TextLine>
          <TextLine ID="eSc_line_de6fc7d4"
                    TAGREFS="LT1"
                    BASELINE="526 1930 1823 1905" 
                    HPOS="526"
                    VPOS="1885"
                    WIDTH="1297"
                    HEIGHT="83">
            <Shape><Polygon POINTS="526 1966 1170 1968 1223 1951 1427 1963 1442 1948 1636 1958 1820 1940 1823 1905 1782 1898 1311 1885 1274 1908 1183 1888 1120 1903 1087 1890 1047 1913 803 1903 745 1918 677 1898 659 1913 538 1913 526 1930 526 1966"/></Shape>
            <String CONTENT="اسك حبوه والنا له النعه عليه واومع من حض من يحكبام"
                    HPOS="526"
                    VPOS="1885"
                    WIDTH="1297"
                    HEIGHT="83"
                    ></String>
          </TextLine>
          <TextLine ID="eSc_line_32da0f31"
                    TAGREFS="LT1"
                    BASELINE="480 2011 1815 2003" 
                    HPOS="480"
                    VPOS="1978"
                    WIDTH="1335"
                    HEIGHT="83">
            <Shape><Polygon POINTS="480 2051 644 2039 669 2061 707 2061 803 2039 846 2061 924 2061 1014 2041 1211 2056 1266 2039 1291 2059 1369 2059 1442 2034 1470 2054 1505 2039 1636 2056 1704 2034 1752 2054 1815 2031 1815 2003 1807 1998 1656 1978 1629 1996 1588 1978 1364 1978 1306 2001 1022 1981 994 1998 795 1983 775 2003 513 2003 480 2011 480 2051"/></Shape>
            <String CONTENT="سنها وتير عليه وفنتام فبيه وجعا عث سنر بجه مسف اسم"
                    HPOS="480"
                    VPOS="1978"
                    WIDTH="1335"
                    HEIGHT="83"
                    ></String>
          </TextLine>
          <TextLine ID="eSc_line_ad859ab7"
                    TAGREFS="LT1"
                    BASELINE="483 2109 1812 2081" 
                    HPOS="483"
                    VPOS="2069"
                    WIDTH="1329"
                    HEIGHT="88">
            <Shape><Polygon POINTS="483 2142 556 2139 581 2157 647 2137 705 2152 732 2134 765 2152 1087 2132 1185 2144 1329 2122 1568 2137 1629 2117 1812 2112 1812 2081 1810 2076 1467 2069 1445 2087 1296 2089 1206 2074 1148 2092 1097 2076 1082 2094 964 2079 924 2097 873 2081 838 2099 727 2087 483 2104 483 2109 483 2142"/></Shape>
            <String CONTENT="رسه اخم السبا حبب معع  عبيه اومر من محم العمى الع  يجسر"
                    HPOS="483"
                    VPOS="2069"
                    WIDTH="1329"
                    HEIGHT="88"
                    ></String>
          </TextLine>
          <TextLine ID="eSc_line_2cd15689"
                    TAGREFS="LT1"
                    BASELINE="480 2185 1178 2185 1812 2167" 
                    HPOS="478"
                    VPOS="2149"
                    WIDTH="1334"
                    HEIGHT="91">
            <Shape><Polygon POINTS="480 2185 480 2220 609 2217 649 2240 720 2215 752 2230 881 2220 969 2235 1024 2220 1080 2235 1233 2217 1279 2233 1332 2230 1354 2210 1415 2230 1483 2210 1583 2225 1682 2202 1812 2202 1812 2167 1810 2167 1624 2170 1578 2149 1490 2149 1450 2172 1362 2152 1326 2172 1279 2152 1175 2175 1077 2154 984 2175 795 2180 747 2162 664 2182 478 2182 480 2185"/></Shape>
            <String CONTENT="مسم مف والععاهم والتعع الشباميه م منه مص فدهم"
                    HPOS="478"
                    VPOS="2149"
                    WIDTH="1334"
                    HEIGHT="91"
                    ></String>
          </TextLine>
          <TextLine ID="eSc_line_2b0aab62"
                    TAGREFS="LT1"
                    BASELINE="482 2269 554 2298 1813 2253" 
                    HPOS="478"
                    VPOS="2233"
                    WIDTH="1334"
                    HEIGHT="98">
            <Shape><Polygon POINTS="480 2268 480 2318 632 2313 672 2328 730 2313 848 2331 901 2311 966 2328 999 2300 1032 2323 1082 2300 1208 2321 1460 2298 1493 2311 1510 2293 1626 2285 1664 2303 1722 2275 1767 2300 1812 2288 1812 2250 1714 2243 1535 2233 1520 2248 1377 2240 1339 2255 1236 2233 1203 2258 1135 2235 984 2268 843 2245 705 2250 682 2275 644 2253 619 2278 586 2255 478 2265 480 2268"/></Shape>
            <String CONTENT="بها هدا العباب م هوقولب مالحف عف مالف اغبيت به"
                    HPOS="478"
                    VPOS="2233"
                    WIDTH="1334"
                    HEIGHT="98"
                    ></String>
          </TextLine>
          <TextLine ID="eSc_line_fb79294e"
                    TAGREFS="LT1"
                    BASELINE="480 2361 1286 2358 1810 2338" 
                    HPOS="480"
                    VPOS="2323"
                    WIDTH="1330"
                    HEIGHT="91">
            <Shape><Polygon POINTS="480 2399 546 2414 707 2411 722 2396 825 2411 898 2394 1004 2409 1034 2391 1218 2406 1281 2389 1329 2404 1583 2401 1606 2384 1757 2399 1810 2381 1810 2338 1807 2338 1666 2323 1636 2341 1535 2343 1518 2326 1437 2326 1420 2341 1306 2328 1289 2346 1216 2348 1065 2331 1024 2351 911 2333 886 2351 717 2338 692 2353 480 2356 480 2361 480 2399"/></Shape>
            <String CONTENT="بح ع بجدر النا كت احروف باى امهم نعدمه م خروحه س"
                    HPOS="480"
                    VPOS="2323"
                    WIDTH="1330"
                    HEIGHT="91"
                    ></String>
          </TextLine>
          <TextLine ID="eSc_line_9cd16078"
                    TAGREFS="LT1"
                    BASELINE="501 2449 1823 2434" 
                    HPOS="498"
                    VPOS="2414"
                    WIDTH="1325"
                    HEIGHT="88">
            <Shape><Polygon POINTS="501 2449 501 2487 523 2502 619 2482 770 2499 798 2479 911 2497 1049 2479 1133 2497 1251 2482 1377 2494 1823 2467 1823 2434 1820 2431 1621 2419 1581 2434 1548 2416 1480 2434 1399 2414 1379 2436 1276 2416 1213 2436 1165 2416 1148 2434 1110 2419 1072 2439 1027 2419 989 2439 951 2426 878 2441 833 2421 773 2439 720 2421 664 2439 576 2424 498 2444 501 2449"/></Shape>
            <String CONTENT="صا عه امير المومنين بعع الله وانه امستوجب بما كان منه مما"
                    HPOS="498"
                    VPOS="2414"
                    WIDTH="1325"
                    HEIGHT="88"
                    ></String>
          </TextLine>
          <TextLine ID="eSc_line_6dd4c0d5"
                    TAGREFS="LT1"
                    BASELINE="496 2537 1810 2517" 
                    HPOS="496"
                    VPOS="2497"
                    WIDTH="1314"
                    HEIGHT="88">
            <Shape><Polygon POINTS="496 2570 513 2585 662 2565 687 2582 803 2582 1173 2575 1188 2560 1515 2567 1561 2552 1744 2567 1810 2547 1810 2517 1807 2512 1656 2497 1641 2512 1495 2517 1478 2499 1417 2520 1314 2502 1276 2522 1223 2504 1203 2522 1112 2507 1095 2525 1039 2507 1019 2525 984 2507 881 2527 820 2509 735 2530 496 2532 496 2537 496 2570"/></Shape>
            <String CONTENT="محر صف ف حففرا أر عبا حب استفاط اسمه مجلعه ومصع"
                    HPOS="496"
                    VPOS="2497"
                    WIDTH="1314"
                    HEIGHT="88"
                    ></String>
          </TextLine>
          <TextLine ID="eSc_line_42c63859"
                    TAGREFS="LT1"
                    BASELINE="503 2615 1825 2608" 
                    HPOS="503"
                    VPOS="2585"
                    WIDTH="1322"
                    HEIGHT="83">
            <Shape><Polygon POINTS="503 2668 591 2653 614 2668 805 2668 878 2650 941 2668 956 2653 1090 2666 1133 2648 1319 2663 1384 2645 1415 2660 1571 2645 1744 2660 1825 2643 1825 2608 1820 2603 1523 2587 1508 2603 1342 2605 1304 2587 1123 2585 1034 2605 969 2587 823 2603 750 2587 699 2608 632 2593 528 2608 503 2615 503 2668"/></Shape>
            <String CONTENT="الدرعا له وانه خير بحف لا ما مة البلم ول موعليه لامور"
                    HPOS="503"
                    VPOS="2585"
                    WIDTH="1322"
                    HEIGHT="83"
                    ></String>
          </TextLine>
          <TextLine ID="eSc_line_7a2b04a6"
                    TAGREFS="LT1"
                    BASELINE="511 2701 1810 2696" 
                    HPOS="511"
                    VPOS="2673"
                    WIDTH="1299"
                    HEIGHT="81">
            <Shape><Polygon POINTS="511 2749 632 2734 652 2754 722 2739 783 2751 848 2734 974 2751 992 2734 1047 2749 1077 2734 1117 2751 1193 2736 1296 2751 1347 2731 1379 2749 1538 2736 1556 2751 1578 2731 1666 2731 1717 2751 1807 2751 1810 2696 1805 2691 1561 2676 1447 2691 1379 2673 1337 2691 1266 2673 1221 2691 1158 2673 1082 2676 1065 2693 934 2676 825 2693 800 2676 785 2691 762 2678 546 2693 511 2701 511 2749"/></Shape>
            <String CONTENT="مه صنها واستهرم بما مولى وفنببافي م كتتب منها دمة في هد"
                    HPOS="511"
                    VPOS="2673"
                    WIDTH="1299"
                    HEIGHT="81"
                    ></String>
          </TextLine>
        </TextBlock>
        <TextBlock HPOS="2229"
                   VPOS="2275"
                   WIDTH="203"
                   HEIGHT="144"
                   ID="eSc_textblock_123973c8"
                   TAGREFS="BT1062">
          <Shape><Polygon POINTS="2422 2285 2432 2363 2260 2419 2229 2324 2283 2275"/></Shape>
          <TextLine ID="eSc_line_8a298eab"
                    TAGREFS="LT1"
                    BASELINE="2288 2341 2407 2336" 
                    HPOS="2288"
                    VPOS="2283"
                    WIDTH="119"
                    HEIGHT="111">
            <Shape><Polygon POINTS="2288 2394 2341 2363 2407 2368 2407 2336 2404 2283 2336 2298 2293 2285 2288 2341 2288 2394"/></Shape>
            <String CONTENT="وحمن"
                    HPOS="2288"
                    VPOS="2283"
                    WIDTH="119"
                    HEIGHT="111"
                    ></String>
          </TextLine>
        </TextBlock>
      </PrintSpace>
    </Page>
  </Layout>
</alto>
