<?xml version="1.0" encoding="UTF-8"?>
<alto xmlns:xsi="http://www.w3.org/2001/XMLSchema-instance"
      xmlns="http://www.loc.gov/standards/alto/ns-v4#"
      xsi:schemaLocation="http://www.loc.gov/standards/alto/ns-v4# http://www.loc.gov/standards/alto/v4/alto-4-2.xsd">
  <Description>
    <MeasurementUnit>pixel</MeasurementUnit>
    <sourceImageInformation>
      <fileName>Muqaffa-or14533-3.pdf_page_87.png</fileName>
      <fileIdentifier>pdf//Muqaffa-or14533-3.pdf</fileIdentifier>
    </sourceImageInformation>
  </Description>
  <Tags>
    <OtherTag ID="BT1094" LABEL="text" DESCRIPTION="block type text"/><OtherTag ID="BT1066" LABEL="Chancery_Material" DESCRIPTION="block type Chancery_Material"/><OtherTag ID="BT1065" LABEL="Flyleaf" DESCRIPTION="block type Flyleaf"/><OtherTag ID="BT1064" LABEL="default" DESCRIPTION="block type default"/><OtherTag ID="BT1063" LABEL="Marginal_Material" DESCRIPTION="block type Marginal_Material"/><OtherTag ID="BT1062" LABEL="Catchword" DESCRIPTION="block type Catchword"/><OtherTag ID="BT4" LABEL="Illustration" DESCRIPTION="block type Illustration"/><OtherTag ID="BT3" LABEL="Commentary" DESCRIPTION="block type Commentary"/><OtherTag ID="BT2" LABEL="Main" DESCRIPTION="block type Main"/><OtherTag ID="BT1" LABEL="Title" DESCRIPTION="block type Title"/>
    <OtherTag ID="LT1" LABEL="Main" DESCRIPTION="line type Main"/><OtherTag ID="LT219" LABEL="default" DESCRIPTION="line type default"/><OtherTag ID="LT220" LABEL="Main-90" DESCRIPTION="line type Main-90"/><OtherTag ID="LT221" LABEL="Main-180" DESCRIPTION="line type Main-180"/><OtherTag ID="LT222" LABEL="Main-270" DESCRIPTION="line type Main-270"/>
  </Tags>
  <Layout>
    <Page WIDTH="3963"
          HEIGHT="3021"
          PHYSICAL_IMG_NR="283"
          ID="eSc_dummypage_">
      <PrintSpace HPOS="0"
                  VPOS="0"
                  WIDTH="3963"
                  HEIGHT="3021">
        <TextBlock HPOS="2041"
                   VPOS="281"
                   WIDTH="1468"
                   HEIGHT="2465"
                   ID="eSc_textblock_3185d662"
                   TAGREFS="BT2">
          <Shape><Polygon POINTS="3479 292 3509 332 3499 2686 3479 2716 3212 2713 3049 2716 2884 2696 2791 2688 2691 2725 2104 2746 2125 2091 2093 2002 2092 1802 2092 1798 2113 1558 2111 1558 2111 1543 2102 1543 2102 1554 2098 1554 2098 1556 2041 1556 2041 1500 2223 1389 2384 1387 2230 1353 2280 1306 2230 1250 2230 1131 2239 1024 2174 875 2121 809 2131 779 2175 767 2242 641 2150 571 2135 527 2078 355 2102 342 3162 281"/></Shape>
          <TextLine ID="eSc_line_6ca7ecbe"
                    TAGREFS="LT1"
                    BASELINE="2374 372 3046 349 3474 349" 
                    HPOS="2371"
                    VPOS="289"
                    WIDTH="1103"
                    HEIGHT="121">
            <Shape><Polygon POINTS="2573 314 2548 314 2522 317 2497 317 2472 319 2447 322 2422 322 2396 324 2371 324 2374 372 2374 410 3474 380 3474 349 3472 289 3305 307 3212 294 3172 314 3071 319 3031 304 2983 329 2895 332 2719 334 2668 312 2636 334 2580 312 2573 314"/></Shape>
            <String CONTENT="اموزها طعنه كف واتب عمروويسر وميا بالفاقر"
                    HPOS="2371"
                    VPOS="289"
                    WIDTH="1103"
                    HEIGHT="121"
                    ></String>
          </TextLine>
          <TextLine ID="eSc_line_b710dbbe"
                    TAGREFS="LT1"
                    BASELINE="2109 391 2247 375" 
                    HPOS="2107"
                    VPOS="337"
                    WIDTH="141"
                    HEIGHT="83">
            <Shape><Polygon POINTS="2109 417 2228 420 2248 400 2245 372 2240 337 2112 382 2107 390 2109 417"/></Shape>
            <String CONTENT=" ب "
                    HPOS="2107"
                    VPOS="337"
                    WIDTH="141"
                    HEIGHT="83"
                    ></String>
          </TextLine>
          <TextLine ID="eSc_line_8739ce7c"
                    TAGREFS="LT1"
                    BASELINE="2160 445 3466 438" 
                    HPOS="2160"
                    VPOS="415"
                    WIDTH="1306"
                    HEIGHT="75">
            <Shape><Polygon POINTS="2160 478 2223 468 2301 490 2535 465 2583 490 2704 488 2721 473 2741 488 2935 488 2950 473 3036 480 3162 460 3187 485 3232 470 3424 485 3464 468 3466 438 3464 433 3154 420 3129 435 3033 415 2991 435 2925 420 2885 438 2819 417 2762 435 2741 417 2593 417 2505 440 2374 425 2160 440 2160 445 2160 478"/></Shape>
            <String CONTENT="وقام بسر من طعنة علي وولت خيله
 ونادى علي يا بسر معاوية كان "
                    HPOS="2160"
                    VPOS="415"
                    WIDTH="1306"
                    HEIGHT="75"
                    ></String>
          </TextLine>
          <TextLine ID="eSc_line_9e21c4a3"
                    TAGREFS="LT1"
                    BASELINE="2140 523 3469 528" 
                    HPOS="2135"
                    VPOS="488"
                    WIDTH="1331"
                    HEIGHT="85">
            <Shape><Polygon POINTS="2135 553 2192 571 2245 556 2271 571 2673 556 2691 571 2779 558 2822 573 2918 558 2950 573 3464 558 3466 526 3449 518 3315 518 3270 493 3089 518 3003 490 2968 513 2835 518 2774 488 2678 488 2658 508 2459 488 2376 516 2140 516 2137 521 2135 553"/></Shape>
            <String CONTENT="أحق بهذا منك
 فرجع بسر إلى معاوية فقال له ارفع "
                    HPOS="2135"
                    VPOS="488"
                    WIDTH="1331"
                    HEIGHT="85"
                    ></String>
          </TextLine>
          <TextLine ID="eSc_line_5b48d52f"
                    TAGREFS="LT1"
                    BASELINE="2495 606 3469 601" 
                    HPOS="2492"
                    VPOS="579"
                    WIDTH="977"
                    HEIGHT="80">
            <Shape><Polygon POINTS="2495 606 2495 659 2535 636 2623 639 2641 657 2991 634 3054 654 3084 636 3195 654 3235 634 3310 654 3466 649 3469 601 3466 599 3325 586 3275 601 3237 579 3096 579 3074 596 3051 579 2978 579 2900 581 2855 604 2492 604 2495 606"/></Shape>
            <String CONTENT="طرفك يا بسر فقد أدال الله عمرا منك
 فقال "
                    HPOS="2492"
                    VPOS="579"
                    WIDTH="977"
                    HEIGHT="80"
                    ></String>
          </TextLine>
          <TextLine ID="eSc_line_16981349"
                    TAGREFS="LT1"
                    BASELINE="2228 697 3472 689" 
                    HPOS="2228"
                    VPOS="611"
                    WIDTH="1244"
                    HEIGHT="134">
            <Shape><Polygon POINTS="2376 682 2351 682 2326 682 2313 682 2228 697 2228 742 2255 730 2328 745 2371 730 2724 742 2739 727 3031 742 3164 725 3439 740 3472 722 3472 689 3404 611 3054 611 3008 641 2636 669 2575 649 2553 672 2447 672 2412 654 2376 669 2376 682"/></Shape>
            <String CONTENT="النضر بن الحارث السهمي الطويل
"
                    HPOS="2228"
                    VPOS="611"
                    WIDTH="1244"
                    HEIGHT="134"
                    ></String>
          </TextLine>
          <TextLine ID="eSc_line_74507b93"
                    TAGREFS="LT1"
                    BASELINE="2238 787 3464 775" 
                    HPOS="2235"
                    VPOS="757"
                    WIDTH="1229"
                    HEIGHT="73">
            <Shape><Polygon POINTS="2238 787 2238 818 2412 830 2631 813 2653 828 2872 825 2900 810 2948 823 2973 808 3084 823 3250 805 3461 813 3464 775 3461 770 2855 777 2835 762 2764 777 2704 762 2673 777 2651 757 2532 757 2457 782 2427 760 2235 760 2238 787"/></Shape>
            <String CONTENT="ة
"
                    HPOS="2235"
                    VPOS="757"
                    WIDTH="1229"
                    HEIGHT="73"
                    ></String>
          </TextLine>
          <TextLine ID="eSc_line_73a0ad3c"
                    TAGREFS="LT1"
                    BASELINE="2245 891 3054 873 3472 876" 
                    HPOS="2245"
                    VPOS="745"
                    WIDTH="1227"
                    HEIGHT="183">
            <Shape><Polygon POINTS="3451 777 3426 777 3401 777 3376 777 3351 777 3325 777 3300 777 3275 777 3250 777 3225 777 3200 780 3174 780 3149 780 3124 780 3099 780 3074 780 3049 780 3023 780 2998 780 2973 780 2948 782 2923 782 2908 782 2852 795 2779 782 2772 782 2746 782 2744 782 2663 858 2384 863 2245 891 2245 926 2694 928 2777 908 2867 926 3071 903 3185 921 3200 903 3240 918 3270 901 3409 916 3469 898 3472 876 3461 745 3456 745 3451 777"/></Shape>
            <String CONTENT="تذا مس رع وققبع راسه وعور"
                    HPOS="2245"
                    VPOS="745"
                    WIDTH="1227"
                    HEIGHT="183"
                    ></String>
          </TextLine>
          <TextLine ID="eSc_line_96f0b54a"
                    TAGREFS="LT1"
                    BASELINE="2278 969 3477 959" 
                    HPOS="2278"
                    VPOS="931"
                    WIDTH="1199"
                    HEIGHT="86">
            <Shape><Polygon POINTS="2278 1009 2326 996 2346 1017 2656 1017 2704 994 2739 1017 2860 1017 2882 991 2996 991 3061 1012 3129 994 3174 1014 3280 1007 3300 989 3383 1009 3404 989 3477 986 3477 959 3472 954 3177 939 3159 956 3051 956 3013 931 2875 931 2832 949 2804 933 2779 959 2734 933 2641 933 2288 961 2278 969 2278 1009"/></Shape>
            <String CONTENT="كعولا لهمرور ابن رطاة انطر اسببلكما ل بلقبا الليث تاب"
                    HPOS="2278"
                    VPOS="931"
                    WIDTH="1199"
                    HEIGHT="86"
                    ></String>
          </TextLine>
          <TextLine ID="eSc_line_451b675f"
                    TAGREFS="LT1"
                    BASELINE="2236 1083 3482 1057" 
                    HPOS="2235"
                    VPOS="881"
                    WIDTH="1244"
                    HEIGHT="226">
            <Shape><Polygon POINTS="3464 959 2608 964 2570 976 2530 969 2480 1007 2240 1012 2235 1054 2235 1092 2409 1090 2459 1107 2688 1082 2756 1100 2824 1080 3202 1090 3255 1069 3305 1087 3454 1085 3479 1064 3472 881 3464 881 3464 959"/></Shape>
            <String CONTENT="وهق وم مين دوت الننس وف"
                    HPOS="2235"
                    VPOS="881"
                    WIDTH="1244"
                    HEIGHT="226"
                    ></String>
          </TextLine>
          <TextLine ID="eSc_line_94501e98"
                    TAGREFS="LT1"
                    BASELINE="2239 1165 3482 1130" 
                    HPOS="2238"
                    VPOS="1085"
                    WIDTH="1241"
                    HEIGHT="108">
            <Shape><Polygon POINTS="2238 1193 2505 1178 2648 1193 2691 1173 2817 1188 2965 1165 3059 1180 3137 1165 3388 1173 3479 1155 3479 1127 3298 1117 2978 1117 2943 1090 2855 1127 2794 1090 2767 1105 2716 1085 2699 1100 2374 1092 2238 1163 2238 1193"/></Shape>
            <String CONTENT=" الليث ثانية
 ولا تحمدا إلا الخصا وخصاكما هما كانتا والله للنفس واقية
 فلولاهما لم تنجوا من سنانه وتلك بما فيها عن العود ناهية
 "
                    HPOS="2238"
                    VPOS="1085"
                    WIDTH="1241"
                    HEIGHT="108"
                    ></String>
          </TextLine>
          <TextLine ID="eSc_line_4bce3b4b"
                    TAGREFS="LT1"
                    BASELINE="2245 1243 3477 1218" 
                    HPOS="2245"
                    VPOS="1198"
                    WIDTH="1232"
                    HEIGHT="88">
            <Shape><Polygon POINTS="2245 1268 2266 1283 2359 1268 2490 1286 2535 1263 2590 1283 2658 1261 2736 1278 2779 1261 2812 1276 2983 1276 3061 1273 3084 1253 3129 1271 3222 1266 3245 1248 3477 1256 3477 1218 3469 1215 3240 1205 3202 1220 3177 1198 3104 1198 3056 1223 3018 1205 2940 1220 2867 1203 2726 1208 2711 1223 2681 1210 2663 1228 2610 1208 2583 1233 2469 1218 2447 1236 2419 1223 2248 1238 2245 1243 2245 1268"/></Shape>
            <String CONTENT="متى تلقيا الخيل المشيحة صبحة وفيها علي فاتركا الخيل ناحية
"
                    HPOS="2245"
                    VPOS="1198"
                    WIDTH="1232"
                    HEIGHT="88"
                    ></String>
          </TextLine>
          <TextLine ID="eSc_line_3e88739d"
                    TAGREFS="LT1"
                    BASELINE="2252 1340 3482 1316" 
                    HPOS="2250"
                    VPOS="1185"
                    WIDTH="1229"
                    HEIGHT="197">
            <Shape><Polygon POINTS="3456 1218 3230 1220 3104 1226 2903 1228 2855 1238 2819 1231 2792 1231 2764 1253 2603 1283 2568 1266 2535 1283 2278 1286 2273 1309 2258 1319 2250 1339 2250 1369 2487 1377 2527 1361 2583 1382 2613 1361 2741 1379 2865 1354 2913 1374 2930 1354 2988 1374 3114 1356 3182 1369 3290 1346 3381 1364 3477 1344 3479 1314 3469 1185 3461 1185 3456 1218"/></Shape>
            <String CONTENT="وكونا بعيدا حيث لا يبلغ القنا وحمي الوغى إن التجار"
                    HPOS="2250"
                    VPOS="1185"
                    WIDTH="1229"
                    HEIGHT="197"
                    ></String>
          </TextLine>
          <TextLine ID="eSc_line_dd512dc6"
                    TAGREFS="LT1"
                    BASELINE="2255 1429 3479 1419" 
                    HPOS="2253"
                    VPOS="1389"
                    WIDTH="1226"
                    HEIGHT="83">
            <Shape><Polygon POINTS="2255 1429 2255 1465 2480 1472 2548 1455 2631 1470 2678 1455 2731 1470 2764 1452 2890 1450 2943 1467 3033 1450 3094 1467 3174 1447 3386 1465 3477 1447 3479 1419 3386 1412 2963 1414 2875 1399 2822 1414 2787 1397 2709 1417 2668 1389 2253 1389 2255 1429"/></Shape>
            <String CONTENT="وان ان منه لعا ف الععس خاحه لعودا الى اسما  طهبه"
                    HPOS="2253"
                    VPOS="1389"
                    WIDTH="1226"
                    HEIGHT="83"
                    ></String>
          </TextLine>
          <TextLine ID="eSc_line_f497b21b"
                    TAGREFS="LT1"
                    BASELINE="2067 1507 2437 1520 3484 1502" 
                    HPOS="2067"
                    VPOS="1387"
                    WIDTH="1417"
                    HEIGHT="181">
            <Shape><Polygon POINTS="3474 1422 3449 1422 3424 1422 3399 1422 3373 1422 3348 1422 3323 1422 3298 1422 3273 1422 3247 1422 3222 1422 3197 1422 3172 1424 3147 1424 3122 1424 3096 1424 3071 1424 3046 1424 3021 1424 2996 1424 2970 1424 2945 1424 2920 1424 2895 1424 2870 1424 2845 1427 2819 1427 2797 1427 2794 1429 2792 1427 2769 1427 2744 1427 2719 1427 2694 1427 2673 1427 2633 1434 2548 1427 2542 1429 2517 1429 2492 1429 2472 1429 2444 1457 2409 1445 2389 1460 2097 1460 2089 1467 2084 1467 2067 1507 2067 1550 2160 1568 2278 1568 2298 1550 2323 1565 2480 1550 2515 1565 2651 1563 2709 1543 2754 1560 2797 1545 2905 1560 2928 1543 3044 1558 3298 1535 3338 1553 3482 1533 3484 1502 3482 1387 3477 1387 3474 1422"/></Shape>
            <String CONTENT="هويار يبسه بعودله اد اللق الخبار الى فيهاعما رجح ابه عتبجنا حبه وتحاى"
                    HPOS="2067"
                    VPOS="1387"
                    WIDTH="1417"
                    HEIGHT="181"
                    ></String>
          </TextLine>
          <TextLine ID="eSc_line_9d8082c6"
                    TAGREFS="LT1"
                    BASELINE="2097 1607 3484 1591" 
                    HPOS="2092"
                    VPOS="1575"
                    WIDTH="1390"
                    HEIGHT="84">
            <Shape><Polygon POINTS="2094 1606 2094 1643 2130 1659 2248 1641 2419 1656 2502 1636 2653 1653 2688 1633 2802 1651 2978 1631 3046 1648 3064 1631 3109 1646 3149 1628 3280 1646 3361 1626 3419 1643 3482 1623 3482 1588 3479 1586 2933 1575 2905 1593 2850 1580 2804 1596 2787 1578 2719 1578 2653 1598 2636 1580 2497 1580 2449 1601 2331 1583 2286 1603 2092 1603 2094 1606"/></Shape>
            <String CONTENT="لوسعا ناا الصام علبا فلما ابعضنت ابا وصعين لهته معونه في سنه"
                    HPOS="2092"
                    VPOS="1575"
                    WIDTH="1390"
                    HEIGHT="84"
                    ></String>
          </TextLine>
          <TextLine ID="eSc_line_4ed084ab"
                    TAGREFS="LT1"
                    BASELINE="2097 1704 2404 1709 3489 1681" 
                    HPOS="2092"
                    VPOS="1659"
                    WIDTH="1395"
                    HEIGHT="98">
            <Shape><Polygon POINTS="2094 1701 2094 1737 2288 1757 2326 1739 2341 1754 2515 1752 2548 1727 2767 1747 2877 1744 2918 1719 2950 1737 3031 1716 3061 1737 3147 1714 3192 1732 3220 1714 3252 1729 3293 1711 3487 1716 3487 1679 3439 1671 3162 1661 3079 1679 2993 1659 2960 1681 2767 1664 2696 1681 2560 1669 2537 1689 2427 1694 2404 1674 2339 1689 2233 1676 2092 1696 2094 1701"/></Shape>
            <String CONTENT="ا بكنه اساف وارس مساوحنى ودم ال منه السبومة وعلها ابوابوب"
                    HPOS="2092"
                    VPOS="1659"
                    WIDTH="1395"
                    HEIGHT="98"
                    ></String>
          </TextLine>
          <TextLine ID="eSc_line_c4ee0af2"
                    TAGREFS="LT1"
                    BASELINE="2097 1792 3492 1772" 
                    HPOS="2092"
                    VPOS="1759"
                    WIDTH="1397"
                    HEIGHT="71">
            <Shape><Polygon POINTS="2092 1769 2094 1789 2094 1830 3489 1810 3489 1769 3487 1769 2744 1767 2699 1782 2671 1767 2636 1782 2598 1767 2540 1784 2472 1762 2371 1779 2344 1759 2266 1759 2218 1779 2198 1762 2094 1762 2092 1769"/></Shape>
            <String CONTENT="الاتصدام ي من يسل على مقاى ماكب و الهه يحفه كهومعه الم عا فر"
                    HPOS="2092"
                    VPOS="1759"
                    WIDTH="1397"
                    HEIGHT="71"
                    ></String>
          </TextLine>
          <TextLine ID="eSc_line_7bcc4609"
                    TAGREFS="LT1"
                    BASELINE="2097 1875 3487 1860" 
                    HPOS="2094"
                    VPOS="1832"
                    WIDTH="1390"
                    HEIGHT="88">
            <Shape><Polygon POINTS="2094 1903 2137 1920 2326 1900 2361 1918 2439 1900 2608 1915 2633 1898 2787 1915 2940 1895 3049 1910 3066 1893 3099 1910 3179 1893 3388 1908 3484 1888 3484 1857 3479 1852 3132 1855 3049 1832 2973 1857 2910 1835 2787 1835 2573 1852 2522 1840 2490 1862 2336 1850 2130 1865 2094 1873 2094 1903"/></Shape>
            <String CONTENT="ويسسن المد نه بعر فعال قصعه المنير فعا ن عليه باد ساربا بحاء ومار"
                    HPOS="2094"
                    VPOS="1832"
                    WIDTH="1390"
                    HEIGHT="88"
                    ></String>
          </TextLine>
          <TextLine ID="eSc_line_cd02a4b7"
                    TAGREFS="LT1"
                    BASELINE="2097 1974 2429 1956 3482 1948" 
                    HPOS="2094"
                    VPOS="1883"
                    WIDTH="1385"
                    HEIGHT="131">
            <Shape><Polygon POINTS="2094 2011 2379 2014 2417 1988 2477 2003 2550 1986 2721 2011 2807 1983 2872 2008 2938 1981 3187 1986 3212 2001 3351 1976 3431 2001 3479 1976 3479 1946 3346 1935 3119 1938 3086 1920 3044 1935 2998 1915 2897 1938 2862 1910 2804 1940 2746 1900 2187 1883 2094 1973 2094 2011"/></Shape>
            <String CONTENT="وهله بطوب من الانصار رصى ابله تمنهى ثمر قال امن شنخ الزايعهه"
                    HPOS="2094"
                    VPOS="1883"
                    WIDTH="1385"
                    HEIGHT="131"
                    ></String>
          </TextLine>
          <TextLine ID="eSc_line_bee9665e"
                    TAGREFS="LT1"
                    BASELINE="2125 2051 3487 2041" 
                    HPOS="2125"
                    VPOS="2014"
                    WIDTH="1362"
                    HEIGHT="83">
            <Shape><Polygon POINTS="2125 2084 2260 2097 2346 2081 2394 2097 2417 2081 2464 2097 2603 2079 2804 2094 2943 2076 2965 2092 3117 2092 3185 2074 3348 2089 3487 2074 3487 2041 3484 2036 3152 2039 3129 2019 3036 2016 2993 2039 2953 2014 2905 2041 2827 2016 2782 2044 2724 2044 2688 2016 2643 2034 2626 2016 2462 2016 2389 2046 2288 2031 2260 2046 2238 2031 2125 2046 2125 2051 2125 2084"/></Shape>
            <String CONTENT="هاهباما مسن عنم عمن رص درعته مفلرياهل الديية والهن"
                    HPOS="2125"
                    VPOS="2014"
                    WIDTH="1362"
                    HEIGHT="83"
                    ></String>
          </TextLine>
          <TextLine ID="eSc_line_5173dec9"
                    TAGREFS="LT1"
                    BASELINE="2160 2142 3489 2124" 
                    HPOS="2160"
                    VPOS="2099"
                    WIDTH="1329"
                    HEIGHT="93">
            <Shape><Polygon POINTS="2160 2192 2346 2192 2396 2170 2439 2187 2464 2167 2492 2182 2540 2165 2598 2185 2636 2165 2855 2177 2920 2160 2983 2182 3066 2162 3134 2180 3164 2157 3300 2154 3343 2177 3424 2177 3489 2152 3489 2124 3484 2119 3212 2107 3164 2122 3104 2099 2988 2124 2918 2099 2198 2134 2160 2142 2160 2192"/></Shape>
            <String CONTENT="كولا ما حهره الى معويه ما تركت فيها لحمل اللا قبلسه ثم امر اهل"
                    HPOS="2160"
                    VPOS="2099"
                    WIDTH="1329"
                    HEIGHT="93"
                    ></String>
          </TextLine>
          <TextLine ID="eSc_line_f0d69c3b"
                    TAGREFS="LT1"
                    BASELINE="2142 2240 2799 2217 3484 2220" 
                    HPOS="2142"
                    VPOS="2149"
                    WIDTH="1342"
                    HEIGHT="134">
            <Shape><Polygon POINTS="2142 2283 2452 2280 2507 2258 2618 2278 2666 2255 2829 2275 3051 2250 3144 2250 3169 2270 3260 2248 3429 2265 3484 2245 3484 2220 3273 2149 3081 2152 3038 2195 3011 2190 2983 2212 2928 2172 2872 2212 2827 2177 2777 2210 2736 2185 2651 2212 2618 2197 2480 2222 2260 2225 2142 2240 2142 2283"/></Shape>
            <String CONTENT="الد منه بالبيغة لعومة وارسل اكى تى سله فقار ه عع ام بن"
                    HPOS="2142"
                    VPOS="2149"
                    WIDTH="1342"
                    HEIGHT="134"
                    ></String>
          </TextLine>
          <TextLine ID="eSc_line_eba4607a"
                    TAGREFS="LT1"
                    BASELINE="2137 2318 3479 2311" 
                    HPOS="2137"
                    VPOS="2275"
                    WIDTH="1342"
                    HEIGHT="91">
            <Shape><Polygon POINTS="2137 2341 2253 2366 2427 2366 2454 2346 2477 2366 2558 2366 2593 2333 2769 2333 2847 2363 2892 2336 2938 2361 2965 2336 2988 2356 3109 2331 3192 2358 3217 2338 3313 2333 3346 2353 3477 2331 3479 2311 3474 2306 3361 2306 3308 2283 3263 2306 3202 2278 3179 2298 3149 2275 3046 2275 3003 2303 2978 2278 2908 2278 2860 2308 2812 2278 2618 2278 2522 2311 2172 2311 2137 2318 2137 2341"/></Shape>
            <String CONTENT="ولا معالغة سى ما موك بجايم بنعمد الله فاخبرح بن رصح ابله عنه"
                    HPOS="2137"
                    VPOS="2275"
                    WIDTH="1342"
                    HEIGHT="91"
                    ></String>
          </TextLine>
          <TextLine ID="eSc_line_96559386"
                    TAGREFS="LT1"
                    BASELINE="2125 2409 3479 2394" 
                    HPOS="2125"
                    VPOS="2358"
                    WIDTH="1354"
                    HEIGHT="99">
            <Shape><Polygon POINTS="2125 2439 2328 2457 2555 2454 2595 2431 2711 2431 2739 2449 2756 2431 2817 2429 2837 2449 2877 2449 2905 2429 3046 2426 3101 2447 3195 2431 3222 2447 3477 2426 3479 2394 3464 2384 3401 2384 3348 2358 3232 2386 3190 2361 3026 2361 2943 2384 2890 2363 2676 2381 2658 2366 2485 2394 2230 2396 2125 2409 2125 2439"/></Shape>
            <String CONTENT="ن عبد الله
 فأخبر جابر رضي الله عنه فانطلق حتى جاء أم سلمة رضي الله عنها فقال
لها يا أم المؤمنين ما"
                    HPOS="2125"
                    VPOS="2358"
                    WIDTH="1354"
                    HEIGHT="99"
                    ></String>
          </TextLine>
          <TextLine ID="eSc_line_57f6415d"
                    TAGREFS="LT1"
                    BASELINE="2119 2504 2890 2489 3479 2492" 
                    HPOS="2119"
                    VPOS="2452"
                    WIDTH="1360"
                    HEIGHT="100">
            <Shape><Polygon POINTS="2119 2552 2250 2550 2288 2530 2323 2550 2490 2530 2530 2547 2633 2522 2840 2522 2913 2542 2978 2520 3008 2540 3056 2517 3182 2517 3242 2540 3320 2517 3431 2537 3477 2514 3479 2492 3466 2482 3361 2482 3325 2452 3280 2452 3255 2474 3212 2454 3137 2469 3096 2454 2965 2469 2890 2457 2857 2477 2822 2464 2807 2482 2701 2489 2666 2459 2631 2459 2515 2492 2474 2472 2457 2489 2442 2474 2419 2492 2182 2494 2119 2504 2119 2552"/></Shape>
            <String CONTENT="زيرين واى خشنت أن اقبل وهنه سعه ملال ومالت أرب اريبابع"
                    HPOS="2119"
                    VPOS="2452"
                    WIDTH="1360"
                    HEIGHT="100"
                    ></String>
          </TextLine>
          <TextLine ID="eSc_line_2e0acd31"
                    TAGREFS="LT1"
                    BASELINE="2122 2593 2605 2580 3474 2582" 
                    HPOS="2122"
                    VPOS="2512"
                    WIDTH="1352"
                    HEIGHT="121">
            <Shape><Polygon POINTS="2122 2618 2180 2633 2442 2633 2457 2618 2688 2633 2784 2615 2840 2630 2978 2615 3023 2630 3071 2615 3119 2630 3172 2615 3396 2630 3474 2613 3474 2582 3270 2512 2824 2530 2751 2557 2711 2530 2608 2572 2323 2572 2122 2593 2122 2618"/></Shape>
            <String CONTENT="وقد امرت أنبى عمر بن ابى سله أز يبابع فبى برسر اقبارعه"
                    HPOS="2122"
                    VPOS="2512"
                    WIDTH="1352"
                    HEIGHT="121"
                    ></String>
          </TextLine>
          <TextLine ID="eSc_line_50155d22"
                    TAGREFS="LT1"
                    BASELINE="2109 2673 3469 2663" 
                    HPOS="2109"
                    VPOS="2638"
                    WIDTH="1360"
                    HEIGHT="85">
            <Shape><Polygon POINTS="2109 2703 2225 2723 2281 2708 2447 2723 2525 2701 2676 2701 2711 2721 2789 2698 2920 2698 2940 2718 3469 2701 3469 2663 3466 2658 3429 2643 3303 2660 3250 2638 3187 2660 3124 2638 3099 2663 2860 2640 2782 2666 2759 2648 2731 2666 2709 2643 2633 2643 2605 2666 2583 2645 2532 2658 2487 2643 2412 2648 2391 2668 2109 2668 2109 2673 2109 2703"/></Shape>
            <String CONTENT="لمعنوبه وهدم بسم ذوراماله ست م مطلفت اى مكه وبه ابوممك"
                    HPOS="2109"
                    VPOS="2638"
                    WIDTH="1360"
                    HEIGHT="85"
                    ></String>
          </TextLine>
        </TextBlock>
        <TextBlock HPOS="2023"
                   VPOS="442"
                   WIDTH="181"
                   HEIGHT="268"
                   ID="eSc_textblock_4a164b4d"
                   TAGREFS="BT1063">
          <Shape><Polygon POINTS="2023 452 2078 710 2204 653 2141 566 2102 442"/></Shape>
          <TextLine ID="eSc_line_e57b664c"
                    TAGREFS="LT220"
                    BASELINE="2142 621 2165 659" 
                    HPOS="2117"
                    VPOS="606"
                    WIDTH="70"
                    HEIGHT="58">
            <Shape><Polygon POINTS="2177 624 2160 606 2140 619 2117 629 2145 664 2162 657 2187 636 2177 624"/></Shape>
            <String CONTENT=""
                    HPOS="2117"
                    VPOS="606"
                    WIDTH="70"
                    HEIGHT="58"
                    ></String>
          </TextLine>
          <TextLine ID="eSc_line_a6547397"
                    TAGREFS="LT220"
                    BASELINE="2061 452 2122 682" 
                    HPOS="2019"
                    VPOS="450"
                    WIDTH="146"
                    HEIGHT="239">
            <Shape><Polygon POINTS="2165 662 2099 460 2089 453 2059 450 2019 460 2062 526 2057 611 2074 624 2077 689 2119 679 2157 667 2165 662"/></Shape>
            <String CONTENT="يبس مذهب"
                    HPOS="2019"
                    VPOS="450"
                    WIDTH="146"
                    HEIGHT="239"
                    ></String>
          </TextLine>
        </TextBlock>
        <TextBlock HPOS="2047"
                   VPOS="816"
                   WIDTH="166"
                   HEIGHT="179"
                   ID="eSc_textblock_116f3f9b"
                   TAGREFS="BT1063">
          <Shape><Polygon POINTS="2082 994 2056 910 2047 816 2151 833 2213 995"/></Shape>
          <TextLine ID="eSc_line_45334023"
                    TAGREFS="LT220"
                    BASELINE="2174 922 2194 987" 
                    HPOS="2097"
                    VPOS="918"
                    WIDTH="106"
                    HEIGHT="83">
            <Shape><Polygon POINTS="2195 964 2187 941 2177 918 2172 921 2097 941 2135 1001 2192 986 2203 981 2195 964"/></Shape>
            <String CONTENT=" ال"
                    HPOS="2097"
                    VPOS="918"
                    WIDTH="106"
                    HEIGHT="83"
                    ></String>
          </TextLine>
          <TextLine ID="eSc_line_e4f0fa34"
                    TAGREFS="LT220"
                    BASELINE="2079 882 2090 987" 
                    HPOS="2041"
                    VPOS="878"
                    WIDTH="71"
                    HEIGHT="108">
            <Shape><Polygon POINTS="2041 883 2064 986 2089 986 2099 971 2112 878 2077 881 2041 883"/></Shape>
            <String CONTENT="يستعرض "
                    HPOS="2041"
                    VPOS="878"
                    WIDTH="71"
                    HEIGHT="108"
                    ></String>
          </TextLine>
          <TextLine ID="eSc_line_969fdd85"
                    TAGREFS="LT220"
                    BASELINE="2119 833 2140 990" 
                    HPOS="2082"
                    VPOS="830"
                    WIDTH="98"
                    HEIGHT="161">
            <Shape><Polygon POINTS="2135 835 2117 830 2082 833 2114 991 2137 989 2180 976 2145 843 2135 835"/></Shape>
            <String CONTENT="قم سعره"
                    HPOS="2082"
                    VPOS="830"
                    WIDTH="98"
                    HEIGHT="161"
                    ></String>
          </TextLine>
        </TextBlock>
        <TextBlock HPOS="2152"
                   VPOS="1133"
                   WIDTH="119"
                   HEIGHT="217"
                   ID="eSc_textblock_e4f84e7b"
                   TAGREFS="BT1063">
          <Shape><Polygon POINTS="2152 1336 2152 1147 2217 1133 2222 1259 2271 1303 2217 1350"/></Shape>
          <TextLine ID="eSc_line_cd0475ed"
                    TAGREFS="LT220"
                    BASELINE="2233 1271 2244 1315" 
                    HPOS="2213"
                    VPOS="1266"
                    WIDTH="37"
                    HEIGHT="50">
            <Shape><Polygon POINTS="2233 1266 2230 1268 2213 1271 2225 1316 2243 1314 2250 1309 2240 1276 2233 1266"/></Shape>
            <String CONTENT=" "
                    HPOS="2213"
                    VPOS="1266"
                    WIDTH="37"
                    HEIGHT="50"
                    ></String>
          </TextLine>
          <TextLine ID="eSc_line_91e221ef"
                    TAGREFS="LT220"
                    BASELINE="2180 1149 2204 1321" 
                    HPOS="2150"
                    VPOS="1142"
                    WIDTH="83"
                    HEIGHT="179">
            <Shape><Polygon POINTS="2150 1150 2155 1266 2180 1321 2203 1319 2233 1311 2208 1243 2208 1142 2177 1147 2150 1150"/></Shape>
            <String CONTENT="حوم لا اق"
                    HPOS="2150"
                    VPOS="1142"
                    WIDTH="83"
                    HEIGHT="179"
                    ></String>
          </TextLine>
        </TextBlock>
        <TextBlock HPOS="70"
                   VPOS="322"
                   WIDTH="1925"
                   HEIGHT="2470"
                   ID="eSc_textblock_86382854"
                   TAGREFS="BT2">
          <Shape><Polygon POINTS="1847 1437 1860 1848 1983 1829 1995 1952 1975 2023 1938 2099 1911 2205 1900 2736 1850 2766 701 2792 651 2759 637 2641 494 2555 466 2449 494 2356 206 2271 134 2162 70 2062 132 1757 446 1849 467 1844 586 1803 500 1741 475 1059 463 1059 466 1044 178 1033 176 1028 115 876 463 873 493 372 1190 322 1868 341 1868 670 1849 669 1842 1034 1842 1045 1857 1123 1858 1126 1856 1437"/></Shape>
          <TextLine ID="eSc_line_ef80a9e8"
                    TAGREFS="LT1"
                    BASELINE="511 400 1840 367" 
                    HPOS="511"
                    VPOS="334"
                    WIDTH="1329"
                    HEIGHT="101">
            <Shape><Polygon POINTS="1817 337 1792 337 1767 337 1742 337 1717 334 1691 334 1666 334 1634 334 1613 352 1530 337 1402 372 1336 342 1168 347 1110 380 1029 349 986 382 566 392 511 400 511 435 908 435 954 420 1019 433 1067 412 1183 425 1248 407 1306 425 1432 402 1520 420 1576 400 1840 397 1840 367 1835 337 1817 337"/></Shape>
            <String CONTENT="الاشعرى رسى الله تكه محافه بحاء نفسبه أن يقبله فهرب فعبل ذلا"
                    HPOS="511"
                    VPOS="334"
                    WIDTH="1329"
                    HEIGHT="101"
                    ></String>
          </TextLine>
          <TextLine ID="eSc_line_6ecf191a"
                    TAGREFS="LT1"
                    BASELINE="501 480 1865 443" 
                    HPOS="501"
                    VPOS="425"
                    WIDTH="1364"
                    HEIGHT="106">
            <Shape><Polygon POINTS="501 516 546 531 813 523 833 508 1009 518 1125 495 1185 513 1231 490 1256 511 1319 511 1420 485 1528 498 1639 480 1714 498 1775 475 1865 475 1865 443 1860 438 1603 443 1588 427 1571 445 1515 445 1485 425 1407 425 1352 450 1309 430 1246 445 1226 430 1120 458 1097 435 1042 435 961 453 918 440 858 465 730 453 715 468 526 473 501 480 501 516"/></Shape>
            <String CONTENT="لسم لعال لعب لاقبله وفد اح عليا وكسب ابوموسى الى المو ان"
                    HPOS="501"
                    VPOS="425"
                    WIDTH="1364"
                    HEIGHT="106"
                    ></String>
          </TextLine>
          <TextLine ID="eSc_line_ae3deec9"
                    TAGREFS="LT1"
                    BASELINE="506 571 1059 563 1875 531" 
                    HPOS="506"
                    VPOS="513"
                    WIDTH="1369"
                    HEIGHT="98">
            <Shape><Polygon POINTS="506 606 979 611 1077 594 1138 606 1221 581 1608 591 1646 571 1694 589 1729 568 1785 581 1875 561 1875 531 1848 526 1566 516 1548 531 1477 513 1450 538 1414 538 1334 516 1286 543 1248 518 1213 536 1143 521 1054 551 992 551 959 528 908 543 820 531 506 566 506 571 506 606"/></Shape>
            <String CONTENT="خبلا مبهوته من عيد معومه فعيل البس من بى بن كفر ما لحلومه"
                    HPOS="506"
                    VPOS="513"
                    WIDTH="1369"
                    HEIGHT="98"
                    ></String>
          </TextLine>
          <TextLine ID="eSc_line_efd4f63f"
                    TAGREFS="LT1"
                    BASELINE="498 654 1860 631" 
                    HPOS="498"
                    VPOS="601"
                    WIDTH="1362"
                    HEIGHT="98">
            <Shape><Polygon POINTS="498 694 750 699 777 679 820 697 941 682 1014 694 1037 679 1097 694 1170 672 1226 672 1253 692 1309 669 1384 682 1407 667 1488 687 1523 667 1639 677 1709 662 1820 679 1860 659 1860 631 1848 624 1702 606 1686 619 1644 601 1399 604 1364 626 1329 606 1248 606 1185 634 1105 634 1062 614 1027 636 954 616 926 639 908 624 556 644 498 654 498 694"/></Shape>
            <String CONTENT="واكمه سم النناس كله ايصا بحل الببعة الصومه ثمر مع الى اليمن عليها"
                    HPOS="498"
                    VPOS="601"
                    WIDTH="1362"
                    HEIGHT="98"
                    ></String>
          </TextLine>
          <TextLine ID="eSc_line_06f52ec8"
                    TAGREFS="LT1"
                    BASELINE="511 750 1853 717" 
                    HPOS="508"
                    VPOS="649"
                    WIDTH="1342"
                    HEIGHT="149">
            <Shape><Polygon POINTS="1843 684 1623 692 1601 677 1404 697 1379 677 1324 694 1211 669 1049 679 1002 649 818 652 790 667 558 659 508 747 508 782 712 798 886 777 954 790 981 772 1012 785 1024 770 1085 787 1160 767 1190 785 1289 767 1435 780 1457 760 1561 775 1644 755 1724 772 1850 750 1850 714 1848 712 1843 684"/></Shape>
            <String CONTENT="عبيد انفه بالعباس فغر منه الم الشوفح اتى علاها رصح ابنه منهما"
                    HPOS="508"
                    VPOS="649"
                    WIDTH="1342"
                    HEIGHT="149"
                    ></String>
          </TextLine>
          <TextLine ID="eSc_line_8bb59ca1"
                    TAGREFS="LT1"
                    BASELINE="511 833 1853 811" 
                    HPOS="508"
                    VPOS="780"
                    WIDTH="1342"
                    HEIGHT="103">
            <Shape><Polygon POINTS="508 883 664 883 682 863 715 881 843 860 871 878 1133 860 1155 876 1198 855 1331 873 1392 853 1482 871 1525 850 1659 863 1681 848 1850 845 1850 810 1848 780 1518 785 1414 815 1354 787 1309 818 1236 800 1148 820 1117 800 1087 820 1067 803 997 823 916 810 516 825 508 830 508 883"/></Shape>
            <String CONTENT="واستحاف عا المن بجمع ابعه من بحره المدان بحار نب ففيل بسر ومبك"
                    HPOS="508"
                    VPOS="780"
                    WIDTH="1342"
                    HEIGHT="103"
                    ></String>
          </TextLine>
          <TextLine ID="eSc_line_74a144f4"
                    TAGREFS="LT1"
                    BASELINE="146 921 1853 916" 
                    HPOS="143"
                    VPOS="878"
                    WIDTH="1707"
                    HEIGHT="98">
            <Shape><Polygon POINTS="143 956 503 959 528 976 702 976 727 959 835 976 868 954 994 976 1052 951 1140 974 1243 956 1296 974 1359 956 1480 974 1578 956 1661 974 1724 951 1848 959 1850 913 1843 906 1787 881 1734 896 1709 878 1578 878 1530 903 1475 878 1417 906 1384 878 1263 878 1206 906 1183 886 1125 903 1072 878 1009 878 956 908 740 888 684 908 604 886 576 908 226 908 143 918 143 956"/></Shape>
            <String CONTENT="خلف عمرو
بن أراك الثقفي فقتله بسر وقتل ابنه ولقي 
 ثقل عبيد الله بن العباس وفيه ابنان صغيران لعبيد الله قد وارتهما
أمهما"
                    HPOS="143"
                    VPOS="878"
                    WIDTH="1707"
                    HEIGHT="98"
                    ></String>
          </TextLine>
          <TextLine ID="eSc_line_b17b4c80"
                    TAGREFS="LT1"
                    BASELINE="209 987 552 1039 1853 1009" 
                    HPOS="206"
                    VPOS="971"
                    WIDTH="1644"
                    HEIGHT="106">
            <Shape><Polygon POINTS="208 986 208 1039 438 1037 480 1074 596 1077 624 1054 757 1074 795 1052 818 1064 906 1039 944 1072 981 1054 1019 1069 1080 1042 1168 1067 1253 1049 1387 1067 1442 1047 1472 1064 1548 1047 1618 1064 1848 1022 1850 1007 1709 994 1409 979 1389 999 1349 999 1256 971 1211 1001 1173 1001 1145 979 1112 996 1059 974 956 991 924 974 851 1004 808 981 772 1007 697 984 591 1009 531 979 206 984 208 986"/></Shape>
            <String CONTENT=" فأخذهما من تحت ذيلها فقتلهما ورجع إلى الشام
"
                    HPOS="206"
                    VPOS="971"
                    WIDTH="1644"
                    HEIGHT="106"
                    ></String>
          </TextLine>
          <TextLine ID="eSc_line_83295990"
                    TAGREFS="LT1"
                    BASELINE="508 1115 1853 1102" 
                    HPOS="503"
                    VPOS="1074"
                    WIDTH="1347"
                    HEIGHT="86">
            <Shape><Polygon POINTS="506 1112 506 1145 541 1160 637 1142 679 1160 775 1140 974 1155 992 1140 1140 1137 1309 1155 1364 1140 1553 1153 1581 1137 1848 1137 1850 1100 1848 1097 1593 1097 1563 1080 1540 1100 1525 1085 1460 1102 1309 1074 1039 1074 966 1077 921 1107 851 1090 828 1107 765 1095 745 1110 503 1110 506 1112"/></Shape>
            <String CONTENT="عبيد الله بن عباس وقد
"
                    HPOS="503"
                    VPOS="1074"
                    WIDTH="1347"
                    HEIGHT="86"
                    ></String>
          </TextLine>
          <TextLine ID="eSc_line_ba753e00"
                    TAGREFS="LT1"
                    BASELINE="494 1198 1853 1190" 
                    HPOS="493"
                    VPOS="1160"
                    WIDTH="1357"
                    HEIGHT="83">
            <Shape><Polygon POINTS="493 1238 551 1226 574 1243 672 1228 699 1241 752 1218 783 1243 878 1243 921 1218 1022 1241 1080 1210 1284 1210 1314 1236 1389 1238 1500 1238 1558 1218 1646 1238 1684 1218 1707 1236 1727 1218 1795 1231 1848 1215 1850 1188 1845 1183 1747 1183 1722 1160 1659 1175 1530 1160 1485 1178 1402 1160 1367 1183 1319 1168 1271 1185 1148 1185 1125 1170 1057 1183 1022 1163 981 1180 944 1163 838 1183 785 1170 717 1188 531 1188 493 1195 493 1238"/></Shape>
            <String CONTENT="ذلك كان منه باليمن
"
                    HPOS="493"
                    VPOS="1160"
                    WIDTH="1357"
                    HEIGHT="83"
                    ></String>
          </TextLine>
          <TextLine ID="eSc_line_b4a14b49"
                    TAGREFS="LT1"
                    BASELINE="494 1273 682 1278 1853 1264" 
                    HPOS="493"
                    VPOS="1241"
                    WIDTH="1357"
                    HEIGHT="85">
            <Shape><Polygon POINTS="493 1309 543 1326 707 1326 760 1306 783 1324 813 1306 1080 1321 1188 1304 1382 1319 1407 1304 1518 1319 1593 1316 1613 1299 1656 1316 1772 1316 1850 1296 1850 1263 1800 1256 1568 1258 1543 1243 1472 1261 1437 1241 1399 1256 1331 1241 1306 1258 1258 1241 1150 1263 1004 1243 833 1246 798 1266 496 1266 493 1271 493 1309"/></Shape>
            <String CONTENT="تصح له صحبة
 "
                    HPOS="493"
                    VPOS="1241"
                    WIDTH="1357"
                    HEIGHT="85"
                    ></String>
          </TextLine>
          <TextLine ID="eSc_line_6a3c3bcd"
                    TAGREFS="LT1"
                    BASELINE="506 1372 1853 1356" 
                    HPOS="503"
                    VPOS="1326"
                    WIDTH="1347"
                    HEIGHT="88">
            <Shape><Polygon POINTS="503 1399 553 1414 1014 1397 1150 1409 1175 1389 1258 1407 1404 1387 1437 1404 1477 1387 1578 1404 1626 1384 1848 1399 1850 1354 1845 1349 1634 1336 1618 1351 1518 1351 1500 1334 1462 1344 1402 1326 1372 1344 1326 1329 1180 1351 1153 1331 949 1331 878 1336 853 1359 767 1344 712 1361 536 1361 503 1369 503 1399"/></Shape>
            <String CONTENT="أبو الحسن الدارقطني له صحبة ولم تكن له "
                    HPOS="503"
                    VPOS="1326"
                    WIDTH="1347"
                    HEIGHT="88"
                    ></String>
          </TextLine>
          <TextLine ID="eSc_line_f32b2e59"
                    TAGREFS="LT1"
                    BASELINE="494 1459 1853 1432" 
                    HPOS="493"
                    VPOS="1399"
                    WIDTH="1357"
                    HEIGHT="106">
            <Shape><Polygon POINTS="704 1505 772 1485 805 1502 866 1482 981 1500 1112 1477 1241 1490 1253 1475 1357 1492 1402 1472 1465 1485 1513 1470 1581 1487 1759 1467 1850 1482 1850 1429 1840 1422 1780 1399 1729 1422 1472 1402 1226 1407 1183 1434 1120 1422 994 1437 934 1419 853 1442 561 1447 493 1457 493 1502"/></Shape>
            <String CONTENT="استقامة بعد النبي صلى
"
                    HPOS="493"
                    VPOS="1399"
                    WIDTH="1357"
                    HEIGHT="106"
                    ></String>
          </TextLine>
          <TextLine ID="eSc_line_71127d99"
                    TAGREFS="LT1"
                    BASELINE="528 1553 1145 1528 1843 1523" 
                    HPOS="528"
                    VPOS="1502"
                    WIDTH="1315"
                    HEIGHT="89">
            <Shape><Polygon POINTS="528 1588 634 1575 669 1591 815 1588 873 1568 949 1586 969 1568 1102 1563 1462 1573 1485 1555 1550 1573 1686 1555 1744 1568 1843 1548 1843 1523 1840 1518 1659 1523 1568 1505 1437 1525 1329 1502 1223 1505 1185 1530 1100 1507 959 1533 918 1513 851 1540 558 1545 528 1553 528 1588"/></Shape>
            <String CONTENT="لعبيد الله ابن عباس "
                    HPOS="528"
                    VPOS="1502"
                    WIDTH="1315"
                    HEIGHT="89"
                    ></String>
          </TextLine>
          <TextLine ID="eSc_line_64abc3d1"
                    TAGREFS="LT1"
                    BASELINE="551 1641 949 1621 1858 1611" 
                    HPOS="551"
                    VPOS="1586"
                    WIDTH="1307"
                    HEIGHT="100">
            <Shape><Polygon POINTS="551 1686 657 1686 682 1669 898 1681 959 1656 1022 1679 1135 1651 1228 1651 1258 1669 1284 1648 1704 1669 1858 1638 1858 1611 1845 1606 1618 1596 1422 1611 1354 1586 1309 1606 1274 1586 1153 1606 1065 1591 1042 1608 1009 1591 964 1608 838 1593 614 1626 551 1641 551 1686"/></Shape>
            <String CONTENT="بن عبد المطلب
باليمن في "
                    HPOS="551"
                    VPOS="1586"
                    WIDTH="1307"
                    HEIGHT="100"
                    ></String>
          </TextLine>
          <TextLine ID="eSc_line_f8af2e5f"
                    TAGREFS="LT1"
                    BASELINE="475 1737 1122 1721 1853 1724" 
                    HPOS="475"
                    VPOS="1679"
                    WIDTH="1378"
                    HEIGHT="100">
            <Shape><Polygon POINTS="475 1767 775 1779 845 1754 883 1777 966 1777 1012 1754 1105 1767 1218 1752 1246 1767 1319 1752 1372 1774 1409 1752 1430 1772 1545 1772 1639 1749 1681 1772 1724 1747 1780 1769 1853 1747 1853 1724 1827 1714 1691 1699 1666 1714 1623 1679 1427 1679 1377 1716 1347 1686 1301 1701 1266 1681 1168 1696 1082 1681 1037 1684 994 1714 934 1696 838 1721 793 1709 558 1724 475 1737 475 1767"/></Shape>
            <String CONTENT="ودخل
"
                    HPOS="475"
                    VPOS="1679"
                    WIDTH="1378"
                    HEIGHT="100"
                    ></String>
          </TextLine>
          <TextLine ID="eSc_line_d8789551"
                    TAGREFS="LT1"
                    BASELINE="537 1839 751 1849 1858 1812" 
                    HPOS="536"
                    VPOS="1784"
                    WIDTH="1319"
                    HEIGHT="99">
            <Shape><Polygon POINTS="536 1867 699 1860 775 1883 805 1857 851 1870 956 1855 979 1875 1019 1850 1115 1870 1289 1865 1314 1847 1420 1862 1538 1835 1576 1855 1593 1840 1744 1852 1815 1850 1855 1825 1855 1810 1767 1800 1571 1802 1503 1784 1334 1815 1311 1792 1279 1805 1258 1789 1158 1794 1082 1822 1017 1797 976 1800 949 1825 916 1810 898 1822 878 1802 556 1832 536 1837 536 1867"/></Shape>
            <String CONTENT="قبعوا ما مها عا ينفبه بنت عمل الموان ب التمر كطلم والقصبا"
                    HPOS="536"
                    VPOS="1784"
                    WIDTH="1319"
                    HEIGHT="99"
                    ></String>
          </TextLine>
          <TextLine ID="eSc_line_08120cc8"
                    TAGREFS="LT1"
                    BASELINE="131 1786 257 1839" 
                    HPOS="115"
                    VPOS="1757"
                    WIDTH="149"
                    HEIGHT="93">
            <Shape><Polygon POINTS="115 1820 193 1850 249 1847 256 1837 264 1812 203 1757 158 1767 130 1784 115 1820"/></Shape>
            <String CONTENT="والغطاع"
                    HPOS="115"
                    VPOS="1757"
                    WIDTH="149"
                    HEIGHT="93"
                    ></String>
          </TextLine>
          <TextLine ID="eSc_line_07de7c57"
                    TAGREFS="LT1"
                    BASELINE="478 1905 1970 1897" 
                    HPOS="475"
                    VPOS="1860"
                    WIDTH="1493"
                    HEIGHT="108">
            <Shape><Polygon POINTS="475 1930 669 1933 752 1956 800 1933 896 1968 946 1968 989 1933 1027 1961 1085 1938 1135 1958 1213 1946 1233 1966 1354 1966 1417 1943 1467 1966 1520 1963 1543 1940 1568 1958 1621 1943 1639 1961 1709 1963 1770 1930 1795 1946 1850 1923 1966 1923 1968 1895 1921 1885 1734 1867 1679 1885 1639 1860 1498 1860 1462 1880 1362 1862 1329 1888 1190 1862 1133 1885 1105 1862 1044 1862 1002 1888 956 1870 936 1890 901 1888 873 1865 800 1865 775 1890 574 1890 546 1865 483 1885 475 1903 475 1930"/></Shape>
            <String CONTENT="نها من احبين بسبتى الازينه كاله رين يشطى عنهما الصدف"
                    HPOS="475"
                    VPOS="1860"
                    WIDTH="1493"
                    HEIGHT="108"
                    ></String>
          </TextLine>
          <TextLine ID="eSc_line_ec9030d8"
                    TAGREFS="LT1"
                    BASELINE="219 1867 312 1890" 
                    HPOS="206"
                    VPOS="1867"
                    WIDTH="106"
                    HEIGHT="63">
            <Shape><Polygon POINTS="206 1913 302 1930 312 1890 309 1890 219 1867 206 1913"/></Shape>
            <String CONTENT="مطا"
                    HPOS="206"
                    VPOS="1867"
                    WIDTH="106"
                    HEIGHT="63"
                    ></String>
          </TextLine>
          <TextLine ID="eSc_line_1f791886"
                    TAGREFS="LT1"
                    BASELINE="246 1892 537 1999 1543 2001 1936 1988" 
                    HPOS="239"
                    VPOS="1890"
                    WIDTH="1694"
                    HEIGHT="174">
            <Shape><Polygon POINTS="239 1981 433 1986 475 2014 518 2003 563 2029 712 2024 740 2039 810 2024 876 2046 1120 2036 1203 2056 1268 2034 1306 2059 1425 2044 1485 2064 1513 2046 1689 2049 1764 2026 1931 2046 1933 1986 1931 1983 1775 1986 1732 1968 1598 2001 1555 1971 1482 1981 1437 1958 1362 1993 1291 1958 1190 1988 1143 1971 1042 1976 989 1951 951 1981 783 1976 740 1953 639 1971 611 1951 551 1961 513 1928 488 1940 458 1915 294 1910 244 1890 239 1981"/></Shape>
            <String CONTENT="نما من احسن سينى اللديبن اسهى وععا بعل اليوه بحتطفه من احس ندبى"
                    HPOS="239"
                    VPOS="1890"
                    WIDTH="1694"
                    HEIGHT="174"
                    ></String>
          </TextLine>
          <TextLine ID="eSc_line_b1b4887e"
                    TAGREFS="LT1"
                    BASELINE="177 1945 592 2104 1903 2086" 
                    HPOS="176"
                    VPOS="1943"
                    WIDTH="1724"
                    HEIGHT="204">
            <Shape><Polygon POINTS="266 2049 375 2051 496 2109 546 2087 599 2127 637 2109 702 2137 793 2139 876 2119 946 2142 1082 2144 1115 2129 1195 2147 1251 2117 1331 2139 1387 2117 1520 2139 1674 2097 1722 2119 1790 2119 1827 2094 1898 2089 1900 2084 1900 2081 1787 2061 1719 2084 1669 2044 1629 2064 1596 2044 1571 2061 1550 2049 1508 2081 1334 2071 1286 2049 1248 2066 1221 2049 1193 2066 1117 2051 1092 2071 1027 2069 999 2044 883 2046 866 2061 775 2031 697 2061 624 2059 589 2026 541 2029 460 1996 297 1993 176 1943 249 2041 266 2049"/></Shape>
            <String CONTENT="حدنت نسرا واصرقت ارعموا من ملهر ومن الاقر الذى افترمع افخى اليوم رد"
                    HPOS="176"
                    VPOS="1943"
                    WIDTH="1724"
                    HEIGHT="204"
                    ></String>
          </TextLine>
          <TextLine ID="eSc_line_76762380"
                    TAGREFS="LT1"
                    BASELINE="133 2002 592 2180 1854 2167" 
                    HPOS="125"
                    VPOS="2001"
                    WIDTH="1728"
                    HEIGHT="229">
            <Shape><Polygon POINTS="125 2122 171 2122 173 2112 196 2122 201 2124 352 2129 460 2187 536 2175 689 2212 752 2192 818 2217 906 2202 994 2222 1047 2205 1216 2230 1296 2202 1482 2227 1651 2185 1757 2222 1782 2202 1848 2202 1853 2165 1850 2167 1709 2162 1689 2142 1561 2147 1545 2132 1493 2152 1457 2139 1420 2172 1377 2149 1279 2144 1193 2172 1138 2152 1077 2172 1007 2134 926 2132 795 2162 558 2154 511 2147 387 2066 276 2061 130 2001 125 2122"/></Shape>
            <String CONTENT="تك ووبحابى مرهفة سجود وكوال باتم ومت ج ل ول ديرب"
                    HPOS="125"
                    VPOS="2001"
                    WIDTH="1728"
                    HEIGHT="229"
                    ></String>
          </TextLine>
          <TextLine ID="eSc_line_af644c79"
                    TAGREFS="LT1"
                    BASELINE="170 2116 545 2270 1061 2286 1858 2235" 
                    HPOS="166"
                    VPOS="2114"
                    WIDTH="1689"
                    HEIGHT="209">
            <Shape><Polygon POINTS="1850 2227 1739 2215 1636 2235 1538 2215 1414 2263 1384 2238 1311 2253 1266 2210 1183 2258 1097 2255 1047 2230 961 2250 893 2212 800 2245 642 2240 589 2220 538 2235 458 2182 435 2195 360 2165 284 2162 168 2114 166 2220 349 2227 470 2265 513 2306 800 2313 825 2295 866 2318 971 2321 1042 2290 1127 2323 1218 2283 1347 2308 1392 2283 1485 2306 1563 2273 1722 2273 1739 2288 1853 2275 1855 2233 1850 2227"/></Shape>
            <String CONTENT=" وسوست مكنت نقف بالوس بشدهذا الشعر ونهم علم عاصبيس دو"
                    HPOS="166"
                    VPOS="2114"
                    WIDTH="1689"
                    HEIGHT="209"
                    ></String>
          </TextLine>
          <TextLine ID="eSc_line_1c6ef227"
                    TAGREFS="LT1"
                    BASELINE="247 2252 492 2326 511 2358 1858 2328" 
                    HPOS="246"
                    VPOS="2250"
                    WIDTH="1609"
                    HEIGHT="166">
            <Shape><Polygon POINTS="246 2351 475 2351 576 2404 639 2396 702 2416 788 2406 813 2386 868 2414 941 2414 976 2384 1049 2411 1168 2384 1253 2406 1309 2379 1387 2401 1467 2363 1498 2384 1596 2389 1659 2361 1772 2351 1807 2368 1855 2351 1855 2326 1853 2328 1681 2306 1636 2326 1503 2333 1465 2300 1407 2321 1369 2300 1326 2316 1251 2303 1188 2328 1145 2313 1105 2336 999 2308 896 2341 815 2311 775 2341 717 2343 702 2328 553 2326 493 2285 355 2288 246 2250 246 2351"/></Shape>
            <String CONTENT="وجهها وقد روي أن
"
                    HPOS="246"
                    VPOS="2250"
                    WIDTH="1609"
                    HEIGHT="166"
                    ></String>
          </TextLine>
          <TextLine ID="eSc_line_9fe8ca56"
                    TAGREFS="LT1"
                    BASELINE="533 2447 1143 2444 1853 2414" 
                    HPOS="531"
                    VPOS="2399"
                    WIDTH="1322"
                    HEIGHT="103">
            <Shape><Polygon POINTS="533 2447 533 2479 596 2492 649 2474 687 2502 785 2482 830 2499 1102 2479 1200 2492 1279 2474 1392 2487 1477 2454 1555 2474 1646 2449 1853 2444 1853 2414 1850 2411 1618 2416 1601 2399 1535 2399 1460 2421 1442 2406 1299 2404 1170 2409 1105 2431 1059 2411 1009 2429 876 2416 848 2436 715 2426 689 2441 531 2441 533 2447"/></Shape>
            <String CONTENT="بالبادية فلما أراد بسر قتلهما
"
                    HPOS="531"
                    VPOS="2399"
                    WIDTH="1322"
                    HEIGHT="103"
                    ></String>
          </TextLine>
          <TextLine ID="eSc_line_cf451c1f"
                    TAGREFS="LT1"
                    BASELINE="493 2542 1125 2537 1563 2509 1868 2502" 
                    HPOS="493"
                    VPOS="2489"
                    WIDTH="1375"
                    HEIGHT="104">
            <Shape><Polygon POINTS="493 2567 785 2593 1075 2585 1188 2562 1223 2580 1306 2555 1357 2567 1399 2550 1420 2565 1465 2545 1498 2562 1578 2540 1684 2537 1727 2557 1764 2535 1868 2532 1868 2502 1860 2497 1618 2507 1374 2489 1274 2517 1238 2494 1195 2517 1135 2497 1080 2522 984 2499 883 2527 790 2527 767 2507 594 2509 493 2537 493 2542 493 2567"/></Shape>
            <String CONTENT="ا نا ن س فاباها فاقع معا فغيله ومب بعد وقبلار االكباب"
                    HPOS="493"
                    VPOS="2489"
                    WIDTH="1375"
                    HEIGHT="104"
                    ></String>
          </TextLine>
          <TextLine ID="eSc_line_e1cc1a5c"
                    TAGREFS="LT1"
                    BASELINE="941 2633 1870 2585" 
                    HPOS="941"
                    VPOS="2570"
                    WIDTH="929"
                    HEIGHT="111">
            <Shape><Polygon POINTS="1868 2577 1684 2575 1646 2590 1598 2570 1563 2595 1538 2572 1379 2580 1266 2613 1135 2605 1115 2620 1097 2608 1080 2623 941 2628 941 2633 944 2673 1027 2681 1042 2663 1087 2678 1105 2658 1148 2671 1188 2653 1223 2671 1477 2658 1535 2633 1586 2648 1613 2630 1870 2618 1870 2585 1868 2577"/></Shape>
            <String CONTENT="هما فقتله وقتلهما بعده وقيل إن الكناني أخذ سيفه وقاتل عن الغلامين
وهو يقول "
                    HPOS="941"
                    VPOS="2570"
                    WIDTH="929"
                    HEIGHT="111"
                    ></String>
          </TextLine>
          <TextLine ID="eSc_line_1cd995e8"
                    TAGREFS="LT1"
                    BASELINE="657 2727 1115 2721 1858 2686" 
                    HPOS="654"
                    VPOS="2655"
                    WIDTH="1201"
                    HEIGHT="134">
            <Shape><Polygon POINTS="1835 2676 1719 2681 1661 2655 1571 2681 1543 2660 1490 2660 1442 2678 1309 2668 1286 2693 1228 2701 1168 2673 1052 2703 971 2686 833 2716 654 2721 654 2726 657 2789 752 2769 818 2784 871 2769 1107 2774 1133 2754 1208 2769 1233 2749 1299 2766 1367 2741 1495 2754 1568 2734 1613 2754 1666 2731 1770 2726 1802 2744 1855 2723 1855 2683 1835 2676"/></Shape>
            <String CONTENT="البعسة لا اممع حافات الدار ولا نزال مصفقا د ون بجام"
                    HPOS="654"
                    VPOS="2655"
                    WIDTH="1201"
                    HEIGHT="134"
                    ></String>
          </TextLine>
        </TextBlock>
        <TextBlock HPOS="1846"
                   VPOS="710"
                   WIDTH="101"
                   HEIGHT="727"
                   ID="eSc_textblock_bbfe6037"
                   TAGREFS="BT1063">
          <Shape><Polygon POINTS="1940 779 1931 1437 1862 1435 1846 1040 1846 1039 1849 710 1947 723"/></Shape>
          <TextLine ID="eSc_line_0b67b1b4"
                    TAGREFS="LT222"
                    BASELINE="1891 1404 1884 735" 
                    HPOS="1848"
                    VPOS="730"
                    WIDTH="83"
                    HEIGHT="672">
            <Shape><Polygon POINTS="1883 732 1850 732 1848 939 1868 969 1853 1024 1868 1150 1853 1210 1853 1226 1853 1226 1870 1246 1855 1293 1855 1301 1858 1326 1858 1351 1860 1377 1860 1402 1890 1402 1931 1399 1918 730 1883 732"/></Shape>
            <String CONTENT="ل بل استخلف عمرو
"
                    HPOS="1848"
                    VPOS="730"
                    WIDTH="83"
                    HEIGHT="672"
                    ></String>
          </TextLine>
        </TextBlock>
        <TextBlock HPOS="2041"
                   VPOS="1566"
                   WIDTH="57"
                   HEIGHT="525"
                   ID="eSc_textblock_c239e18b"
                   TAGREFS="BT1063">
          <Shape><Polygon POINTS="2098 2091 2041 2091 2041 1566 2098 1566"/></Shape>
          <TextLine ID="eSc_line_cec8d46c"
                    TAGREFS="LT222"
                    BASELINE="2071 2069 2069 1574" 
                    HPOS="2041"
                    VPOS="1573"
                    WIDTH="58"
                    HEIGHT="493">
            <Shape><Polygon POINTS="2041 1573 2041 1588 2041 1613 2041 1638 2041 1664 2041 1689 2041 1714 2041 1739 2041 1764 2041 1789 2041 1815 2041 1840 2041 1865 2041 1890 2041 1915 2041 1940 2041 1966 2041 1991 2041 2016 2041 2041 2041 2066 2069 2066 2099 2064 2084 1996 2097 1573 2067 1573 2041 1573"/></Shape>
            <String CONTENT="وقبا سبعه اسبه مه وار حعف"
                    HPOS="2041"
                    VPOS="1573"
                    WIDTH="58"
                    HEIGHT="493"
                    ></String>
          </TextLine>
        </TextBlock>
        <TextBlock HPOS="2744"
                   VPOS="2687"
                   WIDTH="455"
                   HEIGHT="255"
                   ID="eSc_textblock_da25bd29"
                   TAGREFS="BT1063">
          <Shape><Polygon POINTS="3192 2936 3199 2733 3016 2717 2744 2687 2783 2942 2878 2941"/></Shape>
          <TextLine ID="eSc_line_27cbef65"
                    TAGREFS="LT222"
                    BASELINE="2922 2913 2850 2698" 
                    HPOS="2824"
                    VPOS="2688"
                    WIDTH="114"
                    HEIGHT="224">
            <Shape><Polygon POINTS="2847 2696 2837 2701 2824 2711 2847 2781 2850 2902 2920 2912 2938 2905 2862 2688 2847 2696"/></Shape>
            <String CONTENT="سفعقحرضه"
                    HPOS="2824"
                    VPOS="2688"
                    WIDTH="114"
                    HEIGHT="224"
                    ></String>
          </TextLine>
          <TextLine ID="eSc_line_0b673e5b"
                    TAGREFS="LT222"
                    BASELINE="2845 2895 2778 2691" 
                    HPOS="2751"
                    VPOS="2681"
                    WIDTH="114"
                    HEIGHT="214">
            <Shape><Polygon POINTS="2777 2688 2762 2693 2751 2703 2762 2794 2784 2817 2784 2895 2842 2892 2865 2882 2819 2706 2797 2681 2777 2688"/></Shape>
            <String CONTENT=" الله بن العباس"
                    HPOS="2751"
                    VPOS="2681"
                    WIDTH="114"
                    HEIGHT="214"
                    ></String>
          </TextLine>
          <TextLine ID="eSc_line_764d058b"
                    TAGREFS="LT222"
                    BASELINE="3182 2817 3110 2710" 
                    HPOS="3084"
                    VPOS="2698"
                    WIDTH="111"
                    HEIGHT="116">
            <Shape><Polygon POINTS="3084 2728 3169 2809 3179 2814 3195 2801 3124 2698 3109 2708 3089 2718 3084 2728"/></Shape>
            <String CONTENT="س، "
                    HPOS="3084"
                    VPOS="2698"
                    WIDTH="111"
                    HEIGHT="116"
                    ></String>
          </TextLine>
          <TextLine ID="eSc_line_3610b48a"
                    TAGREFS="LT222"
                    BASELINE="3037 2918 2986 2707" 
                    HPOS="2953"
                    VPOS="2698"
                    WIDTH="113"
                    HEIGHT="234">
            <Shape><Polygon POINTS="2983 2706 2968 2708 2953 2716 2976 2799 2960 2864 2965 2882 2955 2885 2955 2892 2965 2932 3036 2917 3066 2907 3031 2829 3011 2698 2983 2706"/></Shape>
            <String CONTENT="له عن احد أنه"
                    HPOS="2953"
                    VPOS="2698"
                    WIDTH="113"
                    HEIGHT="234"
                    ></String>
          </TextLine>
          <TextLine ID="eSc_line_680df41b"
                    TAGREFS="LT222"
                    BASELINE="2972 2904 2913 2703" 
                    HPOS="2872"
                    VPOS="2696"
                    WIDTH="126"
                    HEIGHT="219">
            <Shape><Polygon POINTS="2910 2701 2892 2706 2872 2713 2895 2776 2882 2801 2890 2819 2897 2844 2908 2867 2915 2892 2887 2910 2887 2915 2970 2902 2998 2892 2925 2696 2910 2701"/></Shape>
            <String CONTENT=" لعبيد الله قد"
                    HPOS="2872"
                    VPOS="2696"
                    WIDTH="126"
                    HEIGHT="219"
                    ></String>
          </TextLine>
          <TextLine ID="eSc_line_094d5cfd"
                    TAGREFS="LT222"
                    BASELINE="3098 2920 3047 2728" 
                    HPOS="3041"
                    VPOS="2718"
                    WIDTH="81"
                    HEIGHT="199">
            <Shape><Polygon POINTS="3046 2726 3041 2734 3054 2839 3089 2915 3096 2917 3122 2910 3069 2718 3046 2726"/></Shape>
            <String CONTENT="تعقع لم م"
                    HPOS="3041"
                    VPOS="2718"
                    WIDTH="81"
                    HEIGHT="199"
                    ></String>
          </TextLine>
          <TextLine ID="eSc_line_54635ab5"
                    TAGREFS="LT222"
                    BASELINE="3171 2906 3117 2766" 
                    HPOS="3109"
                    VPOS="2756"
                    WIDTH="86"
                    HEIGHT="149">
            <Shape><Polygon POINTS="3114 2764 3109 2774 3114 2827 3157 2897 3169 2905 3195 2892 3127 2756 3114 2764"/></Shape>
            <String CONTENT="مهما فأخذه"
                    HPOS="3109"
                    VPOS="2756"
                    WIDTH="86"
                    HEIGHT="149"
                    ></String>
          </TextLine>
        </TextBlock>
        <TextBlock HPOS="2203"
                   VPOS="2728"
                   WIDTH="271"
                   HEIGHT="176"
                   ID="eSc_textblock_ccd6fcc6"
                   TAGREFS="BT1062">
          <Shape><Polygon POINTS="2425 2728 2474 2820 2225 2904 2203 2865 2280 2764"/></Shape>
          <TextLine ID="eSc_line_7958fd2b"
                    TAGREFS="LT1"
                    BASELINE="2225 2852 2416 2773" 
                    HPOS="2223"
                    VPOS="2734"
                    WIDTH="204"
                    HEIGHT="156">
            <Shape><Polygon POINTS="2235 2817 2223 2832 2223 2849 2238 2890 2296 2880 2336 2844 2381 2844 2427 2809 2414 2771 2396 2734 2316 2761 2296 2796 2250 2799 2243 2804 2235 2817"/></Shape>
            <String CONTENT="الاسعري"
                    HPOS="2223"
                    VPOS="2734"
                    WIDTH="204"
                    HEIGHT="156"
                    ></String>
          </TextLine>
        </TextBlock>
        <TextBlock HPOS="193"
                   VPOS="1078"
                   WIDTH="418"
                   HEIGHT="763"
                   ID="eSc_textblock_50a8bfe6"
                   TAGREFS="BT1063">
          <Shape><Polygon POINTS="193 1176 213 1131 233 1078 474 1085 491 1737 611 1821 548 1841 264 1804"/></Shape>
          <TextLine ID="eSc_line_fbe02c5d"
                    TAGREFS="LT220"
                    BASELINE="286 1387 337 1797" 
                    HPOS="239"
                    VPOS="1384"
                    WIDTH="105"
                    HEIGHT="413">
            <Shape><Polygon POINTS="339 1792 344 1689 314 1606 324 1523 289 1384 284 1384 239 1389 244 1513 264 1533 256 1616 284 1656 304 1797 334 1794 339 1792"/></Shape>
            <String CONTENT="الرما لكنه هوك صا"
                    HPOS="239"
                    VPOS="1384"
                    WIDTH="105"
                    HEIGHT="413"
                    ></String>
          </TextLine>
          <TextLine ID="eSc_line_52230f4b"
                    TAGREFS="LT220"
                    BASELINE="333 1097 410 1808" 
                    HPOS="297"
                    VPOS="1095"
                    WIDTH="120"
                    HEIGHT="712">
            <Shape><Polygon POINTS="407 1807 397 1729 417 1689 390 1656 385 1603 407 1563 380 1304 349 1273 337 1095 332 1095 307 1097 297 1137 319 1155 329 1248 312 1288 334 1329 324 1392 342 1429 329 1477 357 1528 342 1573 355 1716 382 1807 407 1807"/></Shape>
            <String CONTENT="تسبابل م مرا مى ابييها وادمه ح"
                    HPOS="297"
                    VPOS="1095"
                    WIDTH="120"
                    HEIGHT="712"
                    ></String>
          </TextLine>
          <TextLine ID="eSc_line_80870bc2"
                    TAGREFS="LT220"
                    BASELINE="430 1103 455 1768 565 1828" 
                    HPOS="377"
                    VPOS="1097"
                    WIDTH="186"
                    HEIGHT="735">
            <Shape><Polygon POINTS="480 1525 480 1502 463 1394 475 1369 475 1349 458 1296 473 1266 473 1248 473 1223 473 1198 470 1173 470 1147 470 1122 470 1117 468 1097 428 1102 377 1105 402 1150 395 1364 420 1465 405 1510 422 1553 410 1570 430 1593 415 1659 438 1699 425 1729 445 1832 563 1827 526 1812 523 1769 475 1724 465 1575 480 1525 480 1525"/></Shape>
            <String CONTENT="رل الامن سنت الاخوين مهما هى التكلى"
                    HPOS="377"
                    VPOS="1097"
                    WIDTH="186"
                    HEIGHT="735"
                    ></String>
          </TextLine>
        </TextBlock>
        <TextBlock HPOS="379"
                   VPOS="2508"
                   WIDTH="276"
                   HEIGHT="290"
                   ID="eSc_textblock_8f65ffb4"
                   TAGREFS="BT1063">
          <Shape><Polygon POINTS="379 2508 548 2798 655 2779 484 2518"/></Shape>
          <TextLine ID="eSc_line_dfd4a174"
                    TAGREFS="LT220"
                    BASELINE="438 2530 604 2771" 
                    HPOS="392"
                    VPOS="2514"
                    WIDTH="234"
                    HEIGHT="270">
            <Shape><Polygon POINTS="453 2514 435 2527 392 2555 574 2784 601 2769 626 2746 521 2610 506 2562 480 2550 485 2532 458 2514 453 2514"/></Shape>
            <String CONTENT="لاف اروع غير غدار"
                    HPOS="392"
                    VPOS="2514"
                    WIDTH="234"
                    HEIGHT="270"
                    ></String>
          </TextLine>
        </TextBlock>
        <TextBlock HPOS="35"
                   VPOS="1960"
                   WIDTH="4"
                   HEIGHT="7"
                   ID="eSc_textblock_e452c0c7"
                   >
          <Shape><Polygon POINTS="39 1967 39 1960 35 1960 35 1967"/></Shape>
        </TextBlock>
      </PrintSpace>
    </Page>
  </Layout>
</alto>
