<?xml version="1.0" encoding="UTF-8"?>
<alto xmlns:xsi="http://www.w3.org/2001/XMLSchema-instance"
      xmlns="http://www.loc.gov/standards/alto/ns-v4#"
      xsi:schemaLocation="http://www.loc.gov/standards/alto/ns-v4# http://www.loc.gov/standards/alto/v4/alto-4-2.xsd">
  <Description>
    <MeasurementUnit>pixel</MeasurementUnit>
    <sourceImageInformation>
      <fileName>Muqaffa-or14533-3.pdf_page_75.png</fileName>
      <fileIdentifier>pdf//Muqaffa-or14533-3.pdf</fileIdentifier>
    </sourceImageInformation>
  </Description>
  <Tags>
    <OtherTag ID="BT1094" LABEL="text" DESCRIPTION="block type text"/><OtherTag ID="BT1066" LABEL="Chancery_Material" DESCRIPTION="block type Chancery_Material"/><OtherTag ID="BT1065" LABEL="Flyleaf" DESCRIPTION="block type Flyleaf"/><OtherTag ID="BT1064" LABEL="default" DESCRIPTION="block type default"/><OtherTag ID="BT1063" LABEL="Marginal_Material" DESCRIPTION="block type Marginal_Material"/><OtherTag ID="BT1062" LABEL="Catchword" DESCRIPTION="block type Catchword"/><OtherTag ID="BT4" LABEL="Illustration" DESCRIPTION="block type Illustration"/><OtherTag ID="BT3" LABEL="Commentary" DESCRIPTION="block type Commentary"/><OtherTag ID="BT2" LABEL="Main" DESCRIPTION="block type Main"/><OtherTag ID="BT1" LABEL="Title" DESCRIPTION="block type Title"/>
    <OtherTag ID="LT1" LABEL="Main" DESCRIPTION="line type Main"/><OtherTag ID="LT219" LABEL="default" DESCRIPTION="line type default"/><OtherTag ID="LT220" LABEL="Main-90" DESCRIPTION="line type Main-90"/><OtherTag ID="LT221" LABEL="Main-180" DESCRIPTION="line type Main-180"/><OtherTag ID="LT222" LABEL="Main-270" DESCRIPTION="line type Main-270"/>
  </Tags>
  <Layout>
    <Page WIDTH="3992"
          HEIGHT="3021"
          PHYSICAL_IMG_NR="271"
          ID="eSc_dummypage_">
      <PrintSpace HPOS="0"
                  VPOS="0"
                  WIDTH="3992"
                  HEIGHT="3021">
        <TextBlock HPOS="2052"
                   VPOS="251"
                   WIDTH="1456"
                   HEIGHT="2475"
                   ID="eSc_textblock_3213a388"
                   TAGREFS="BT2">
          <Shape><Polygon POINTS="3458 261 3508 312 3508 2001 3447 2726 2052 2716 2144 548 2103 302 2347 251"/></Shape>
          <TextLine ID="eSc_line_e35c2768"
                    TAGREFS="LT1"
                    BASELINE="2153 354 3475 382" 
                    HPOS="2150"
                    VPOS="281"
                    WIDTH="1325"
                    HEIGHT="149">
            <Shape><Polygon POINTS="2153 354 2150 397 2259 387 2289 407 2337 392 2498 410 2631 395 2755 417 2873 400 2919 420 3085 405 3115 425 3261 410 3357 430 3473 412 3475 382 3427 292 3113 289 3034 312 2992 292 2908 319 2843 314 2815 292 2755 319 2536 314 2521 299 2453 312 2357 281 2153 292 2153 354"/></Shape>
            <String CONTENT="ال ر فقام وصاركعت وسالر ابنه ان كفيه لا نحافه وخدع الدعاء واذا"
                    HPOS="2150"
                    VPOS="281"
                    WIDTH="1325"
                    HEIGHT="149"
                    ></String>
          </TextLine>
          <TextLine ID="eSc_line_1e7d83a0"
                    TAGREFS="LT1"
                    BASELINE="2148 450 3478 463" 
                    HPOS="2145"
                    VPOS="420"
                    WIDTH="1333"
                    HEIGHT="93">
            <Shape><Polygon POINTS="2145 480 2241 503 2382 485 2427 506 2591 485 2614 506 2682 508 2795 493 2856 508 2888 490 2984 511 3012 490 3344 513 3364 493 3475 493 3478 463 3437 453 3233 453 3160 425 3050 427 2992 450 2919 422 2833 422 2778 448 2727 422 2702 445 2664 420 2601 443 2571 420 2495 420 2460 440 2412 422 2372 443 2329 422 2168 443 2148 450 2145 480"/></Shape>
            <String CONTENT="بالمصببح وجفعه الماء ذند على العاد وانتدابعه السلة بعول بعات"
                    HPOS="2145"
                    VPOS="420"
                    WIDTH="1333"
                    HEIGHT="93"
                    ></String>
          </TextLine>
          <TextLine ID="eSc_line_025742ce"
                    TAGREFS="LT1"
                    BASELINE="2150 541 3485 546" 
                    HPOS="2148"
                    VPOS="513"
                    WIDTH="1337"
                    HEIGHT="78">
            <Shape><Polygon POINTS="2148 568 2186 586 2254 571 2488 589 2531 571 2589 589 2825 591 3014 573 3322 591 3483 573 3485 546 3412 536 3032 516 2959 536 2919 516 2818 513 2755 533 2730 513 2551 533 2523 513 2407 528 2375 513 2332 533 2163 533 2150 541 2148 568"/></Shape>
            <String CONTENT="سحب لاب كبحا مبفعا اامه فيعال بكه وسحد بعه سكرا وكب ب"
                    HPOS="2148"
                    VPOS="513"
                    WIDTH="1337"
                    HEIGHT="78"
                    ></String>
          </TextLine>
          <TextLine ID="eSc_line_cc01d90c"
                    TAGREFS="LT1"
                    BASELINE="2160 621 3490 636" 
                    HPOS="2158"
                    VPOS="599"
                    WIDTH="1332"
                    HEIGHT="93">
            <Shape><Polygon POINTS="2158 654 2296 654 2385 682 2455 664 2508 679 2576 657 2649 664 2672 684 3067 689 3201 664 3274 692 3329 667 3362 687 3488 667 3490 636 3488 631 3271 631 3223 614 3050 629 2999 606 2878 626 2825 604 2737 624 2657 624 2604 601 2516 614 2367 599 2322 619 2241 599 2163 616 2160 621 2158 654"/></Shape>
            <String CONTENT="المعدر سف لمسهور بن نجريم وكب من سا عنه وفو طاب باطر"
                    HPOS="2158"
                    VPOS="599"
                    WIDTH="1332"
                    HEIGHT="93"
                    ></String>
          </TextLine>
          <TextLine ID="eSc_line_b6002663"
                    TAGREFS="LT1"
                    BASELINE="2141 715 2415 725 3483 717" 
                    HPOS="2138"
                    VPOS="687"
                    WIDTH="1342"
                    HEIGHT="83">
            <Shape><Polygon POINTS="2140 714 2140 757 2647 770 2790 767 2808 752 3009 767 3042 752 3110 767 3158 750 3188 765 3221 750 3347 765 3478 750 3480 714 3473 707 3153 687 3034 709 2999 689 2908 709 2866 689 2805 709 2470 692 2450 712 2138 712 2140 714"/></Shape>
            <String CONTENT="ب وطرعا السلطال قبالغ اكرامه وسال تر العسعا وما خرك"
                    HPOS="2138"
                    VPOS="687"
                    WIDTH="1342"
                    HEIGHT="83"
                    ></String>
          </TextLine>
          <TextLine ID="eSc_line_396b63a2"
                    TAGREFS="LT1"
                    BASELINE="2133 805 2296 815 3488 810" 
                    HPOS="2130"
                    VPOS="772"
                    WIDTH="1355"
                    HEIGHT="88">
            <Shape><Polygon POINTS="2130 860 2163 845 2246 860 2294 845 2327 860 2382 845 2407 860 2488 845 2528 860 2654 845 2881 860 2969 843 3027 858 3115 843 3460 858 3485 843 3485 808 3473 798 3374 798 3319 772 3231 798 3186 772 2979 772 2954 793 2908 775 2853 800 2725 800 2704 782 2684 798 2654 775 2490 800 2415 800 2385 775 2322 795 2281 780 2256 800 2153 795 2130 803 2130 860"/></Shape>
            <String CONTENT="له وعز انه ماطهرله انه اتغفيد عاه الا لذلك وحلح علمه وامره"
                    HPOS="2130"
                    VPOS="772"
                    WIDTH="1355"
                    HEIGHT="88"
                    ></String>
          </TextLine>
          <TextLine ID="eSc_line_d11ebf1b"
                    TAGREFS="LT1"
                    BASELINE="2133 901 3480 901" 
                    HPOS="2133"
                    VPOS="873"
                    WIDTH="1347"
                    HEIGHT="78">
            <Shape><Polygon POINTS="2133 901 2133 951 2198 931 2241 951 2319 933 2455 951 2778 951 2798 933 2903 949 2949 931 2974 946 3029 931 3480 944 3480 901 3480 896 3022 873 2961 896 2936 873 2737 873 2710 896 2634 896 2584 873 2528 896 2483 873 2445 893 2402 878 2133 896 2133 901"/></Shape>
            <String CONTENT="ما اب ونعا رانعا  مسفف ذكه عا مة كومر وعقت السباطان معل"
                    HPOS="2133"
                    VPOS="873"
                    WIDTH="1347"
                    HEIGHT="78"
                    ></String>
          </TextLine>
          <TextLine ID="eSc_line_ac5fc8fa"
                    TAGREFS="LT1"
                    BASELINE="2108 986 3478 994" 
                    HPOS="2105"
                    VPOS="959"
                    WIDTH="1373"
                    HEIGHT="83">
            <Shape><Polygon POINTS="2105 1022 2123 1037 2322 1019 2375 1037 2581 1039 3014 1022 3039 1042 3067 1024 3238 1024 3269 1042 3296 1024 3342 1042 3475 1024 3478 994 3440 984 3165 961 3143 984 3087 984 3007 959 2984 976 2944 961 2898 981 2856 959 2732 959 2710 981 2652 959 2609 981 2566 959 2506 959 2480 979 2148 979 2108 986 2105 1022"/></Shape>
            <String CONTENT="واببه مازلنب ارمد مسله عن رحل عا فخرامعه كان في حا طرك منه"
                    HPOS="2105"
                    VPOS="959"
                    WIDTH="1373"
                    HEIGHT="83"
                    ></String>
          </TextLine>
          <TextLine ID="eSc_line_fc28589d"
                    TAGREFS="LT1"
                    BASELINE="2135 1069 3478 1082" 
                    HPOS="2133"
                    VPOS="1049"
                    WIDTH="1345"
                    HEIGHT="81">
            <Shape><Polygon POINTS="2135 1069 2133 1102 2173 1120 2314 1105 2370 1120 2772 1110 2790 1125 3029 1127 3050 1112 3188 1112 3223 1130 3344 1115 3475 1130 3478 1082 3475 1077 3211 1077 3186 1062 3100 1074 3080 1054 2992 1069 2939 1052 2778 1072 2626 1049 2599 1064 2576 1049 2450 1049 2417 1069 2380 1052 2337 1067 2135 1064 2135 1069"/></Shape>
            <String CONTENT="واسحبنت منه كماله علم م اجومه فلم موض منكوتم ومال مه"
                    HPOS="2133"
                    VPOS="1049"
                    WIDTH="1345"
                    HEIGHT="81"
                    ></String>
          </TextLine>
          <TextLine ID="eSc_line_63d797b3"
                    TAGREFS="LT1"
                    BASELINE="2138 1170 3480 1170" 
                    HPOS="2138"
                    VPOS="1135"
                    WIDTH="1342"
                    HEIGHT="83">
            <Shape><Polygon POINTS="2138 1218 2218 1200 2314 1218 2438 1203 2478 1218 2672 1218 2702 1203 2717 1218 2742 1200 2770 1218 2924 1203 2987 1218 3004 1200 3186 1215 3294 1200 3390 1218 3480 1200 3480 1170 3445 1163 3123 1163 3100 1140 3047 1153 3029 1135 2954 1150 2939 1137 2914 1163 2861 1142 2767 1163 2732 1135 2601 1135 2579 1155 2498 1135 2334 1135 2274 1163 2150 1163 2138 1170 2138 1218"/></Shape>
            <String CONTENT="كعب له يعلعه بعقامه مكرا ملس عوصا ع اام عز البن اببك اله"
                    HPOS="2138"
                    VPOS="1135"
                    WIDTH="1342"
                    HEIGHT="83"
                    ></String>
          </TextLine>
          <TextLine ID="eSc_line_7809d34a"
                    TAGREFS="LT1"
                    BASELINE="2145 1261 3473 1266" 
                    HPOS="2143"
                    VPOS="1238"
                    WIDTH="1330"
                    HEIGHT="61">
            <Shape><Polygon POINTS="2143 1299 3470 1296 3473 1266 3437 1258 3173 1243 3014 1258 2997 1241 2921 1258 2878 1241 2634 1256 2614 1238 2148 1256 2145 1261 2143 1299"/></Shape>
            <String CONTENT="لهم وانه  عر بصصعه لماب مبع وربب انه خهم طلمه ورمله"
                    HPOS="2143"
                    VPOS="1238"
                    WIDTH="1330"
                    HEIGHT="61"
                    ></String>
          </TextLine>
          <TextLine ID="eSc_line_2459a385"
                    TAGREFS="LT1"
                    BASELINE="2140 1341 3480 1361" 
                    HPOS="2138"
                    VPOS="1306"
                    WIDTH="1342"
                    HEIGHT="98">
            <Shape><Polygon POINTS="2138 1379 2642 1377 2667 1392 2742 1379 3002 1399 3047 1384 3080 1399 3105 1387 3317 1404 3342 1389 3395 1404 3478 1389 3480 1361 3427 1349 3314 1334 3254 1346 3168 1321 3095 1334 3077 1316 3024 1316 2984 1344 2939 1314 2815 1341 2775 1311 2712 1339 2644 1309 2584 1324 2533 1309 2488 1336 2463 1306 2432 1321 2415 1306 2347 1321 2319 1306 2284 1331 2216 1316 2153 1331 2140 1341 2138 1379"/></Shape>
            <String CONTENT="ها ويحضر بمفرده على البريد إلى مصر ليشافهه السلطان
"
                    HPOS="2138"
                    VPOS="1306"
                    WIDTH="1342"
                    HEIGHT="98"
                    ></String>
          </TextLine>
          <TextLine ID="eSc_line_5a739244"
                    TAGREFS="LT1"
                    BASELINE="2140 1437 3475 1445" 
                    HPOS="2138"
                    VPOS="1414"
                    WIDTH="1337"
                    HEIGHT="76">
            <Shape><Polygon POINTS="2138 1470 2186 1485 2266 1470 2425 1485 2470 1470 2586 1487 2717 1472 2979 1487 2997 1472 3107 1490 3183 1475 3211 1490 3238 1475 3412 1490 3473 1475 3475 1445 3442 1437 3130 1437 3077 1417 3034 1437 3014 1414 2828 1414 2808 1434 2707 1434 2654 1414 2568 1432 2453 1414 2387 1432 2143 1432 2140 1437 2138 1470"/></Shape>
            <String CONTENT="علما ورد الرسوم بالك طو القسويه وعل انه وم خدع واغمورت"
                    HPOS="2138"
                    VPOS="1414"
                    WIDTH="1337"
                    HEIGHT="76"
                    ></String>
          </TextLine>
          <TextLine ID="eSc_line_8af3c8ce"
                    TAGREFS="LT1"
                    BASELINE="2115 1528 3475 1523" 
                    HPOS="2115"
                    VPOS="1500"
                    WIDTH="1360"
                    HEIGHT="86">
            <Shape><Polygon POINTS="2115 1555 2163 1560 2186 1583 2254 1560 2362 1583 2465 1563 2516 1586 2793 1586 2846 1568 2946 1578 3017 1555 3148 1583 3256 1560 3299 1575 3337 1550 3473 1550 3475 1523 3468 1518 3309 1520 3236 1500 3173 1520 3085 1500 2934 1520 2873 1500 2830 1520 2790 1500 2712 1518 2574 1502 2513 1523 2445 1502 2382 1523 2115 1523 2115 1528 2115 1555"/></Shape>
            <String CONTENT="نعم وسار من جلب هو ووارس له بن البلى وعز ازال صف"
                    HPOS="2115"
                    VPOS="1500"
                    WIDTH="1360"
                    HEIGHT="86"
                    ></String>
          </TextLine>
          <TextLine ID="eSc_line_cac76673"
                    TAGREFS="LT1"
                    BASELINE="2113 1623 3478 1623" 
                    HPOS="2113"
                    VPOS="1591"
                    WIDTH="1365"
                    HEIGHT="88">
            <Shape><Polygon POINTS="2113 1664 2155 1679 2244 1661 2498 1679 2548 1659 2631 1679 2659 1661 2767 1679 2788 1659 2924 1674 2946 1659 2979 1674 3138 1659 3221 1679 3382 1679 3412 1659 3478 1659 3478 1623 3473 1616 3417 1591 3329 1591 3301 1616 3256 1616 3216 1591 3183 1616 2944 1616 2896 1613 2871 1591 2767 1608 2737 1591 2689 1616 2629 1591 2453 1591 2430 1608 2377 1591 2324 1613 2284 1591 2236 1616 2208 1601 2125 1616 2113 1623 2113 1664"/></Shape>
            <String CONTENT="ي و سيف الدين عزاز إلى حمص وعليها
الأمير قبجق نائب دمشق وتحالفوا ورحلوا في ليلة الثلاثاء ثامن ربيع "
                    HPOS="2113"
                    VPOS="1591"
                    WIDTH="1365"
                    HEIGHT="88"
                    ></String>
          </TextLine>
          <TextLine ID="eSc_line_1ef951cb"
                    TAGREFS="LT1"
                    BASELINE="2133 1727 3475 1711" 
                    HPOS="2133"
                    VPOS="1684"
                    WIDTH="1342"
                    HEIGHT="88">
            <Shape><Polygon POINTS="2133 1772 2354 1772 2425 1754 2664 1767 2692 1752 2762 1767 2813 1749 3014 1764 3213 1747 3249 1762 3274 1744 3296 1759 3357 1744 3435 1759 3475 1742 3475 1711 3470 1706 3246 1706 3223 1691 3168 1709 3138 1686 3024 1684 2823 1686 2778 1714 2727 1696 2704 1714 2667 1689 2621 1714 2591 1689 2563 1716 2500 1694 2485 1709 2468 1696 2370 1716 2166 1719 2133 1727 2133 1772"/></Shape>
            <String CONTENT="الآخر
منها ومضوا إلى القان محمود غازان
 فأكرمهم وأنعم عليهم "
                    HPOS="2133"
                    VPOS="1684"
                    WIDTH="1342"
                    HEIGHT="88"
                    ></String>
          </TextLine>
          <TextLine ID="eSc_line_45ae97b7"
                    TAGREFS="LT1"
                    BASELINE="2150 1812 3468 1807" 
                    HPOS="2150"
                    VPOS="1777"
                    WIDTH="1318"
                    HEIGHT="78">
            <Shape><Polygon POINTS="2150 1855 2450 1837 2528 1855 2604 1837 2639 1855 2699 1837 2838 1852 2878 1835 2954 1852 3067 1835 3276 1852 3327 1835 3415 1850 3465 1835 3468 1807 3463 1802 3181 1802 3145 1784 3090 1802 3055 1777 2949 1777 2868 1779 2838 1802 2788 1779 2672 1779 2566 1802 2521 1779 2382 1805 2183 1805 2150 1812 2150 1855"/></Shape>
            <String CONTENT="وسار بهم إلى بلاد الشام 
 وهزم عساكر مصر في ثامن عشرين ربيع "
                    HPOS="2150"
                    VPOS="1777"
                    WIDTH="1318"
                    HEIGHT="78"
                    ></String>
          </TextLine>
          <TextLine ID="eSc_line_d76bd1ea"
                    TAGREFS="LT1"
                    BASELINE="2128 1898 3470 1888" 
                    HPOS="2128"
                    VPOS="1857"
                    WIDTH="1342"
                    HEIGHT="89">
            <Shape><Polygon POINTS="2128 1946 2168 1923 2228 1943 2304 1923 2490 1920 2790 1940 2896 1920 2919 1938 2979 1938 2999 1920 3128 1938 3165 1915 3407 1935 3468 1915 3470 1888 3465 1883 3349 1883 3324 1860 3281 1883 3183 1857 3130 1885 3060 1860 2795 1860 2765 1880 2677 1862 2624 1888 2541 1888 2500 1867 2390 1890 2173 1890 2128 1898 2128 1946"/></Shape>
            <String CONTENT="الأول سنة تسع وتسعين وولى بكتمر هذا
حلب وحماة وحمص وعاد "
                    HPOS="2128"
                    VPOS="1857"
                    WIDTH="1342"
                    HEIGHT="89"
                    ></String>
          </TextLine>
          <TextLine ID="eSc_line_2f034ac2"
                    TAGREFS="LT1"
                    BASELINE="2135 1976 3475 1981" 
                    HPOS="2133"
                    VPOS="1875"
                    WIDTH="1342"
                    HEIGHT="154">
            <Shape><Polygon POINTS="3470 1888 3445 1890 3420 1890 3395 1890 3369 1890 3344 1890 3319 1890 3294 1890 3269 1890 3243 1890 3218 1890 3193 1890 3168 1890 3143 1890 3118 1893 3105 1893 3092 1893 3067 1893 3042 1893 3017 1893 2992 1893 2966 1893 2941 1893 2916 1893 2891 1893 2866 1893 2840 1893 2815 1893 2790 1895 2765 1895 2740 1895 2715 1895 2689 1895 2687 1895 2684 1898 2679 1895 2664 1895 2639 1895 2614 1895 2589 1895 2563 1895 2538 1895 2513 1895 2498 1895 2438 1933 2327 1933 2135 1976 2133 2014 2312 2026 2375 2008 2430 2026 2647 2008 2694 2026 2755 2008 2808 2029 2868 2011 2926 2029 3017 2014 3125 2029 3148 2014 3181 2029 3206 2011 3296 2011 3430 2029 3473 2011 3475 1981 3473 1878 3470 1875 3470 1888"/></Shape>
            <String CONTENT="إلى بلاده
 فأقام بكتمر وقبجق والبكي "
                    HPOS="2133"
                    VPOS="1875"
                    WIDTH="1342"
                    HEIGHT="154"
                    ></String>
          </TextLine>
          <TextLine ID="eSc_line_7deff802"
                    TAGREFS="LT1"
                    BASELINE="2123 2056 3463 2071" 
                    HPOS="2120"
                    VPOS="2024"
                    WIDTH="1343"
                    HEIGHT="98">
            <Shape><Polygon POINTS="2120 2099 2281 2109 2319 2092 2427 2112 2531 2084 2662 2104 3014 2089 3115 2107 3158 2092 3241 2122 3352 2122 3460 2094 3463 2071 3432 2056 3332 2031 3218 2046 3183 2029 3158 2051 3050 2029 2994 2044 2974 2026 2840 2039 2770 2024 2256 2044 2123 2056 2120 2099"/></Shape>
            <String CONTENT="بدمشق ثم ساروا يريدون مصر وقد عادوا إلى
"
                    HPOS="2120"
                    VPOS="2024"
                    WIDTH="1343"
                    HEIGHT="98"
                    ></String>
          </TextLine>
          <TextLine ID="eSc_line_c62bf8d2"
                    TAGREFS="LT1"
                    BASELINE="2153 2160 3473 2144" 
                    HPOS="2153"
                    VPOS="2114"
                    WIDTH="1320"
                    HEIGHT="96">
            <Shape><Polygon POINTS="2153 2210 2231 2192 2526 2205 2551 2185 2664 2202 2813 2180 3050 2195 3090 2177 3238 2192 3329 2177 3440 2192 3470 2175 3473 2144 3468 2139 3241 2142 3102 2117 3002 2144 2956 2114 2810 2114 2699 2144 2591 2117 2516 2137 2488 2119 2395 2122 2352 2152 2176 2152 2153 2160 2153 2210"/></Shape>
            <String CONTENT="الصح بحصه بحانفه نسعبان فاثرمم وعاكريهم لى فلعه الحبر"
                    HPOS="2153"
                    VPOS="2114"
                    WIDTH="1320"
                    HEIGHT="96"
                    ></String>
          </TextLine>
          <TextLine ID="eSc_line_74244cda"
                    TAGREFS="LT1"
                    BASELINE="2123 2250 3475 2243" 
                    HPOS="2123"
                    VPOS="2210"
                    WIDTH="1352"
                    HEIGHT="88">
            <Shape><Polygon POINTS="2123 2298 2160 2280 2566 2298 2624 2278 2871 2295 2888 2278 3032 2293 3072 2275 3100 2293 3306 2293 3349 2275 3437 2290 3475 2273 3475 2243 3470 2238 3123 2210 3067 2238 3022 2220 2976 2238 2941 2212 2778 2227 2710 2212 2674 2235 2606 2212 2581 2238 2528 2225 2417 2243 2392 2225 2370 2243 2176 2243 2123 2250 2123 2298"/></Shape>
            <String CONTENT=" قلعة الجبل وأجرى عليهم ما يليق بهم.
ثم أنعم عليه بإمرة "
                    HPOS="2123"
                    VPOS="2210"
                    WIDTH="1352"
                    HEIGHT="88"
                    ></String>
          </TextLine>
          <TextLine ID="eSc_line_c5070029"
                    TAGREFS="LT1"
                    BASELINE="2140 2343 2526 2338" 
                    HPOS="2140"
                    VPOS="2313"
                    WIDTH="386"
                    HEIGHT="68">
            <Shape><Polygon POINTS="2140 2361 2163 2381 2241 2366 2317 2381 2342 2366 2397 2374 2427 2348 2523 2348 2526 2338 2521 2333 2347 2313 2150 2336 2140 2343 2140 2361"/></Shape>
            <String CONTENT=" الافنب وسبع"
                    HPOS="2140"
                    VPOS="2313"
                    WIDTH="386"
                    HEIGHT="68"
                    ></String>
          </TextLine>
          <TextLine ID="eSc_line_5dcf9606"
                    TAGREFS="LT1"
                    BASELINE="2964 2331 3460 2341" 
                    HPOS="2961"
                    VPOS="2313"
                    WIDTH="499"
                    HEIGHT="76">
            <Shape><Polygon POINTS="2964 2331 2961 2361 2987 2381 3034 2363 3055 2381 3153 2371 3213 2386 3319 2368 3337 2389 3458 2371 3460 2341 3447 2333 3087 2313 2964 2326 2964 2331"/></Shape>
            <String CONTENT="ولوم الحار مه مع فسه"
                    HPOS="2961"
                    VPOS="2313"
                    WIDTH="499"
                    HEIGHT="76"
                    ></String>
          </TextLine>
          <TextLine ID="eSc_line_dd5e6d30"
                    TAGREFS="LT1"
                    BASELINE="2113 2429 3455 2441" 
                    HPOS="2110"
                    VPOS="2394"
                    WIDTH="1345"
                    HEIGHT="88">
            <Shape><Polygon POINTS="2110 2462 2546 2474 2596 2459 2652 2477 2916 2462 2941 2479 3181 2464 3354 2482 3453 2467 3455 2441 3435 2424 3279 2399 3060 2396 3022 2421 2944 2424 2916 2394 2775 2394 2737 2421 2657 2394 2586 2419 2483 2419 2463 2401 2427 2416 2228 2416 2113 2429 2110 2462"/></Shape>
            <String CONTENT="دمة حتى مات في 
"
                    HPOS="2110"
                    VPOS="2394"
                    WIDTH="1345"
                    HEIGHT="88"
                    ></String>
          </TextLine>
          <TextLine ID="eSc_line_e591e198"
                    TAGREFS="LT1"
                    BASELINE="2103 2507 3450 2517" 
                    HPOS="2100"
                    VPOS="2479"
                    WIDTH="1350"
                    HEIGHT="83">
            <Shape><Polygon POINTS="2103 2507 2100 2537 2155 2555 2430 2540 2778 2560 2926 2545 2969 2560 3113 2547 3155 2562 3178 2547 3317 2562 3447 2547 3450 2517 3450 2512 3334 2504 3311 2484 3175 2484 3140 2507 3082 2482 2891 2482 2813 2504 2687 2479 2647 2504 2543 2482 2412 2502 2103 2502 2103 2507"/></Shape>
            <String CONTENT="حسن الشكل قويا إلى الغاية يرمي على ستة وخمسين رطلا بالدمشقي"
                    HPOS="2100"
                    VPOS="2479"
                    WIDTH="1350"
                    HEIGHT="83"
                    ></String>
          </TextLine>
          <TextLine ID="eSc_line_c70c53f2"
                    TAGREFS="LT1"
                    BASELINE="2098 2603 3442 2613" 
                    HPOS="2095"
                    VPOS="2572"
                    WIDTH="1347"
                    HEIGHT="81">
            <Shape><Polygon POINTS="2095 2635 2171 2645 2241 2620 2319 2645 2430 2628 2531 2648 2619 2625 2664 2645 2858 2633 2898 2650 3002 2630 3223 2653 3261 2625 3440 2625 3442 2613 3442 2605 3264 2603 3191 2577 3138 2593 3090 2575 2951 2577 2926 2598 2873 2575 2813 2598 2765 2572 2725 2598 2679 2572 2576 2572 2536 2598 2455 2598 2427 2580 2138 2595 2098 2603 2095 2635"/></Shape>
            <String CONTENT=" مع
خفة روح وبشاشة وجه ومحبة في الطرب ورغبة في السما"
                    HPOS="2095"
                    VPOS="2572"
                    WIDTH="1347"
                    HEIGHT="81"
                    ></String>
          </TextLine>
          <TextLine ID="eSc_line_4ec1bd0a"
                    TAGREFS="LT1"
                    BASELINE="2095 2683 3442 2698" 
                    HPOS="2092"
                    VPOS="2660"
                    WIDTH="1350"
                    HEIGHT="94">
            <Shape><Polygon POINTS="2095 2683 2092 2739 2236 2741 2312 2718 2405 2744 2511 2716 2677 2718 2730 2741 2863 2721 2914 2746 2966 2721 3120 2723 3246 2754 3412 2754 3440 2734 3442 2698 3440 2693 3148 2688 3123 2671 3034 2691 2992 2663 2906 2688 2848 2663 2788 2678 2767 2660 2574 2660 2558 2676 2521 2663 2450 2683 2425 2666 2395 2683 2095 2678 2095 2683"/></Shape>
            <String CONTENT="ع والرقص ومعاناة الظرف
وليس الكامليات والتبسط في المطاعم"
                    HPOS="2092"
                    VPOS="2660"
                    WIDTH="1350"
                    HEIGHT="94"
                    ></String>
          </TextLine>
        </TextBlock>
        <TextBlock HPOS="2019"
                   VPOS="527"
                   WIDTH="109"
                   HEIGHT="406"
                   ID="eSc_textblock_e7946041"
                   TAGREFS="BT1063">
          <Shape><Polygon POINTS="2019 527 2019 933 2128 933 2128 527"/></Shape>
          <TextLine ID="eSc_line_745dbf29"
                    TAGREFS="LT220"
                    BASELINE="2086 576 2091 884" 
                    HPOS="2050"
                    VPOS="573"
                    WIDTH="78"
                    HEIGHT="310">
            <Shape><Polygon POINTS="2050 573 2070 883 2090 883 2113 881 2128 745 2108 709 2125 687 2108 664 2125 614 2110 573 2085 573 2050 573"/></Shape>
            <String CONTENT="ورفه الى حلب"
                    HPOS="2050"
                    VPOS="573"
                    WIDTH="78"
                    HEIGHT="310"
                    ></String>
          </TextLine>
        </TextBlock>
        <TextBlock HPOS="413"
                   VPOS="271"
                   WIDTH="1415"
                   HEIGHT="2445"
                   ID="eSc_textblock_32927bc1"
                   TAGREFS="BT2">
          <Shape><Polygon POINTS="1828 281 1808 2716 453 2716 423 2595 413 1689 413 684 453 332 604 292 1430 271"/></Shape>
          <TextLine ID="eSc_line_df469892"
                    TAGREFS="LT1"
                    BASELINE="470 344 1093 347 1798 327" 
                    HPOS="468"
                    VPOS="279"
                    WIDTH="1330"
                    HEIGHT="118">
            <Shape><Polygon POINTS="1778 279 1752 279 1727 279 1533 279 1460 299 1440 281 1370 281 1314 307 1234 297 1171 314 1067 302 959 317 926 297 818 319 793 294 715 292 687 319 649 319 622 294 523 309 518 312 493 319 468 322 470 344 470 377 821 397 851 377 997 395 1256 372 1276 390 1349 390 1415 367 1460 387 1543 362 1596 385 1629 362 1695 377 1710 360 1798 360 1798 327 1795 279 1778 279"/></Shape>
            <String CONTENT="العاخرة وكثه العارم وابلا حسان بحبيث انه وثبى اليه تكانبه"
                    HPOS="468"
                    VPOS="279"
                    WIDTH="1330"
                    HEIGHT="118"
                    ></String>
          </TextLine>
          <TextLine ID="eSc_line_b32cba09"
                    TAGREFS="LT1"
                    BASELINE="1543 417 1793 410" 
                    HPOS="1543"
                    VPOS="385"
                    WIDTH="250"
                    HEIGHT="83">
            <Shape><Polygon POINTS="1543 468 1581 453 1664 468 1793 435 1793 410 1785 405 1697 405 1677 385 1574 402 1543 417 1543 468"/></Shape>
            <String CONTENT="سم ف الدز"
                    HPOS="1543"
                    VPOS="385"
                    WIDTH="250"
                    HEIGHT="83"
                    ></String>
          </TextLine>
          <TextLine ID="eSc_line_048e3f5e"
                    TAGREFS="LT1"
                    BASELINE="455 528 1213 526 1788 503" 
                    HPOS="455"
                    VPOS="483"
                    WIDTH="1333"
                    HEIGHT="90">
            <Shape><Polygon POINTS="455 561 576 553 652 573 760 553 906 573 987 548 1017 571 1367 566 1523 536 1687 553 1788 533 1788 503 1785 500 1669 485 1634 503 1596 485 1569 500 1518 483 1206 511 1176 490 1145 511 1072 493 1045 513 909 493 889 511 853 495 831 516 488 521 455 528 455 561"/></Shape>
            <String CONTENT="احمر وسعه العطاء وانه اخد مركبا فيهن سبما به اروب مجاعم"
                    HPOS="455"
                    VPOS="483"
                    WIDTH="1333"
                    HEIGHT="90"
                    ></String>
          </TextLine>
          <TextLine ID="eSc_line_b85e4ed0"
                    TAGREFS="LT1"
                    BASELINE="468 430 1430 438" 
                    HPOS="465"
                    VPOS="405"
                    WIDTH="965"
                    HEIGHT="85">
            <Shape><Polygon POINTS="465 463 566 465 594 485 846 468 1012 488 1037 468 1110 490 1324 490 1342 473 1428 470 1430 438 1405 430 1261 430 1183 410 1158 430 1108 407 972 425 946 407 831 422 808 407 735 425 712 405 470 425 468 430 465 463"/></Shape>
            <String CONTENT="ااحروومكانت النطرون انه تفسدما ليكه فسر"
                    HPOS="465"
                    VPOS="405"
                    WIDTH="965"
                    HEIGHT="85"
                    ></String>
          </TextLine>
          <TextLine ID="eSc_line_129ad77e"
                    TAGREFS="LT1"
                    BASELINE="438 616 1798 591" 
                    HPOS="438"
                    VPOS="568"
                    WIDTH="1360"
                    HEIGHT="96">
            <Shape><Polygon POINTS="438 644 624 641 654 664 758 639 785 657 831 641 868 657 896 636 954 657 1125 639 1143 654 1251 654 1347 652 1390 631 1425 646 1455 629 1521 649 1566 624 1647 644 1689 624 1722 636 1798 619 1798 591 1765 584 1402 568 1372 591 1161 573 1100 596 974 599 931 579 906 596 851 579 838 594 780 581 758 601 591 584 564 606 481 604 438 616 438 644"/></Shape>
            <String CONTENT="وممولها من بلا والصعية الى البنبع نه وباحها واحد منها ابفس"
                    HPOS="438"
                    VPOS="568"
                    WIDTH="1360"
                    HEIGHT="96"
                    ></String>
          </TextLine>
          <TextLine ID="eSc_line_9ce52ea7"
                    TAGREFS="LT1"
                    BASELINE="440 702 1798 684" 
                    HPOS="440"
                    VPOS="669"
                    WIDTH="1358"
                    HEIGHT="86">
            <Shape><Polygon POINTS="440 737 528 755 659 730 775 752 810 737 974 750 1004 732 1060 747 1360 745 1433 720 1611 735 1629 717 1798 714 1798 684 1795 679 1574 669 1543 684 1468 672 1279 687 1213 669 1128 689 1020 672 964 692 911 674 856 692 826 674 473 697 440 702 440 737"/></Shape>
            <String CONTENT="كا سبرعاه واخض من ناقفه بمل ذكه فا مرف الكانب ثم أن صر"
                    HPOS="440"
                    VPOS="669"
                    WIDTH="1358"
                    HEIGHT="86"
                    ></String>
          </TextLine>
          <TextLine ID="eSc_line_97348b76"
                    TAGREFS="LT1"
                    BASELINE="438 790 1208 798 1800 775" 
                    HPOS="438"
                    VPOS="757"
                    WIDTH="1362"
                    HEIGHT="86">
            <Shape><Polygon POINTS="438 825 518 820 541 840 614 820 680 835 697 820 730 835 805 825 828 843 1062 843 1163 840 1211 820 1259 840 1375 840 1521 815 1798 810 1800 775 1798 775 1715 777 1687 757 1559 760 1536 782 1501 762 1478 777 1377 760 1357 782 1297 762 1274 785 1062 785 1012 765 982 787 939 765 891 787 868 765 803 780 750 765 712 790 664 772 619 790 438 785 438 790 438 825"/></Shape>
            <String CONTENT="لبه طلويلا ومسع وفل ما مبعوس وابعه لعد راوخب وخسلم"
                    HPOS="438"
                    VPOS="757"
                    WIDTH="1362"
                    HEIGHT="86"
                    ></String>
          </TextLine>
          <TextLine ID="eSc_line_f6334bbb"
                    TAGREFS="LT1"
                    BASELINE="453 888 1800 876" 
                    HPOS="450"
                    VPOS="858"
                    WIDTH="1350"
                    HEIGHT="70">
            <Shape><Polygon POINTS="453 888 453 921 637 908 659 923 972 928 1052 891 1337 888 1372 921 1420 923 1508 901 1528 921 1637 906 1760 921 1798 903 1800 876 1795 871 1594 876 1528 858 1428 860 1410 878 1352 860 1327 878 1221 866 1206 881 1080 881 1004 863 984 883 911 883 881 866 732 866 717 883 657 868 639 886 450 886 453 888"/></Shape>
            <String CONTENT="اخار لسعف مسسع انه لم سنة لها لتفكسب كلت العسسه"
                    HPOS="450"
                    VPOS="858"
                    WIDTH="1350"
                    HEIGHT="70"
                    ></String>
          </TextLine>
          <TextLine ID="eSc_line_88dbe59a"
                    TAGREFS="LT1"
                    BASELINE="448 974 1803 979" 
                    HPOS="445"
                    VPOS="946"
                    WIDTH="1358"
                    HEIGHT="83">
            <Shape><Polygon POINTS="448 974 445 1001 508 1004 531 1027 594 1004 672 1024 924 1007 1017 1027 1093 1009 1128 1029 1201 1012 1221 1029 1496 1029 1533 1009 1561 1022 1692 1007 1722 1024 1800 1007 1803 979 1785 971 1609 971 1574 949 1516 949 1473 971 1367 971 1312 949 1261 971 1241 949 1173 971 1125 946 1088 946 1062 969 740 946 705 969 674 946 554 946 528 966 448 969 448 974"/></Shape>
            <String CONTENT="ويوسخ عرضه! ليتك قلت: ألف إردب أو ألفين وولى قفاه وانصرف وهو يضحك،
والأمير أ"
                    HPOS="445"
                    VPOS="946"
                    WIDTH="1358"
                    HEIGHT="83"
                    ></String>
          </TextLine>
          <TextLine ID="eSc_line_acc8f50b"
                    TAGREFS="LT1"
                    BASELINE="465 1064 1803 1059" 
                    HPOS="465"
                    VPOS="1039"
                    WIDTH="1338"
                    HEIGHT="76">
            <Shape><Polygon POINTS="465 1100 644 1095 662 1112 680 1097 833 1095 982 1115 1045 1095 1065 1115 1123 1115 1480 1097 1569 1112 1611 1092 1659 1112 1800 1092 1803 1059 1800 1054 1619 1057 1586 1042 1533 1057 1488 1039 1468 1057 1435 1039 1377 1057 1274 1039 1234 1057 1206 1042 1140 1057 1052 1042 999 1059 946 1042 866 1059 810 1042 778 1059 737 1044 715 1059 465 1059 465 1064 465 1100"/></Shape>
            <String CONTENT="بو الجيش
عسكر بن الحلي ومقادة جميع الجيوش "
                    HPOS="465"
                    VPOS="1039"
                    WIDTH="1338"
                    HEIGHT="76"
                    ></String>
          </TextLine>
          <TextLine ID="eSc_line_d46659e5"
                    TAGREFS="LT1"
                    BASELINE="440 1155 1808 1155" 
                    HPOS="440"
                    VPOS="1122"
                    WIDTH="1368"
                    HEIGHT="81">
            <Shape><Polygon POINTS="440 1185 652 1185 674 1203 793 1203 826 1185 911 1185 939 1203 1090 1200 1108 1185 1168 1203 1271 1188 1304 1203 1684 1203 1808 1185 1808 1155 1788 1145 1609 1145 1528 1122 1485 1145 1372 1125 1287 1145 1254 1125 1163 1137 1145 1122 1110 1142 1083 1122 984 1122 946 1140 896 1122 805 1145 778 1122 722 1145 667 1122 569 1145 544 1122 483 1122 448 1145 440 1155 440 1185"/></Shape>
            <String CONTENT="إلى الأمير مكين الدولة فساروا
إليه و"
                    HPOS="440"
                    VPOS="1122"
                    WIDTH="1368"
                    HEIGHT="81"
                    ></String>
          </TextLine>
          <TextLine ID="eSc_line_53c14a46"
                    TAGREFS="LT1"
                    BASELINE="440 1226 1788 1241" 
                    HPOS="438"
                    VPOS="1208"
                    WIDTH="1350"
                    HEIGHT="80">
            <Shape><Polygon POINTS="440 1226 438 1256 574 1276 692 1263 707 1278 808 1278 843 1261 1380 1286 1561 1268 1589 1288 1672 1271 1735 1288 1785 1271 1788 1241 1785 1236 1566 1238 1498 1220 1342 1236 1302 1213 1133 1233 1072 1210 929 1210 884 1228 856 1208 778 1208 753 1228 692 1208 617 1226 440 1223 440 1226"/></Shape>
            <String CONTENT="به وشرب وذهب ولم يبق معه شيء فلا نحصل منه إلا على
شناعة "
                    HPOS="438"
                    VPOS="1208"
                    WIDTH="1350"
                    HEIGHT="80"
                    ></String>
          </TextLine>
          <TextLine ID="eSc_line_cb99e04b"
                    TAGREFS="LT1"
                    BASELINE="458 1321 1803 1316" 
                    HPOS="458"
                    VPOS="1286"
                    WIDTH="1345"
                    HEIGHT="86">
            <Shape><Polygon POINTS="458 1349 586 1346 614 1369 659 1354 677 1372 818 1372 836 1354 909 1372 957 1349 1110 1372 1309 1349 1531 1344 1596 1369 1674 1354 1707 1369 1735 1344 1800 1354 1803 1316 1798 1311 1156 1286 1075 1301 989 1288 946 1314 826 1288 780 1314 481 1314 458 1321 458 1349"/></Shape>
            <String CONTENT="نقيمها على أنفسنا
 ولما انسحب إلى بلاد الشرق لم يخدم هذا "
                    HPOS="458"
                    VPOS="1286"
                    WIDTH="1345"
                    HEIGHT="86"
                    ></String>
          </TextLine>
          <TextLine ID="eSc_line_ac847537"
                    TAGREFS="LT1"
                    BASELINE="453 1402 1798 1407" 
                    HPOS="450"
                    VPOS="1377"
                    WIDTH="1348"
                    HEIGHT="80">
            <Shape><Polygon POINTS="453 1402 450 1429 546 1432 576 1455 909 1455 931 1437 1035 1455 1062 1434 1128 1457 1188 1440 1289 1457 1307 1442 1347 1455 1367 1434 1480 1434 1533 1457 1594 1434 1795 1434 1798 1407 1795 1402 1654 1402 1601 1379 1513 1402 1485 1379 1417 1397 1337 1379 1287 1397 1264 1379 1188 1379 1138 1402 1105 1377 1032 1377 1004 1399 909 1384 891 1399 843 1384 816 1397 795 1377 765 1397 737 1379 642 1399 453 1397 453 1402"/></Shape>
            <String CONTENT="الكاتب بعده أحدا حتى عاد "
                    HPOS="450"
                    VPOS="1377"
                    WIDTH="1348"
                    HEIGHT="80"
                    ></String>
          </TextLine>
          <TextLine ID="eSc_line_5555e36b"
                    TAGREFS="LT1"
                    BASELINE="473 1492 1788 1477" 
                    HPOS="473"
                    VPOS="1457"
                    WIDTH="1315"
                    HEIGHT="91">
            <Shape><Polygon POINTS="473 1528 521 1548 609 1528 687 1548 715 1525 856 1545 894 1530 1098 1543 1130 1520 1213 1540 1352 1520 1566 1538 1586 1515 1695 1530 1788 1513 1788 1477 1785 1472 1521 1477 1498 1457 1375 1457 1339 1480 1304 1460 1229 1460 1203 1480 1042 1462 1017 1480 992 1462 916 1462 901 1480 821 1485 788 1467 745 1485 712 1472 473 1487 473 1492 473 1528"/></Shape>
            <String CONTENT="فشكر
"
                    HPOS="473"
                    VPOS="1457"
                    WIDTH="1315"
                    HEIGHT="91"
                    ></String>
          </TextLine>
          <TextLine ID="eSc_line_82ea0a06"
                    TAGREFS="LT1"
                    BASELINE="481 1593 1805 1565" 
                    HPOS="481"
                    VPOS="1540"
                    WIDTH="1324"
                    HEIGHT="103">
            <Shape><Polygon POINTS="481 1638 546 1623 579 1643 669 1621 720 1641 866 1616 1080 1633 1103 1611 1135 1631 1186 1613 1236 1628 1264 1608 1319 1628 1357 1608 1430 1623 1470 1603 1564 1623 1805 1596 1805 1565 1803 1560 1566 1563 1523 1545 1480 1563 1455 1545 1407 1568 1337 1540 1254 1543 1201 1573 1075 1550 1022 1570 962 1548 763 1553 712 1583 687 1563 669 1580 599 1586 576 1568 493 1586 481 1593 481 1638"/></Shape>
            <String CONTENT="ذلل من عزب خللع الا بن حلبه وستهكل في ملافه الما ن خص الام"
                    HPOS="481"
                    VPOS="1540"
                    WIDTH="1324"
                    HEIGHT="103"
                    ></String>
          </TextLine>
          <TextLine ID="eSc_line_f588ae2d"
                    TAGREFS="LT1"
                    BASELINE="468 1686 1803 1669" 
                    HPOS="468"
                    VPOS="1633"
                    WIDTH="1335"
                    HEIGHT="101">
            <Shape><Polygon POINTS="468 1732 536 1716 647 1734 715 1714 763 1732 896 1729 941 1711 1030 1729 1098 1706 1163 1719 1249 1704 1347 1704 1370 1724 1541 1704 1569 1721 1674 1699 1720 1719 1803 1696 1803 1669 1790 1661 1642 1661 1609 1633 1498 1659 1470 1636 1347 1651 1110 1641 1055 1669 949 1671 919 1648 876 1671 836 1648 788 1671 526 1676 468 1686 468 1732"/></Shape>
            <String CONTENT="معا عفد الاوسلا وبابب السلطنة ون خصرال يرس سن خاء سفكه"
                    HPOS="468"
                    VPOS="1633"
                    WIDTH="1335"
                    HEIGHT="101"
                    ></String>
          </TextLine>
          <TextLine ID="eSc_line_6fd844d7"
                    TAGREFS="LT1"
                    BASELINE="443 1784 1803 1767" 
                    HPOS="443"
                    VPOS="1727"
                    WIDTH="1360"
                    HEIGHT="105">
            <Shape><Polygon POINTS="443 1820 634 1832 710 1815 798 1830 906 1812 982 1827 997 1812 1125 1810 1183 1825 1297 1807 1400 1822 1417 1805 1435 1820 1606 1820 1800 1802 1803 1767 1795 1754 1745 1757 1720 1734 1667 1754 1632 1727 1571 1747 1538 1732 1508 1759 1450 1729 1375 1749 1309 1732 1015 1734 848 1767 533 1772 443 1784 443 1820"/></Shape>
            <String CONTENT="اا سنتا دار والام اسا كل طعامه فاحه بعببهم وبعورت والله"
                    HPOS="443"
                    VPOS="1727"
                    WIDTH="1360"
                    HEIGHT="105"
                    ></String>
          </TextLine>
          <TextLine ID="eSc_line_c4b3052b"
                    TAGREFS="LT1"
                    BASELINE="448 1867 1793 1862" 
                    HPOS="445"
                    VPOS="1842"
                    WIDTH="1348"
                    HEIGHT="78">
            <Shape><Polygon POINTS="448 1867 448 1913 476 1898 549 1920 581 1898 647 1920 690 1898 750 1918 783 1900 884 1920 946 1898 1093 1910 1120 1895 1226 1918 1395 1918 1448 1895 1491 1910 1523 1898 1546 1918 1609 1900 1662 1915 1692 1895 1790 1908 1793 1862 1790 1860 1405 1862 1370 1842 1201 1842 1115 1865 1057 1845 758 1865 690 1845 664 1865 622 1850 445 1862 448 1867"/></Shape>
            <String CONTENT="باهم ااسم سبعوا اللح بحو اسمريه وم لسبع منه فامرادمواهد"
                    HPOS="445"
                    VPOS="1842"
                    WIDTH="1348"
                    HEIGHT="78"
                    ></String>
          </TextLine>
          <TextLine ID="eSc_line_e88c908f"
                    TAGREFS="LT1"
                    BASELINE="450 1956 1800 1951" 
                    HPOS="450"
                    VPOS="1923"
                    WIDTH="1350"
                    HEIGHT="88">
            <Shape><Polygon POINTS="450 1991 493 2011 788 1991 992 2011 1040 1991 1065 2006 1158 1988 1213 2008 1365 2008 1400 1988 1488 1988 1551 2008 1606 1988 1644 2008 1664 1988 1800 1986 1800 1951 1795 1946 1569 1946 1511 1928 1463 1943 1412 1923 1365 1946 1322 1923 1256 1946 1191 1923 1120 1948 1083 1925 697 1948 649 1925 596 1948 468 1948 450 1956 450 1991"/></Shape>
            <String CONTENT="اكام انكط وسق علبه سما بحه وقال له الام س يف لم يعورهذ"
                    HPOS="450"
                    VPOS="1923"
                    WIDTH="1350"
                    HEIGHT="88"
                    ></String>
          </TextLine>
          <TextLine ID="eSc_line_df39ea8a"
                    TAGREFS="LT1"
                    BASELINE="463 2056 1793 2046" 
                    HPOS="463"
                    VPOS="2024"
                    WIDTH="1330"
                    HEIGHT="78">
            <Shape><Polygon POINTS="463 2089 632 2102 727 2079 753 2097 861 2081 1118 2099 1508 2069 1672 2094 1790 2069 1793 2046 1788 2041 1211 2024 1123 2046 1037 2046 1012 2026 821 2044 793 2026 775 2044 496 2049 463 2056 463 2089"/></Shape>
            <String CONTENT="وميواف ككف وات كملع موبقه فعال ومن له جعد راب"
                    HPOS="463"
                    VPOS="2024"
                    WIDTH="1330"
                    HEIGHT="78"
                    ></String>
          </TextLine>
          <TextLine ID="eSc_line_2f376450"
                    TAGREFS="LT1"
                    BASELINE="463 2139 1793 2119" 
                    HPOS="463"
                    VPOS="2102"
                    WIDTH="1330"
                    HEIGHT="83">
            <Shape><Polygon POINTS="463 2172 783 2185 878 2165 972 2180 1007 2162 1098 2180 1133 2160 1166 2177 1445 2157 1553 2172 1571 2154 1624 2172 1642 2157 1793 2152 1793 2119 1790 2114 1428 2122 1407 2102 1324 2102 1246 2124 1221 2104 1125 2104 1062 2119 1004 2107 984 2127 889 2114 846 2129 823 2114 748 2132 465 2134 463 2139 463 2172"/></Shape>
            <String CONTENT="مم موم خصرمه مار اننب راتبام لا يحن فطف م بن م امنه"
                    HPOS="463"
                    VPOS="2102"
                    WIDTH="1330"
                    HEIGHT="83"
                    ></String>
          </TextLine>
          <TextLine ID="eSc_line_ac7e5b4e"
                    TAGREFS="LT1"
                    BASELINE="476 2238 1786 2200" 
                    HPOS="473"
                    VPOS="2185"
                    WIDTH="1312"
                    HEIGHT="90">
            <Shape><Polygon POINTS="473 2275 508 2258 637 2270 657 2255 833 2248 934 2270 1161 2265 1211 2248 1390 2258 1460 2238 1551 2253 1785 2222 1785 2197 1783 2192 1344 2185 1276 2187 1254 2210 1103 2192 1077 2215 1030 2195 989 2215 972 2197 909 2197 863 2220 831 2202 800 2222 473 2230 473 2235 473 2275"/></Shape>
            <String CONTENT="صلب العه وخحار قل اموا م عبر العا نب مععع"
                    HPOS="473"
                    VPOS="2185"
                    WIDTH="1312"
                    HEIGHT="90"
                    ></String>
          </TextLine>
          <TextLine ID="eSc_line_add1b3b8"
                    TAGREFS="LT1"
                    BASELINE="438 2200 548 2184" 
                    HPOS="435"
                    VPOS="2162"
                    WIDTH="111"
                    HEIGHT="60">
            <Shape><Polygon POINTS="438 2222 546 2202 546 2182 544 2175 508 2162 440 2190 435 2197 438 2222"/></Shape>
            <String CONTENT="م"
                    HPOS="435"
                    VPOS="2162"
                    WIDTH="111"
                    HEIGHT="60"
                    ></String>
          </TextLine>
          <TextLine ID="eSc_line_5da4b15f"
                    TAGREFS="LT1"
                    BASELINE="463 2308 1140 2308 1795 2280" 
                    HPOS="460"
                    VPOS="2260"
                    WIDTH="1335"
                    HEIGHT="106">
            <Shape><Polygon POINTS="463 2308 463 2341 622 2341 659 2366 770 2338 954 2363 997 2346 1032 2361 1151 2343 1324 2356 1382 2333 1450 2351 1574 2323 1657 2343 1720 2316 1795 2316 1795 2280 1793 2278 1732 2260 1637 2285 1344 2268 1312 2293 1113 2295 1098 2280 1062 2298 1015 2275 952 2275 838 2278 800 2303 690 2306 606 2283 556 2308 460 2306 463 2308"/></Shape>
            <String CONTENT="الععوب وهمان موقع بهم وهم فعه أن الرامن مصوف بام"
                    HPOS="460"
                    VPOS="2260"
                    WIDTH="1335"
                    HEIGHT="106"
                    ></String>
          </TextLine>
          <TextLine ID="eSc_line_267f7a30"
                    TAGREFS="LT1"
                    BASELINE="455 2404 1093 2404 1795 2371" 
                    HPOS="453"
                    VPOS="2343"
                    WIDTH="1342"
                    HEIGHT="106">
            <Shape><Polygon POINTS="455 2404 455 2439 1042 2449 1327 2436 1347 2416 1428 2439 1498 2411 1546 2426 1566 2409 1654 2431 1679 2406 1793 2406 1795 2371 1793 2368 1768 2343 1712 2343 1642 2346 1596 2374 1516 2348 1475 2351 1450 2376 1420 2356 1337 2353 1314 2376 1254 2361 1231 2381 1156 2384 1123 2358 1090 2386 924 2371 843 2391 770 2371 659 2396 644 2384 453 2399 455 2404"/></Shape>
            <String CONTENT="سال حرمومه بحابهكا نبه لاسف لحم ونعاما وحرابات وحفبق"
                    HPOS="453"
                    VPOS="2343"
                    WIDTH="1342"
                    HEIGHT="106"
                    ></String>
          </TextLine>
          <TextLine ID="eSc_line_a27c6dce"
                    TAGREFS="LT1"
                    BASELINE="470 2487 1181 2487 1788 2457" 
                    HPOS="470"
                    VPOS="2444"
                    WIDTH="1318"
                    HEIGHT="101">
            <Shape><Polygon POINTS="470 2522 574 2522 617 2542 672 2530 692 2545 732 2530 795 2542 836 2522 863 2540 1181 2535 1266 2530 1299 2504 1370 2517 1470 2499 1516 2522 1788 2492 1788 2457 1785 2454 1564 2459 1538 2444 1508 2459 1428 2444 1266 2467 1191 2449 1158 2469 1077 2469 949 2454 926 2474 843 2457 821 2477 732 2459 705 2479 674 2464 652 2479 470 2482 470 2487 470 2522"/></Shape>
            <String CONTENT="وكتبوا ذلك في قائمة
وبعثها إليه
 وان بكتمر لما وصل إلى بيته طلب "
                    HPOS="470"
                    VPOS="2444"
                    WIDTH="1318"
                    HEIGHT="101"
                    ></String>
          </TextLine>
          <TextLine ID="eSc_line_912e212d"
                    TAGREFS="LT1"
                    BASELINE="486 2587 1168 2577 1793 2542" 
                    HPOS="486"
                    VPOS="2530"
                    WIDTH="1307"
                    HEIGHT="113">
            <Shape><Polygon POINTS="1790 2540 1377 2530 1226 2560 1080 2540 1052 2565 1012 2542 972 2567 899 2547 873 2567 790 2552 690 2577 486 2582 486 2587 488 2643 528 2643 561 2615 931 2630 1229 2620 1261 2593 1302 2618 1395 2593 1448 2608 1531 2582 1644 2600 1700 2577 1793 2580 1793 2542 1790 2540"/></Shape>
            <String CONTENT="كاتبه وذكر له ما وقع فتبسم وقال والله
يا خوند لقد أخجلتهم "
                    HPOS="486"
                    VPOS="2530"
                    WIDTH="1307"
                    HEIGHT="113"
                    ></String>
          </TextLine>
          <TextLine ID="eSc_line_a3f37286"
                    TAGREFS="LT1"
                    BASELINE="478 2683 1118 2668 1425 2643 1785 2628" 
                    HPOS="478"
                    VPOS="2550"
                    WIDTH="1307"
                    HEIGHT="191">
            <Shape><Polygon POINTS="1304 2570 1279 2572 1254 2575 1229 2575 1203 2577 1178 2577 1153 2580 1128 2580 1103 2580 1077 2580 1052 2580 1027 2580 1002 2580 977 2582 952 2582 926 2582 901 2582 876 2582 851 2582 826 2582 800 2585 775 2585 750 2585 725 2585 700 2585 674 2585 649 2587 624 2587 599 2587 574 2587 549 2587 523 2587 498 2587 488 2550 483 2552 478 2683 478 2716 531 2741 654 2734 680 2711 798 2734 846 2703 964 2728 1234 2718 1256 2693 1284 2711 1322 2693 1397 2706 1430 2683 1526 2678 1606 2676 1654 2703 1682 2676 1785 2671 1785 2628 1589 2603 1367 2608 1309 2570 1304 2570"/></Shape>
            <String CONTENT="ووقف قدامه قليلا وخرج فإذا بنقيب 
 معه ورقة "
                    HPOS="478"
                    VPOS="2550"
                    WIDTH="1307"
                    HEIGHT="191"
                    ></String>
          </TextLine>
        </TextBlock>
        <TextBlock HPOS="2203"
                   VPOS="2749"
                   WIDTH="235"
                   HEIGHT="137"
                   ID="eSc_textblock_953e6045"
                   TAGREFS="BT1062">
          <Shape><Polygon POINTS="2372 2749 2438 2826 2205 2886 2203 2807 2223 2749"/></Shape>
          <TextLine ID="eSc_line_4fa98e7a"
                    TAGREFS="LT1"
                    BASELINE="2209 2828 2377 2789" 
                    HPOS="2208"
                    VPOS="2749"
                    WIDTH="172"
                    HEIGHT="110">
            <Shape><Polygon POINTS="2375 2786 2364 2749 2221 2807 2208 2827 2216 2859 2380 2819 2375 2786"/></Shape>
            <String CONTENT="العاحمه"
                    HPOS="2208"
                    VPOS="2749"
                    WIDTH="172"
                    HEIGHT="110"
                    ></String>
          </TextLine>
        </TextBlock>
      </PrintSpace>
    </Page>
  </Layout>
</alto>
