<?xml version="1.0" encoding="UTF-8"?>
<alto xmlns:xsi="http://www.w3.org/2001/XMLSchema-instance"
      xmlns="http://www.loc.gov/standards/alto/ns-v4#"
      xsi:schemaLocation="http://www.loc.gov/standards/alto/ns-v4# http://www.loc.gov/standards/alto/v4/alto-4-2.xsd">
  <Description>
    <MeasurementUnit>pixel</MeasurementUnit>
    <sourceImageInformation>
      <fileName>Muqaffa-or14533-3.pdf_page_91.png</fileName>
      <fileIdentifier>pdf//Muqaffa-or14533-3.pdf</fileIdentifier>
    </sourceImageInformation>
  </Description>
  <Tags>
    <OtherTag ID="BT1094" LABEL="text" DESCRIPTION="block type text"/><OtherTag ID="BT1066" LABEL="Chancery_Material" DESCRIPTION="block type Chancery_Material"/><OtherTag ID="BT1065" LABEL="Flyleaf" DESCRIPTION="block type Flyleaf"/><OtherTag ID="BT1064" LABEL="default" DESCRIPTION="block type default"/><OtherTag ID="BT1063" LABEL="Marginal_Material" DESCRIPTION="block type Marginal_Material"/><OtherTag ID="BT1062" LABEL="Catchword" DESCRIPTION="block type Catchword"/><OtherTag ID="BT4" LABEL="Illustration" DESCRIPTION="block type Illustration"/><OtherTag ID="BT3" LABEL="Commentary" DESCRIPTION="block type Commentary"/><OtherTag ID="BT2" LABEL="Main" DESCRIPTION="block type Main"/><OtherTag ID="BT1" LABEL="Title" DESCRIPTION="block type Title"/>
    <OtherTag ID="LT1" LABEL="Main" DESCRIPTION="line type Main"/><OtherTag ID="LT219" LABEL="default" DESCRIPTION="line type default"/><OtherTag ID="LT220" LABEL="Main-90" DESCRIPTION="line type Main-90"/><OtherTag ID="LT221" LABEL="Main-180" DESCRIPTION="line type Main-180"/><OtherTag ID="LT222" LABEL="Main-270" DESCRIPTION="line type Main-270"/>
  </Tags>
  <Layout>
    <Page WIDTH="3963"
          HEIGHT="3021"
          PHYSICAL_IMG_NR="287"
          ID="eSc_dummypage_">
      <PrintSpace HPOS="0"
                  VPOS="0"
                  WIDTH="3963"
                  HEIGHT="3021">
        <TextBlock HPOS="2099"
                   VPOS="271"
                   WIDTH="1451"
                   HEIGHT="2499"
                   ID="eSc_textblock_104180b0"
                   TAGREFS="BT2">
          <Shape><Polygon POINTS="3519 292 3550 1568 3489 2726 3311 2770 2263 2746 2131 2726 2131 2537 2138 2537 2157 2339 2115 2168 2149 2046 2111 1543 2129 1477 2144 1116 2142 1116 2142 694 2131 644 2099 529 2099 526 2117 278 2145 271"/></Shape>
          <TextLine ID="eSc_line_e258fb05"
                    TAGREFS="LT1"
                    BASELINE="2160 357 3487 344" 
                    HPOS="2160"
                    VPOS="276"
                    WIDTH="1327"
                    HEIGHT="126">
            <Shape><Polygon POINTS="3466 289 3441 289 3416 289 3391 289 3378 289 2850 314 2774 289 2653 302 2573 299 2540 276 2477 292 2203 279 2160 357 2160 397 2638 402 2656 387 2903 385 2953 400 3038 382 3159 397 3232 380 3484 395 3487 344 3484 289 3466 289"/></Shape>
            <String CONTENT="فها إنا جيت البكم قبتى فطي خاطبه وارتطهم له سوايا اشر"
                    HPOS="2160"
                    VPOS="276"
                    WIDTH="1327"
                    HEIGHT="126"
                    ></String>
          </TextLine>
          <TextLine ID="eSc_line_2ca6c871"
                    TAGREFS="LT1"
                    BASELINE="2122 440 3494 435" 
                    HPOS="2122"
                    VPOS="400"
                    WIDTH="1372"
                    HEIGHT="88">
            <Shape><Polygon POINTS="2122 473 2804 488 2862 468 2970 485 3069 468 3195 468 3217 485 3492 468 3494 435 3451 425 3278 407 3240 425 3215 400 3134 417 3117 400 3069 415 3054 400 2960 400 2910 417 2887 400 2804 400 2767 427 2726 402 2633 427 2497 402 2454 427 2401 405 2336 425 2198 427 2122 440 2122 473"/></Shape>
            <String CONTENT="الباطن وانه كارقد تعل على السلطان واراد القبا به فعانه حوصه منه"
                    HPOS="2122"
                    VPOS="400"
                    WIDTH="1372"
                    HEIGHT="88"
                    ></String>
          </TextLine>
          <TextLine ID="eSc_line_efce6019"
                    TAGREFS="LT1"
                    BASELINE="2114 526 3497 526" 
                    HPOS="2112"
                    VPOS="493"
                    WIDTH="1382"
                    HEIGHT="83">
            <Shape><Polygon POINTS="2112 556 2167 556 2198 576 2339 576 2384 556 2417 576 2862 576 2913 556 3117 556 3132 571 3210 556 3230 576 3346 556 3381 576 3406 556 3494 556 3494 523 3454 513 3268 493 3147 511 3124 493 3044 493 3026 508 3006 493 2981 513 2767 513 2699 493 2681 508 2570 498 2548 513 2520 493 2469 513 2449 493 2306 493 2286 513 2230 498 2142 513 2112 523 2112 556"/></Shape>
            <String CONTENT="وصلع عليه وام لنسبات بفوفه ووداياه وك نب سببا سحل عن الوصف"
                    HPOS="2112"
                    VPOS="493"
                    WIDTH="1382"
                    HEIGHT="83"
                    ></String>
          </TextLine>
          <TextLine ID="eSc_line_e1061e4f"
                    TAGREFS="LT1"
                    BASELINE="2114 620 3492 606" 
                    HPOS="2109"
                    VPOS="584"
                    WIDTH="1380"
                    HEIGHT="90">
            <Shape><Polygon POINTS="2112 619 2112 652 2208 674 2293 674 2341 649 2560 672 2646 654 2673 669 2915 667 2970 644 3006 664 3049 639 3106 657 3313 644 3406 659 3489 634 3489 604 3487 599 2880 606 2797 591 2724 606 2658 584 2432 611 2369 586 2109 586 2112 619"/></Shape>
            <String CONTENT="ملعب هم ككان مها من اللع لو والعطن والوقتف اسى عشر الفوه"
                    HPOS="2109"
                    VPOS="584"
                    WIDTH="1380"
                    HEIGHT="90"
                    ></String>
          </TextLine>
          <TextLine ID="eSc_line_19940d15"
                    TAGREFS="LT1"
                    BASELINE="2132 709 3487 694" 
                    HPOS="2132"
                    VPOS="672"
                    WIDTH="1355"
                    HEIGHT="93">
            <Shape><Polygon POINTS="2132 765 2210 740 2245 760 2384 755 2417 737 2477 760 2520 745 2688 760 2746 742 2807 760 3484 727 3487 694 3484 689 3237 692 3217 677 3144 694 3109 672 3069 694 2981 697 2938 674 2905 697 2835 697 2812 674 2580 677 2497 679 2477 699 2449 684 2351 704 2132 704 2132 709 2132 765"/></Shape>
            <String CONTENT="كم لعقه السا ككان لومسق للعيص عا مفكز بابب السعام فعدمها بعدان"
                    HPOS="2132"
                    VPOS="672"
                    WIDTH="1355"
                    HEIGHT="93"
                    ></String>
          </TextLine>
          <TextLine ID="eSc_line_0da37ae7"
                    TAGREFS="LT1"
                    BASELINE="2133 813 3502 782" 
                    HPOS="2132"
                    VPOS="765"
                    WIDTH="1367"
                    HEIGHT="95">
            <Shape><Polygon POINTS="2132 860 2359 858 2389 838 2442 853 2699 850 2829 823 3023 820 3059 840 3096 818 3270 833 3290 813 3336 813 3411 830 3499 808 3499 780 3497 775 2950 765 2928 787 2832 772 2759 790 2701 770 2651 793 2598 772 2575 793 2550 775 2474 775 2331 800 2145 803 2132 810 2132 860"/></Shape>
            <String CONTENT="كان قد قبض عليه وقدم في خدمته عشرة أمراء منهم أرقطاي وبرسبغا"
                    HPOS="2132"
                    VPOS="765"
                    WIDTH="1367"
                    HEIGHT="95"
                    ></String>
          </TextLine>
          <TextLine ID="eSc_line_d38f7fba"
                    TAGREFS="LT1"
                    BASELINE="2133 898 3514 881" 
                    HPOS="2132"
                    VPOS="853"
                    WIDTH="1380"
                    HEIGHT="98">
            <Shape><Polygon POINTS="2132 946 2512 951 2691 928 2855 946 2920 923 3036 939 3325 918 3373 939 3396 918 3512 916 3512 878 3461 871 2920 853 2835 855 2809 873 2741 855 2711 881 2565 858 2525 883 2339 878 2321 863 2255 881 2198 863 2145 886 2132 896 2132 946"/></Shape>
            <String CONTENT="وطاجار الدوادار فنزل بالقصر من الميدان وحلف الأمراء الشاميين للسلطا"
                    HPOS="2132"
                    VPOS="853"
                    WIDTH="1380"
                    HEIGHT="98"
                    ></String>
          </TextLine>
          <TextLine ID="eSc_line_630d557f"
                    TAGREFS="LT1"
                    BASELINE="2157 1014 2726 984 3514 974" 
                    HPOS="2157"
                    VPOS="954"
                    WIDTH="1357"
                    HEIGHT="103">
            <Shape><Polygon POINTS="2157 1057 2570 1027 2605 1039 2638 1019 2824 1014 2877 1037 3008 1034 3038 1014 3104 1032 3205 1004 3353 1022 3368 1004 3477 1017 3512 999 3514 974 3512 969 3341 974 3308 959 3285 976 3195 961 3154 976 3006 954 2809 981 2756 961 2711 979 2626 964 2583 984 2210 1004 2157 1014 2157 1057"/></Shape>
            <String CONTENT="معمر حوح اموال سكر ووسم حمغاب وسعا وتحلو سن"
                    HPOS="2157"
                    VPOS="954"
                    WIDTH="1357"
                    HEIGHT="103"
                    ></String>
          </TextLine>
          <TextLine ID="eSc_line_28b207d0"
                    TAGREFS="LT1"
                    BASELINE="2147 1102 2910 1067 3509 1057" 
                    HPOS="2147"
                    VPOS="1032"
                    WIDTH="1362"
                    HEIGHT="110">
            <Shape><Polygon POINTS="2147 1142 2326 1142 2371 1117 2434 1140 2520 1112 2575 1132 2608 1112 2641 1132 2673 1117 2767 1127 2870 1100 2991 1120 3033 1095 3089 1092 3220 1110 3310 1087 3371 1107 3509 1080 3509 1057 3466 1047 3323 1032 3285 1052 3227 1032 3195 1057 3144 1059 3104 1037 3076 1062 3038 1062 2978 1042 2792 1047 2691 1074 2621 1059 2500 1082 2203 1092 2147 1102 2147 1142"/></Shape>
            <String CONTENT="وحم و لعد مسعه مسوقوا عايدا الى مصووقم بعو سا منه بهومه"
                    HPOS="2147"
                    VPOS="1032"
                    WIDTH="1362"
                    HEIGHT="110"
                    ></String>
          </TextLine>
          <TextLine ID="eSc_line_f200eddb"
                    TAGREFS="LT1"
                    BASELINE="2133 1191 2960 1158 3509 1150" 
                    HPOS="2132"
                    VPOS="1107"
                    WIDTH="1375"
                    HEIGHT="134">
            <Shape><Polygon POINTS="2132 1231 2281 1241 2394 1233 2422 1213 2469 1233 2578 1213 2653 1228 2729 1200 2789 1223 2804 1205 2855 1215 2915 1195 3008 1205 3101 1188 3190 1208 3250 1183 3313 1205 3386 1203 3507 1175 3507 1147 3487 1135 3376 1107 3325 1107 3278 1142 3235 1145 3182 1112 3147 1135 3111 1115 2996 1120 2970 1137 2943 1120 2792 1125 2744 1150 2709 1132 2663 1153 2643 1140 2613 1163 2527 1147 2482 1170 2417 1158 2399 1173 2185 1180 2132 1190 2132 1231"/></Shape>
            <String CONTENT="صر وقد تعلق خاطره بنيابة الشام فلم يجسر على
"
                    HPOS="2132"
                    VPOS="1107"
                    WIDTH="1375"
                    HEIGHT="134"
                    ></String>
          </TextLine>
          <TextLine ID="eSc_line_24b0130d"
                    TAGREFS="LT1"
                    BASELINE="2205 1276 3509 1238" 
                    HPOS="2205"
                    VPOS="1226"
                    WIDTH="1304"
                    HEIGHT="98">
            <Shape><Polygon POINTS="2205 1324 2492 1304 2638 1314 2673 1299 2694 1311 2751 1291 2890 1301 2905 1283 2983 1301 3018 1281 3071 1301 3137 1286 3159 1299 3250 1273 3336 1293 3363 1273 3509 1268 3509 1238 3507 1233 3295 1241 3280 1226 3139 1246 3013 1226 2981 1243 2897 1228 2767 1248 2724 1233 2633 1261 2588 1248 2205 1271 2205 1276 2205 1324"/></Shape>
            <String CONTENT="ط معن العصمو ثم سارع سمه سل وارلعين لهصوه بلا والسام"
                    HPOS="2205"
                    VPOS="1226"
                    WIDTH="1304"
                    HEIGHT="98"
                    ></String>
          </TextLine>
          <TextLine ID="eSc_line_947d3ffa"
                    TAGREFS="LT1"
                    BASELINE="2150 1364 3522 1319" 
                    HPOS="2150"
                    VPOS="1296"
                    WIDTH="1372"
                    HEIGHT="113">
            <Shape><Polygon POINTS="2150 1394 2298 1409 2349 1389 2394 1404 2432 1387 2462 1402 2605 1399 2731 1394 2749 1377 2835 1392 2892 1372 2948 1384 3059 1367 3099 1382 3169 1361 3293 1377 3356 1374 3376 1354 3522 1351 3522 1319 3494 1311 3318 1296 3298 1314 3270 1296 3237 1319 3154 1309 3129 1324 3064 1299 2940 1304 2908 1331 2837 1306 2759 1309 2731 1336 2651 1339 2605 1314 2512 1344 2449 1344 2412 1321 2359 1349 2306 1324 2170 1354 2150 1364 2150 1394"/></Shape>
            <String CONTENT="كلسن الى العوام بمعععه الاواكا ف له واخووح الباقيه فغاب أباه وما"
                    HPOS="2150"
                    VPOS="1296"
                    WIDTH="1372"
                    HEIGHT="113"
                    ></String>
          </TextLine>
          <TextLine ID="eSc_line_6a2684f7"
                    TAGREFS="LT1"
                    BASELINE="2145 1452 2915 1422 3519 1412" 
                    HPOS="2145"
                    VPOS="1379"
                    WIDTH="1374"
                    HEIGHT="113">
            <Shape><Polygon POINTS="2145 1490 2389 1492 2424 1472 2472 1490 2492 1467 2542 1487 2578 1467 2719 1482 2769 1460 2802 1477 2885 1455 3003 1470 3051 1450 3079 1465 3099 1450 3290 1465 3310 1447 3376 1462 3431 1440 3519 1437 3519 1412 3472 1399 3353 1402 3290 1379 3137 1384 3111 1404 3059 1387 3038 1407 2943 1417 2812 1394 2749 1419 2673 1402 2651 1424 2570 1407 2464 1432 2250 1437 2145 1452 2145 1490"/></Shape>
            <String CONTENT="ما تعو مرف السلطان وام حفبه فتعافس لغبا وقوصورركا"
                    HPOS="2145"
                    VPOS="1379"
                    WIDTH="1374"
                    HEIGHT="113"
                    ></String>
          </TextLine>
          <TextLine ID="eSc_line_e051ad81"
                    TAGREFS="LT1"
                    BASELINE="2137 1533 3524 1510" 
                    HPOS="2137"
                    VPOS="1472"
                    WIDTH="1387"
                    HEIGHT="111">
            <Shape><Polygon POINTS="2137 1580 2187 1563 2248 1583 2459 1578 2497 1558 2520 1578 2666 1555 2741 1575 2809 1553 3023 1565 3089 1548 3245 1560 3260 1545 3305 1563 3524 1540 3524 1510 3502 1500 3325 1502 3210 1472 3023 1477 3008 1492 2903 1477 2845 1510 2777 1510 2729 1487 2668 1513 2626 1487 2600 1513 2560 1515 2485 1485 2457 1513 2396 1490 2336 1515 2208 1518 2137 1533 2137 1580"/></Shape>
            <String CONTENT="ان وأرجف به فتنافس بشتاك وقوصون وكادت الفتنة تقع
"
                    HPOS="2137"
                    VPOS="1472"
                    WIDTH="1387"
                    HEIGHT="111"
                    ></String>
          </TextLine>
          <TextLine ID="eSc_line_27664e0e"
                    TAGREFS="LT1"
                    BASELINE="2198 1631 3507 1596" 
                    HPOS="2198"
                    VPOS="1578"
                    WIDTH="1309"
                    HEIGHT="98">
            <Shape><Polygon POINTS="2198 1676 2394 1659 2558 1669 2598 1648 2658 1666 2688 1646 2756 1661 2855 1641 3089 1653 3134 1633 3250 1648 3320 1628 3411 1646 3507 1626 3507 1596 3499 1593 3343 1583 3280 1598 3212 1578 3174 1596 3129 1578 3069 1596 2880 1586 2827 1611 2782 1591 2731 1613 2706 1593 2643 1616 2545 1598 2464 1621 2391 1608 2198 1626 2198 1631 2198 1676"/></Shape>
            <String CONTENT="مهما لك بععه عع عليه فعا سا سم ف در اسابح من اا مراال"
                    HPOS="2198"
                    VPOS="1578"
                    WIDTH="1309"
                    HEIGHT="98"
                    ></String>
          </TextLine>
          <TextLine ID="eSc_line_012fb7a5"
                    TAGREFS="LT1"
                    BASELINE="2132 1721 3512 1681" 
                    HPOS="2132"
                    VPOS="1648"
                    WIDTH="1380"
                    HEIGHT="119">
            <Shape><Polygon POINTS="2132 1759 2477 1767 2610 1762 2653 1742 2726 1759 2792 1742 2930 1752 3255 1724 3305 1742 3371 1724 3424 1739 3512 1719 3512 1681 3499 1674 3378 1648 3333 1666 3258 1651 3240 1671 3157 1653 3069 1684 3033 1659 2948 1676 2908 1661 2832 1666 2807 1691 2696 1669 2600 1674 2550 1701 2407 1691 2187 1711 2132 1721 2132 1759"/></Shape>
            <String CONTENT="الاجماع بالسلطان وازالوانه سي عهد لانفه ابى بك واصلح سن تمات"
                    HPOS="2132"
                    VPOS="1648"
                    WIDTH="1380"
                    HEIGHT="119"
                    ></String>
          </TextLine>
          <TextLine ID="eSc_line_dd800631"
                    TAGREFS="LT1"
                    BASELINE="2172 1825 3525 1783" 
                    HPOS="2170"
                    VPOS="1616"
                    WIDTH="1354"
                    HEIGHT="244">
            <Shape><Polygon POINTS="3499 1681 2744 1701 2711 1706 2610 1706 2548 1734 2510 1721 2457 1754 2250 1759 2243 1784 2213 1787 2170 1822 2170 1842 2220 1860 2339 1857 2404 1835 2437 1847 2457 1832 2505 1850 2532 1830 2570 1850 2676 1847 2764 1830 2822 1842 2842 1825 2955 1837 2981 1817 3096 1835 3192 1810 3356 1827 3373 1810 3522 1802 3524 1782 3509 1616 3504 1616 3499 1681"/></Shape>
            <String CONTENT="لوو شوة س هوسد عص يسين مرديه وعتبه"
                    HPOS="2170"
                    VPOS="1616"
                    WIDTH="1354"
                    HEIGHT="244"
                    ></String>
          </TextLine>
          <TextLine ID="eSc_line_f7f51e82"
                    TAGREFS="LT1"
                    BASELINE="2148 1794 2268 1783" 
                    HPOS="2147"
                    VPOS="1759"
                    WIDTH="119"
                    HEIGHT="48">
            <Shape><Polygon POINTS="2147 1807 2263 1784 2266 1782 2255 1772 2213 1759 2157 1779 2147 1792 2147 1807"/></Shape>
            <String CONTENT=""
                    HPOS="2147"
                    VPOS="1759"
                    WIDTH="119"
                    HEIGHT="48"
                    ></String>
          </TextLine>
          <TextLine ID="eSc_line_3c37cb7d"
                    TAGREFS="LT1"
                    BASELINE="2198 1895 3509 1857" 
                    HPOS="2198"
                    VPOS="1837"
                    WIDTH="1311"
                    HEIGHT="101">
            <Shape><Polygon POINTS="2198 1938 2636 1910 2699 1925 2724 1908 2809 1923 2847 1905 2895 1918 2986 1900 3036 1915 3220 1910 3247 1893 3268 1908 3401 1905 3509 1888 3509 1857 3502 1852 3157 1837 3099 1862 3049 1842 2943 1845 2890 1870 2847 1847 2719 1850 2628 1878 2542 1860 2238 1888 2198 1895 2198 1938"/></Shape>
            <String CONTENT="اقتدهما ما لا مر ولا سسونه فلما لمانت لمر مواقو بصعاك عا سلطنه الى"
                    HPOS="2198"
                    VPOS="1837"
                    WIDTH="1311"
                    HEIGHT="101"
                    ></String>
          </TextLine>
          <TextLine ID="eSc_line_0226ed37"
                    TAGREFS="LT1"
                    BASELINE="2180 1976 2797 1956 3509 1956" 
                    HPOS="2180"
                    VPOS="1920"
                    WIDTH="1329"
                    HEIGHT="96">
            <Shape><Polygon POINTS="2180 2016 2515 2014 2542 1998 2603 2011 2626 1993 2704 2011 2756 1991 2845 2003 2900 1988 2950 2006 2983 1988 3079 2006 3101 1986 3376 2001 3444 1983 3509 1998 3509 1956 3489 1948 3325 1951 3255 1920 3164 1948 3129 1923 3036 1938 2900 1925 2812 1953 2754 1935 2731 1956 2666 1930 2636 1961 2593 1935 2452 1963 2238 1966 2180 1976 2180 2016"/></Shape>
            <String CONTENT="احفاراقامه اجمه اخر قعام موسوم السبات وطلبه وهال له"
                    HPOS="2180"
                    VPOS="1920"
                    WIDTH="1329"
                    HEIGHT="96"
                    ></String>
          </TextLine>
          <TextLine ID="eSc_line_54bfe615"
                    TAGREFS="LT1"
                    BASELINE="2170 2069 2744 2046 3504 2036" 
                    HPOS="2170"
                    VPOS="1998"
                    WIDTH="1334"
                    HEIGHT="114">
            <Shape><Polygon POINTS="2170 2112 2485 2092 2608 2104 2835 2076 3003 2089 3059 2071 3114 2071 3132 2089 3207 2069 3268 2089 3373 2087 3504 2061 3504 2036 3489 2029 3270 1998 3157 2019 3129 2003 2945 2006 2900 2026 2845 2008 2714 2036 2688 2021 2663 2046 2610 2029 2495 2051 2260 2056 2170 2069 2170 2112"/></Shape>
            <String CONTENT="بابا يحى من ولا منل سلاط بن نا كفاكدا وكداوهرا اسه در اون"
                    HPOS="2170"
                    VPOS="1998"
                    WIDTH="1334"
                    HEIGHT="114"
                    ></String>
          </TextLine>
          <TextLine ID="eSc_line_bf0044f5"
                    TAGREFS="LT1"
                    BASELINE="2160 2165 2485 2162 2880 2137 3512 2124" 
                    HPOS="2160"
                    VPOS="1968"
                    WIDTH="1352"
                    HEIGHT="244">
            <Shape><Polygon POINTS="2835 2046 2809 2046 2784 2046 2759 2046 2734 2049 2709 2049 2683 2049 2658 2051 2633 2051 2608 2054 2583 2054 2558 2054 2532 2056 2507 2056 2482 2059 2457 2059 2432 2059 2407 2061 2381 2061 2356 2064 2331 2064 2306 2064 2281 2066 2255 2066 2230 2069 2205 2069 2180 2069 2170 1968 2165 1971 2160 2165 2160 2197 2198 2212 2268 2195 2336 2210 2369 2192 2603 2202 2638 2180 2709 2197 2789 2172 2865 2185 3049 2165 3149 2182 3172 2167 3401 2180 3444 2154 3512 2152 3512 2124 3451 2102 3391 2087 3363 2104 3275 2107 3237 2076 3195 2074 3111 2112 2998 2094 2948 2117 2852 2046 2835 2046"/></Shape>
            <String CONTENT="همارحان وده اسن در"
                    HPOS="2160"
                    VPOS="1968"
                    WIDTH="1352"
                    HEIGHT="244"
                    ></String>
          </TextLine>
          <TextLine ID="eSc_line_2069586c"
                    TAGREFS="LT1"
                    BASELINE="2129 2265 2457 2263 2840 2235 3502 2225" 
                    HPOS="2125"
                    VPOS="2139"
                    WIDTH="1374"
                    HEIGHT="164">
            <Shape><Polygon POINTS="2125 2225 2127 2263 2127 2303 2605 2300 2897 2265 3023 2283 3094 2265 3129 2285 3187 2258 3235 2273 3298 2255 3328 2273 3378 2253 3499 2250 3499 2222 3396 2139 3185 2144 3147 2165 3016 2165 2970 2182 2915 2170 2807 2195 2774 2180 2724 2205 2618 2205 2598 2220 2278 2227 2253 2207 2220 2230 2125 2225 2125 2225"/></Shape>
            <String CONTENT="ومننا وانا لا إخا لعل انارد تاحها وغيره ولانا اربه تخالفا فتعاتفا"
                    HPOS="2125"
                    VPOS="2139"
                    WIDTH="1374"
                    HEIGHT="164"
                    ></String>
          </TextLine>
          <TextLine ID="eSc_line_c2598a87"
                    TAGREFS="LT1"
                    BASELINE="2168 2349 3502 2318" 
                    HPOS="2127"
                    VPOS="2298"
                    WIDTH="1372"
                    HEIGHT="106">
            <Shape><Polygon POINTS="2127 2396 2160 2384 2215 2384 2238 2404 2548 2399 2621 2376 2651 2394 2678 2371 2726 2391 2762 2368 2875 2368 2910 2389 3081 2368 3172 2379 3190 2363 3288 2381 3358 2356 3497 2353 3499 2316 3494 2311 3076 2298 3026 2318 3008 2303 2865 2303 2731 2328 2711 2308 2653 2308 2588 2331 2550 2311 2510 2328 2457 2316 2434 2336 2404 2321 2386 2336 2147 2341 2127 2348 2127 2396"/></Shape>
            <String CONTENT="وفال الى رسيا السباطان فعبراه وبصبا ابايك السبا ولان ولعبان"
                    HPOS="2127"
                    VPOS="2298"
                    WIDTH="1372"
                    HEIGHT="106"
                    ></String>
          </TextLine>
          <TextLine ID="eSc_line_84a3a5c2"
                    TAGREFS="LT1"
                    BASELINE="2162 2447 2530 2447 2935 2426 3494 2416" 
                    HPOS="2162"
                    VPOS="2394"
                    WIDTH="1332"
                    HEIGHT="98">
            <Shape><Polygon POINTS="2162 2492 2608 2492 2719 2487 2741 2469 2819 2487 2865 2462 2943 2484 2981 2459 3021 2474 3059 2457 3147 2469 3325 2452 3371 2467 3404 2449 3494 2449 3494 2416 3492 2411 3195 2414 3054 2394 2973 2421 2925 2399 2719 2401 2590 2431 2570 2411 2537 2431 2429 2416 2381 2436 2198 2439 2162 2447 2162 2492"/></Shape>
            <String CONTENT="بالملك مصمور وسلعاله من حلف من امر امل بلز عير ابار فلا يلب"
                    HPOS="2162"
                    VPOS="2394"
                    WIDTH="1332"
                    HEIGHT="98"
                    ></String>
          </TextLine>
          <TextLine ID="eSc_line_87aa47bc"
                    TAGREFS="LT1"
                    BASELINE="2150 2537 3479 2507" 
                    HPOS="2150"
                    VPOS="2479"
                    WIDTH="1329"
                    HEIGHT="98">
            <Shape><Polygon POINTS="2150 2572 2590 2577 2814 2552 3003 2567 3021 2550 3303 2542 3358 2557 3479 2537 3479 2507 3474 2502 3361 2489 3313 2504 3263 2479 3144 2479 3033 2482 3003 2502 2960 2484 2865 2487 2799 2517 2724 2492 2686 2520 2638 2520 2600 2492 2469 2525 2407 2509 2177 2530 2150 2537 2150 2572"/></Shape>
            <String CONTENT="ساابسبات سامه النعام ولم موابعه فوصو يا دكررمعوك بوهمه منه"
                    HPOS="2150"
                    VPOS="2479"
                    WIDTH="1329"
                    HEIGHT="98"
                    ></String>
          </TextLine>
          <TextLine ID="eSc_line_4ee503fc"
                    TAGREFS="LT1"
                    BASELINE="2150 2618 3484 2603" 
                    HPOS="2150"
                    VPOS="2575"
                    WIDTH="1334"
                    HEIGHT="91">
            <Shape><Polygon POINTS="2150 2645 2361 2666 2442 2645 2482 2663 2532 2645 2600 2660 2668 2645 2709 2660 2754 2645 2772 2660 2792 2645 2955 2658 3006 2638 3119 2655 3157 2635 3320 2650 3484 2630 3484 2603 3434 2595 3185 2598 3104 2580 3064 2598 3044 2577 3008 2593 2920 2575 2827 2600 2789 2577 2600 2577 2555 2600 2495 2585 2401 2605 2371 2580 2341 2605 2182 2608 2150 2618 2150 2645"/></Shape>
            <String CONTENT="واته لهات ا صلبه السلطال وصار احابو الامر ان معا عدنه"
                    HPOS="2150"
                    VPOS="2575"
                    WIDTH="1334"
                    HEIGHT="91"
                    ></String>
          </TextLine>
          <TextLine ID="eSc_line_1ea55b97"
                    TAGREFS="LT1"
                    BASELINE="2147 2693 3474 2693" 
                    HPOS="2147"
                    VPOS="2660"
                    WIDTH="1327"
                    HEIGHT="101">
            <Shape><Polygon POINTS="2147 2761 2328 2739 2422 2739 2462 2761 2553 2761 2583 2739 2741 2739 2772 2761 2809 2739 2923 2756 2953 2744 2983 2761 3346 2761 3474 2739 3474 2693 3464 2686 3363 2686 3285 2660 2930 2660 2903 2678 2862 2666 2842 2686 2762 2686 2663 2660 2618 2686 2570 2668 2497 2686 2462 2668 2185 2686 2147 2693 2147 2761"/></Shape>
            <String CONTENT="فصفه الى ان يعم له لسلطان ويجدم مع فوصوف ذار محط على ما"
                    HPOS="2147"
                    VPOS="2660"
                    WIDTH="1327"
                    HEIGHT="101"
                    ></String>
          </TextLine>
        </TextBlock>
        <TextBlock HPOS="2010"
                   VPOS="262"
                   WIDTH="131"
                   HEIGHT="440"
                   ID="eSc_textblock_7f189919"
                   TAGREFS="BT1063">
          <Shape><Polygon POINTS="2039 694 2010 492 2011 431 2018 262 2113 273 2092 534 2141 702"/></Shape>
          <TextLine ID="eSc_line_626a70e9"
                    BASELINE="2065 495 2062 495 2050 498" 
                    HPOS="2039"
                    VPOS="453"
                    WIDTH="40"
                    HEIGHT="148">
            <Shape><Polygon POINTS="2049 495 2072 601 2079 594 2079 581 2064 493 2054 453 2039 453 2049 495"/></Shape>
            <String CONTENT=""
                    HPOS="2039"
                    VPOS="453"
                    WIDTH="40"
                    HEIGHT="148"
                    ></String>
          </TextLine>
          <TextLine ID="eSc_line_e7f98098"
                    BASELINE="2057 281 2097 690" 
                    HPOS="2011"
                    VPOS="279"
                    WIDTH="83"
                    HEIGHT="413">
            <Shape><Polygon POINTS="2011 281 2019 563 2054 626 2062 692 2094 689 2054 279 2011 281"/></Shape>
            <String CONTENT="مرهم صفات "
                    HPOS="2011"
                    VPOS="279"
                    WIDTH="83"
                    HEIGHT="413"
                    ></String>
          </TextLine>
          <TextLine ID="eSc_line_4158726f"
                    TAGREFS="LT220"
                    BASELINE="2057 281 2055 495 2097 690" 
                    HPOS="2016"
                    VPOS="279"
                    WIDTH="78"
                    HEIGHT="413">
            <Shape><Polygon POINTS="2087 652 2084 626 2082 601 2079 576 2077 553 2074 528 2072 503 2069 478 2067 453 2064 427 2062 402 2059 377 2057 352 2054 327 2054 302 2054 279 2016 284 2016 573 2057 629 2062 692 2094 689 2092 669 2087 652"/></Shape>
            <String CONTENT="حره"
                    HPOS="2016"
                    VPOS="279"
                    WIDTH="78"
                    HEIGHT="413"
                    ></String>
          </TextLine>
        </TextBlock>
        <TextBlock HPOS="1856"
                   VPOS="463"
                   WIDTH="95"
                   HEIGHT="183"
                   ID="eSc_textblock_c558c497"
                   TAGREFS="BT1063">
          <Shape><Polygon POINTS="1951 533 1950 646 1868 646 1856 463 1917 465"/></Shape>
          <TextLine ID="eSc_line_6dc6f81a"
                    TAGREFS="LT222"
                    BASELINE="1898 636 1898 484" 
                    HPOS="1858"
                    VPOS="483"
                    WIDTH="95"
                    HEIGHT="151">
            <Shape><Polygon POINTS="1860 508 1860 533 1863 558 1863 584 1865 609 1865 629 1895 634 1953 634 1931 576 1948 541 1936 483 1895 483 1858 483 1860 508"/></Shape>
            <String CONTENT="همر ع"
                    HPOS="1858"
                    VPOS="483"
                    WIDTH="95"
                    HEIGHT="151"
                    ></String>
          </TextLine>
        </TextBlock>
        <TextBlock HPOS="102"
                   VPOS="302"
                   WIDTH="1754"
                   HEIGHT="2434"
                   ID="eSc_textblock_fb9fba5c"
                   TAGREFS="BT2">
          <Shape><Polygon POINTS="1846 646 1850 1706 1849 1706 1849 2712 1820 2736 501 2736 501 2392 451 2392 422 1457 453 956 412 732 140 732 102 324 352 342 1140 302 1856 321 1856 412 1850 412 1850 646"/></Shape>
          <TextLine ID="eSc_line_d2c2367b"
                    TAGREFS="LT1"
                    BASELINE="176 365 589 377 1858 352" 
                    HPOS="176"
                    VPOS="302"
                    WIDTH="1682"
                    HEIGHT="123">
            <Shape><Polygon POINTS="1835 319 1810 317 1785 317 1759 317 1734 317 1709 314 1684 314 1659 314 1634 314 1533 314 1528 309 1508 309 1482 309 1457 309 1432 309 1420 307 1417 309 1377 307 1357 307 1331 307 1306 304 1281 304 1256 304 1231 302 1206 302 1180 302 1155 302 1130 302 1105 302 1080 304 1054 304 1029 307 1004 307 979 309 954 309 929 312 913 312 878 312 878 314 876 314 727 324 720 322 702 322 677 324 652 324 626 327 601 327 576 329 551 329 526 332 501 332 475 334 450 334 448 334 445 337 440 334 425 337 400 337 375 339 349 339 324 354 299 362 297 337 294 339 176 365 176 412 244 425 367 405 407 425 511 425 740 400 820 420 881 402 1012 417 1122 395 1185 412 1258 392 1276 407 1495 410 1515 387 1858 387 1858 352 1855 319 1835 319"/></Shape>
            <String CONTENT="وقر رمع السلطان بعد ان رجع عن احاتته باز بعده مولايته إذا قدين الأبرفطاوبعا القح المتو"
                    HPOS="176"
                    VPOS="302"
                    WIDTH="1682"
                    HEIGHT="123"
                    ></String>
          </TextLine>
          <TextLine ID="eSc_line_a0368e1d"
                    TAGREFS="LT1"
                    BASELINE="183 450 805 468 1860 433" 
                    HPOS="183"
                    VPOS="415"
                    WIDTH="1677"
                    HEIGHT="103">
            <Shape><Polygon POINTS="206 450 203 445 186 445 183 450 183 493 342 493 365 508 458 493 511 518 576 493 757 516 946 508 981 488 1007 511 1150 490 1173 508 1228 493 1326 506 1362 485 1462 495 1513 473 1792 490 1860 468 1860 433 1858 427 1616 420 1576 435 1535 415 1475 438 1347 417 1324 440 1218 440 1193 422 1173 443 1117 443 1072 422 929 427 893 448 825 427 556 438 538 453 438 435 397 455 370 435 322 458 214 448 206 450"/></Shape>
            <String CONTENT="لمعن لابر الطبعاء بابت كسام كعدره دطلاكاوالاموا الى ل مرفهم كحلبع موار سام"
                    HPOS="183"
                    VPOS="415"
                    WIDTH="1677"
                    HEIGHT="103"
                    ></String>
          </TextLine>
          <TextLine ID="eSc_line_c29345c4"
                    TAGREFS="LT1"
                    BASELINE="518 573 997 563 1588 533 1859 533" 
                    HPOS="516"
                    VPOS="475"
                    WIDTH="1354"
                    HEIGHT="141">
            <Shape><Polygon POINTS="516 611 634 616 662 594 707 614 954 606 1029 581 1175 576 1304 594 1324 573 1344 591 1425 573 1465 589 1515 586 1540 563 1656 573 1870 553 1870 531 1772 475 1422 495 1354 536 1294 538 1243 508 1148 538 1082 521 1017 526 994 548 546 563 516 571 516 611"/></Shape>
            <String CONTENT="السلطار بارالاربشباو قدسال ببايه السام ولم يكن بما كريه"
                    HPOS="516"
                    VPOS="475"
                    WIDTH="1354"
                    HEIGHT="141"
                    ></String>
          </TextLine>
          <TextLine ID="eSc_line_4135a4da"
                    TAGREFS="LT1"
                    BASELINE="201 536 472 539" 
                    HPOS="196"
                    VPOS="506"
                    WIDTH="274"
                    HEIGHT="83">
            <Shape><Polygon POINTS="198 533 196 581 309 568 375 589 405 566 468 566 470 538 470 533 375 528 332 506 198 528 198 533"/></Shape>
            <String CONTENT="واخبع مطامعهم"
                    HPOS="196"
                    VPOS="506"
                    WIDTH="274"
                    HEIGHT="83"
                    ></String>
          </TextLine>
          <TextLine ID="eSc_line_a06cb863"
                    TAGREFS="LT1"
                    BASELINE="511 654 1859 621" 
                    HPOS="508"
                    VPOS="591"
                    WIDTH="1350"
                    HEIGHT="108">
            <Shape><Polygon POINTS="508 682 561 699 672 697 689 679 765 694 1107 674 1130 687 1284 667 1336 682 1442 659 1676 672 1694 657 1709 669 1858 649 1858 619 1850 614 1702 611 1644 591 1540 594 1523 611 1498 596 1389 599 1364 619 1266 601 1226 629 1155 626 1125 604 981 609 913 636 780 626 536 644 508 652 508 682"/></Shape>
            <String CONTENT="كنا سدواح النعاع السعات فطلب وطع خاطره ووتعده اكولايه"
                    HPOS="508"
                    VPOS="591"
                    WIDTH="1350"
                    HEIGHT="108"
                    ></String>
          </TextLine>
          <TextLine ID="eSc_line_f7f3b62e"
                    TAGREFS="LT1"
                    BASELINE="206 609 473 607" 
                    HPOS="203"
                    VPOS="553"
                    WIDTH="267"
                    HEIGHT="101">
            <Shape><Polygon POINTS="203 654 249 634 367 654 405 631 470 631 470 606 430 553 334 594 312 573 284 594 224 596 203 606 203 654"/></Shape>
            <String CONTENT="وطعهر واخب"
                    HPOS="203"
                    VPOS="553"
                    WIDTH="267"
                    HEIGHT="101"
                    ></String>
          </TextLine>
          <TextLine ID="eSc_line_c28b27bd"
                    TAGREFS="LT1"
                    BASELINE="511 737 1185 732 1859 704" 
                    HPOS="508"
                    VPOS="689"
                    WIDTH="1350"
                    HEIGHT="101">
            <Shape><Polygon POINTS="508 785 563 790 614 767 687 787 752 770 856 780 924 760 959 780 1296 772 1354 752 1520 762 1550 745 1649 765 1858 737 1858 702 1855 699 1631 689 1530 709 1510 689 1465 689 1409 712 1389 692 1347 692 1180 717 1130 697 1057 720 1024 699 896 704 876 725 820 709 793 727 770 709 712 730 508 732 508 735 508 785"/></Shape>
            <String CONTENT="كعار حى سحه جلم بايت لشام ومعدم اليه ماف عهو فطار من ومر"
                    HPOS="508"
                    VPOS="689"
                    WIDTH="1350"
                    HEIGHT="101"
                    ></String>
          </TextLine>
          <TextLine ID="eSc_line_2f2b54f8"
                    TAGREFS="LT1"
                    BASELINE="230 687 448 677" 
                    HPOS="226"
                    VPOS="669"
                    WIDTH="219"
                    HEIGHT="58">
            <Shape><Polygon POINTS="229 684 229 727 445 727 445 674 438 669 226 679 229 684"/></Shape>
            <String CONTENT="مه عسر"
                    HPOS="226"
                    VPOS="669"
                    WIDTH="219"
                    HEIGHT="58"
                    ></String>
          </TextLine>
          <TextLine ID="eSc_line_c3ba0ddb"
                    TAGREFS="LT1"
                    BASELINE="506 838 1870 793" 
                    HPOS="506"
                    VPOS="762"
                    WIDTH="1364"
                    HEIGHT="121">
            <Shape><Polygon POINTS="506 878 659 863 707 883 750 868 803 878 888 855 916 876 1070 858 1339 863 1420 858 1437 840 1462 855 1586 850 1608 833 1649 848 1671 830 1737 848 1870 825 1870 793 1850 782 1712 762 1659 785 1634 765 1490 787 1442 772 1374 798 1309 777 1286 800 1195 790 1175 805 1110 787 1059 803 1042 785 913 805 800 793 757 818 712 800 553 825 506 838 506 878"/></Shape>
            <String CONTENT="شل مطار ومرل بعر قبوله وبعت لك  مواباير الامراة سن"
                    HPOS="506"
                    VPOS="762"
                    WIDTH="1364"
                    HEIGHT="121"
                    ></String>
          </TextLine>
          <TextLine ID="eSc_line_866bfea3"
                    TAGREFS="LT1"
                    BASELINE="543 931 1870 896" 
                    HPOS="543"
                    VPOS="881"
                    WIDTH="1327"
                    HEIGHT="93">
            <Shape><Polygon POINTS="543 969 710 956 777 974 810 954 843 969 871 951 941 964 986 949 1080 966 1397 959 1586 931 1681 951 1712 928 1870 923 1870 896 1868 891 1629 896 1613 881 1573 898 1495 881 1427 901 1394 883 1321 886 1286 908 1206 888 1107 913 1019 901 951 916 876 898 823 921 798 903 543 926 543 931 543 969"/></Shape>
            <String CONTENT="سم فعص رمامه لالهماس ازهب واترر وهمه ومنواهررعه"
                    HPOS="543"
                    VPOS="881"
                    WIDTH="1327"
                    HEIGHT="93"
                    ></String>
          </TextLine>
          <TextLine ID="eSc_line_a7638a13"
                    TAGREFS="LT1"
                    BASELINE="503 1014 1853 996" 
                    HPOS="503"
                    VPOS="961"
                    WIDTH="1350"
                    HEIGHT="106">
            <Shape><Polygon POINTS="503 1049 692 1067 790 1062 815 1044 871 1064 891 1042 941 1042 1080 1062 1387 1037 1412 1057 1465 1057 1523 1034 1656 1049 1727 1032 1764 1052 1853 1029 1853 996 1845 989 1764 991 1739 969 1719 984 1654 961 1525 964 1475 994 1437 991 1412 966 1382 986 1362 966 1289 966 1183 999 1042 994 1007 974 949 996 913 974 866 1004 833 981 808 1004 591 1004 503 1014 503 1049"/></Shape>
            <String CONTENT="كن لاموا اكخا صكبه منها بسع كبير وفرف جنوارمه أيصا سى رمدع انه"
                    HPOS="503"
                    VPOS="961"
                    WIDTH="1350"
                    HEIGHT="106"
                    ></String>
          </TextLine>
          <TextLine ID="eSc_line_6dedb179"
                    TAGREFS="LT1"
                    BASELINE="501 1107 1863 1087" 
                    HPOS="501"
                    VPOS="1052"
                    WIDTH="1362"
                    HEIGHT="103">
            <Shape><Polygon POINTS="501 1147 677 1153 710 1135 808 1155 886 1132 926 1153 1009 1153 1183 1130 1223 1147 1253 1130 1341 1147 1623 1125 1649 1142 1694 1120 1805 1140 1863 1117 1863 1087 1853 1077 1795 1052 1684 1052 1510 1082 1450 1057 1369 1057 1336 1082 1294 1062 1271 1080 1243 1064 1170 1087 1065 1067 1034 1087 1002 1062 931 1064 898 1087 851 1064 818 1092 783 1067 720 1092 548 1095 501 1107 501 1147"/></Shape>
            <String CONTENT="من لامرا الاوبعث اليه بها ملا عننه وعر محما ليله واجب له بعطا لبير"
                    HPOS="501"
                    VPOS="1052"
                    WIDTH="1362"
                    HEIGHT="103"
                    ></String>
          </TextLine>
          <TextLine ID="eSc_line_4e3b0312"
                    TAGREFS="LT1"
                    BASELINE="493 1190 1846 1170" 
                    HPOS="490"
                    VPOS="1142"
                    WIDTH="1355"
                    HEIGHT="101">
            <Shape><Polygon POINTS="490 1223 657 1243 752 1238 770 1220 858 1238 913 1218 1034 1233 1211 1213 1238 1233 1384 1231 1409 1210 1467 1231 1523 1213 1558 1228 1621 1213 1656 1228 1679 1210 1752 1226 1845 1203 1845 1168 1840 1160 1712 1163 1671 1142 1553 1142 1505 1165 1437 1145 1339 1145 1324 1163 1306 1147 1170 1147 1115 1153 1095 1173 908 1175 843 1158 825 1175 523 1180 490 1188 490 1223"/></Shape>
            <String CONTENT="سنر دفعه كن الحد م تخبا منه السا لان وقوصعر وخولا ذلا سبعا"
                    HPOS="490"
                    VPOS="1142"
                    WIDTH="1355"
                    HEIGHT="101"
                    ></String>
          </TextLine>
          <TextLine ID="eSc_line_547282c8"
                    TAGREFS="LT1"
                    BASELINE="496 1276 1846 1261" 
                    HPOS="493"
                    VPOS="1241"
                    WIDTH="1352"
                    HEIGHT="75">
            <Shape><Polygon POINTS="493 1306 944 1316 1024 1299 1168 1314 1845 1291 1845 1258 1843 1253 1641 1243 1606 1258 1588 1243 1553 1258 1397 1241 1291 1261 1190 1243 1097 1261 946 1246 929 1266 825 1248 808 1266 730 1251 707 1268 493 1268 493 1273 493 1306"/></Shape>
            <String CONTENT="لممععرفان لرسا مص موسوه مومه له خرمن تكمصا راكععه كركما"
                    HPOS="493"
                    VPOS="1241"
                    WIDTH="1352"
                    HEIGHT="75"
                    ></String>
          </TextLine>
          <TextLine ID="eSc_line_c784aa6f"
                    TAGREFS="LT1"
                    BASELINE="511 1377 1208 1349 1846 1344" 
                    HPOS="508"
                    VPOS="1319"
                    WIDTH="1337"
                    HEIGHT="95">
            <Shape><Polygon POINTS="508 1414 1334 1379 1404 1394 1430 1377 1510 1374 1591 1389 1616 1372 1802 1384 1845 1367 1845 1341 1802 1336 1550 1341 1515 1321 1470 1339 1404 1319 1321 1321 1301 1339 1203 1324 1009 1351 954 1331 848 1341 830 1359 553 1367 508 1374 508 1414"/></Shape>
            <String CONTENT="سره من العصر والعسل والاهار والعدوروالولال ومسوم هفمان"
                    HPOS="508"
                    VPOS="1319"
                    WIDTH="1337"
                    HEIGHT="95"
                    ></String>
          </TextLine>
          <TextLine ID="eSc_line_54b9d4e3"
                    TAGREFS="LT1"
                    BASELINE="503 1454 1846 1423" 
                    HPOS="501"
                    VPOS="1399"
                    WIDTH="1344"
                    HEIGHT="93">
            <Shape><Polygon POINTS="501 1477 611 1492 775 1472 1014 1482 1072 1465 1284 1477 1397 1457 1732 1467 1845 1447 1845 1422 1837 1417 1593 1419 1555 1399 1535 1417 1482 1402 1450 1417 1394 1402 1319 1422 1289 1404 1170 1407 1044 1434 994 1417 918 1432 901 1417 876 1437 851 1424 813 1440 531 1445 501 1452 501 1477"/></Shape>
            <String CONTENT="مس الصفعمنم ذرعمس ارص مكلاله واعق مع ولرامه اسسبع بار سر"
                    HPOS="501"
                    VPOS="1399"
                    WIDTH="1344"
                    HEIGHT="93"
                    ></String>
          </TextLine>
          <TextLine ID="eSc_line_731bf8e8"
                    TAGREFS="LT1"
                    BASELINE="447 1478 516 1537 1846 1507" 
                    HPOS="445"
                    VPOS="1477"
                    WIDTH="1400"
                    HEIGHT="114">
            <Shape><Polygon POINTS="445 1565 571 1591 881 1568 954 1583 1017 1563 1082 1580 1213 1550 1251 1570 1359 1548 1465 1563 1498 1545 1616 1543 1644 1568 1709 1568 1757 1540 1845 1540 1845 1505 1812 1497 1636 1500 1593 1485 1558 1502 1404 1505 1339 1480 1309 1502 1274 1482 1200 1510 1148 1482 1082 1482 1019 1485 984 1513 893 1487 823 1518 765 1502 727 1518 689 1495 624 1520 571 1492 460 1495 445 1477 445 1565"/></Shape>
            <String CONTENT="يصيل الخرعد ورومه كتقدم بعص مما لييك القحر ل العه وهوبا لوما بما"
                    HPOS="445"
                    VPOS="1477"
                    WIDTH="1400"
                    HEIGHT="114"
                    ></String>
          </TextLine>
          <TextLine ID="eSc_line_fd217355"
                    TAGREFS="LT220"
                    BASELINE="445 1397 506 1493" 
                    HPOS="415"
                    VPOS="1394"
                    WIDTH="101"
                    HEIGHT="108">
            <Shape><Polygon POINTS="415 1409 448 1475 483 1502 503 1492 516 1480 508 1434 465 1399 443 1394 415 1409"/></Shape>
            <String CONTENT="ب كم"
                    HPOS="415"
                    VPOS="1394"
                    WIDTH="101"
                    HEIGHT="108"
                    ></String>
          </TextLine>
          <TextLine ID="eSc_line_0d091663"
                    TAGREFS="LT1"
                    BASELINE="513 1631 1846 1596" 
                    HPOS="511"
                    VPOS="1578"
                    WIDTH="1334"
                    HEIGHT="86">
            <Shape><Polygon POINTS="511 1664 984 1664 1115 1646 1175 1659 1299 1641 1357 1653 1409 1636 1440 1651 1477 1633 1558 1648 1659 1628 1800 1641 1845 1623 1845 1593 1843 1588 1571 1578 1503 1596 1367 1580 1344 1601 1268 1583 1140 1606 1122 1588 1037 1608 984 1591 886 1616 780 1618 760 1601 694 1621 679 1608 511 1623 511 1628 511 1664"/></Shape>
            <String CONTENT="واكلمه بدكر فاسعر لحاريه لعقفعا  ن وصار ببوا نه ماوق رب"
                    HPOS="511"
                    VPOS="1578"
                    WIDTH="1334"
                    HEIGHT="86"
                    ></String>
          </TextLine>
          <TextLine ID="eSc_line_6f15f9a6"
                    TAGREFS="LT1"
                    BASELINE="496 1716 1840 1691" 
                    HPOS="496"
                    VPOS="1666"
                    WIDTH="1344"
                    HEIGHT="96">
            <Shape><Polygon POINTS="496 1757 652 1742 672 1762 727 1762 765 1739 974 1757 999 1737 1150 1754 1180 1732 1231 1752 1347 1732 1435 1749 1477 1727 1508 1747 1571 1747 1840 1721 1840 1691 1832 1686 1686 1671 1616 1689 1571 1666 1540 1684 1508 1669 1450 1686 1195 1674 1160 1699 1054 1699 1027 1676 898 1679 851 1704 755 1689 528 1709 496 1716 496 1757"/></Shape>
            <String CONTENT="ك ما قوس وفدشر لسننام كحومته بالرمد ابنه مارضح العامر"
                    HPOS="496"
                    VPOS="1666"
                    WIDTH="1344"
                    HEIGHT="96"
                    ></String>
          </TextLine>
          <TextLine ID="eSc_line_71e9db46"
                    TAGREFS="LT1"
                    BASELINE="503 1807 1208 1800 1845 1774" 
                    HPOS="503"
                    VPOS="1752"
                    WIDTH="1342"
                    HEIGHT="108">
            <Shape><Polygon POINTS="503 1840 556 1860 586 1840 707 1852 725 1835 777 1835 818 1852 878 1832 926 1855 974 1835 1127 1850 1143 1832 1165 1845 1218 1825 1253 1845 1321 1845 1354 1822 1387 1842 1503 1840 1533 1822 1566 1840 1742 1812 1767 1832 1845 1810 1845 1774 1787 1767 1513 1757 1482 1774 1447 1754 1412 1777 1387 1752 1354 1752 1321 1779 1276 1779 1248 1754 1082 1759 1062 1774 1034 1759 911 1764 881 1789 730 1767 541 1797 503 1807 503 1840"/></Shape>
            <String CONTENT="تى كعرص نخاله ققلع البج سن انه فراقام بالومد أنعه فى انتطا بوب"
                    HPOS="503"
                    VPOS="1752"
                    WIDTH="1342"
                    HEIGHT="108"
                    ></String>
          </TextLine>
          <TextLine ID="eSc_line_ca332c00"
                    TAGREFS="LT1"
                    BASELINE="511 1900 1845 1880" 
                    HPOS="511"
                    VPOS="1860"
                    WIDTH="1334"
                    HEIGHT="75">
            <Shape><Polygon POINTS="511 1935 1175 1935 1243 1918 1341 1933 1457 1915 1634 1928 1845 1908 1845 1880 1840 1875 1618 1865 1581 1880 1535 1860 1513 1880 1470 1862 1387 1883 1341 1862 1268 1880 1216 1865 1173 1888 1065 1867 1037 1888 1009 1867 979 1890 951 1873 934 1890 833 1893 790 1873 775 1888 732 1875 699 1893 511 1895 511 1900 511 1935"/></Shape>
            <String CONTENT="لعار فه فلبتراللعر ما لعفه ومعد الرس حه الخما معرب من"
                    HPOS="511"
                    VPOS="1860"
                    WIDTH="1334"
                    HEIGHT="75"
                    ></String>
          </TextLine>
          <TextLine ID="eSc_line_7778bcd5"
                    TAGREFS="LT1"
                    BASELINE="496 1996 1843 1968" 
                    HPOS="496"
                    VPOS="1935"
                    WIDTH="1347"
                    HEIGHT="101">
            <Shape><Polygon POINTS="496 2034 631 2036 647 2019 810 2034 873 2014 931 2031 1012 2011 1173 2026 1231 2006 1296 2024 1364 2003 1545 2019 1601 1998 1717 2016 1840 1996 1843 1968 1830 1958 1792 1958 1770 1935 1591 1935 1480 1956 1442 1940 1412 1966 1344 1940 1299 1943 1274 1968 1012 1948 989 1971 934 1956 843 1978 795 1966 586 1983 496 1996 496 2034"/></Shape>
            <String CONTENT="الدرف المسكوع جع سا ف موضع لشبار وقم كارحيد ما من"
                    HPOS="496"
                    VPOS="1935"
                    WIDTH="1347"
                    HEIGHT="101"
                    ></String>
          </TextLine>
          <TextLine ID="eSc_line_83bdbe27"
                    TAGREFS="LT1"
                    BASELINE="503 2081 1832 2054" 
                    HPOS="503"
                    VPOS="2041"
                    WIDTH="1329"
                    HEIGHT="86">
            <Shape><Polygon POINTS="503 2127 574 2127 594 2109 710 2127 793 2104 825 2119 934 2119 949 2104 1062 2119 1107 2097 1125 2114 1155 2097 1246 2114 1284 2094 1384 2112 1407 2092 1432 2109 1503 2089 1563 2109 1644 2089 1694 2107 1714 2087 1832 2081 1832 2054 1827 2049 1226 2041 1158 2061 1107 2044 1075 2064 1052 2046 984 2046 861 2069 798 2054 533 2074 503 2081 503 2127"/></Shape>
            <String CONTENT="موم الوب تعيد ناسه سعا ذ حر عد لعس خره لعلا بالمسكرم"
                    HPOS="503"
                    VPOS="2041"
                    WIDTH="1329"
                    HEIGHT="86"
                    ></String>
          </TextLine>
          <TextLine ID="eSc_line_538e90f2"
                    TAGREFS="LT1"
                    BASELINE="493 2167 1837 2137" 
                    HPOS="493"
                    VPOS="2102"
                    WIDTH="1344"
                    HEIGHT="115">
            <Shape><Polygon POINTS="493 2217 581 2195 717 2215 735 2195 828 2212 878 2187 969 2185 1022 2205 1054 2182 1097 2202 1168 2180 1274 2202 1304 2187 1389 2200 1457 2182 1515 2195 1571 2172 1661 2190 1686 2170 1714 2187 1835 2170 1837 2137 1825 2127 1775 2102 1734 2127 1679 2127 1649 2104 1601 2132 1488 2134 1452 2109 1387 2132 1321 2112 1261 2139 1160 2114 1110 2137 1042 2119 1019 2144 961 2142 931 2119 543 2154 493 2167 493 2217"/></Shape>
            <String CONTENT="خليعه وامه يعف له ب مييه واحابه مايه لا مكن احماى به وابععر"
                    HPOS="493"
                    VPOS="2102"
                    WIDTH="1344"
                    HEIGHT="115"
                    ></String>
          </TextLine>
          <TextLine ID="eSc_line_00a8d39c"
                    TAGREFS="LT1"
                    BASELINE="506 2255 1457 2238 1840 2217" 
                    HPOS="506"
                    VPOS="2205"
                    WIDTH="1334"
                    HEIGHT="95">
            <Shape><Polygon POINTS="506 2293 699 2300 765 2278 803 2295 833 2275 936 2293 954 2273 1002 2293 1261 2288 1276 2270 1372 2285 1840 2253 1840 2217 1837 2212 1747 2222 1626 2205 1553 2227 1530 2205 1399 2207 1354 2233 1306 2210 1284 2233 1153 2217 1042 2240 1009 2217 936 2217 833 2243 800 2227 752 2245 506 2250 506 2255 506 2293"/></Shape>
            <String CONTENT="س اله وودام الععدا غار فانه مووهه وساف شتببة أن زر"
                    HPOS="506"
                    VPOS="2205"
                    WIDTH="1334"
                    HEIGHT="95"
                    ></String>
          </TextLine>
          <TextLine ID="eSc_line_07c54c9f"
                    TAGREFS="LT1"
                    BASELINE="1676 2306 1840 2298" 
                    HPOS="1676"
                    VPOS="2238"
                    WIDTH="164"
                    HEIGHT="93">
            <Shape><Polygon POINTS="1676 2331 1840 2326 1840 2298 1812 2238 1694 2290 1676 2306 1676 2331"/></Shape>
            <String CONTENT="اليقبعب"
                    HPOS="1676"
                    VPOS="2238"
                    WIDTH="164"
                    HEIGHT="93"
                    ></String>
          </TextLine>
          <TextLine ID="eSc_line_8ddc36ca"
                    TAGREFS="LT1"
                    BASELINE="506 2338 1616 2316" 
                    HPOS="506"
                    VPOS="2298"
                    WIDTH="1110"
                    HEIGHT="91">
            <Shape><Polygon POINTS="506 2384 750 2389 916 2366 964 2384 1120 2381 1236 2376 1248 2361 1316 2376 1407 2356 1616 2356 1616 2316 1611 2311 1379 2300 1311 2318 1271 2298 1218 2321 1143 2300 1117 2323 1097 2303 1022 2303 994 2326 883 2311 815 2328 783 2308 689 2331 659 2318 506 2333 506 2338 506 2384"/></Shape>
            <String CONTENT="سعد العاهة وبحرف اسادان فوصو لامر امطامه"
                    HPOS="506"
                    VPOS="2298"
                    WIDTH="1110"
                    HEIGHT="91"
                    ></String>
          </TextLine>
          <TextLine ID="eSc_line_f87cc10e"
                    TAGREFS="LT1"
                    BASELINE="508 2431 1178 2424 1840 2391" 
                    HPOS="506"
                    VPOS="2379"
                    WIDTH="1334"
                    HEIGHT="108">
            <Shape><Polygon POINTS="508 2431 508 2477 536 2462 629 2487 843 2462 868 2479 969 2477 1017 2457 1070 2474 1243 2452 1271 2467 1349 2452 1420 2464 1503 2439 1533 2459 1596 2429 1840 2424 1840 2391 1837 2389 1669 2394 1623 2379 1603 2396 1540 2381 1505 2401 1387 2389 1336 2404 1258 2389 1188 2391 1170 2411 1102 2394 1082 2414 921 2419 840 2401 775 2404 752 2424 687 2409 664 2426 506 2426 508 2431"/></Shape>
            <String CONTENT="صوام وان لسعا فصد فسلمه لها وسعة يى العيص علبه م"
                    HPOS="506"
                    VPOS="2379"
                    WIDTH="1334"
                    HEIGHT="108"
                    ></String>
          </TextLine>
          <TextLine ID="eSc_line_62b5b01b"
                    TAGREFS="LT1"
                    BASELINE="528 2526 1042 2517 1830 2479" 
                    HPOS="523"
                    VPOS="2467"
                    WIDTH="1304"
                    HEIGHT="108">
            <Shape><Polygon POINTS="526 2525 526 2557 654 2555 772 2575 788 2557 838 2572 936 2545 1027 2562 1049 2542 1100 2562 1286 2542 1349 2552 1399 2527 1440 2547 1538 2545 1548 2530 1611 2542 1661 2517 1724 2530 1827 2509 1827 2477 1825 2472 1608 2469 1566 2484 1548 2467 1510 2482 1462 2467 1440 2487 1420 2469 1349 2494 1301 2472 1263 2489 1160 2477 1130 2502 1107 2484 1032 2482 903 2512 747 2497 707 2520 677 2504 523 2520 526 2525"/></Shape>
            <String CONTENT="ونك ل ابجدمة شي يعور ذالا قلاكر وقب العصر وعمل عدمه"
                    HPOS="523"
                    VPOS="2467"
                    WIDTH="1304"
                    HEIGHT="108"
                    ></String>
          </TextLine>
          <TextLine ID="eSc_line_610a9ca3"
                    TAGREFS="LT1"
                    BASELINE="538 2608 1135 2600 1832 2567" 
                    HPOS="538"
                    VPOS="2557"
                    WIDTH="1294"
                    HEIGHT="103">
            <Shape><Polygon POINTS="538 2660 692 2660 730 2640 770 2660 828 2643 908 2658 944 2638 1062 2653 1168 2628 1299 2645 1364 2620 1442 2640 1538 2610 1588 2633 1646 2605 1832 2600 1832 2567 1830 2565 1618 2572 1543 2557 1309 2582 1241 2567 1127 2587 1110 2572 1075 2590 966 2577 843 2598 767 2582 538 2605 538 2608 538 2660"/></Shape>
            <String CONTENT="وشا العا له سغمر القعفاد كمن متضبر فعقدم العر الهجرب"
                    HPOS="538"
                    VPOS="2557"
                    WIDTH="1294"
                    HEIGHT="103"
                    ></String>
          </TextLine>
          <TextLine ID="eSc_line_c8eb061c"
                    TAGREFS="LT1"
                    BASELINE="528 2696 1085 2693 1830 2655" 
                    HPOS="528"
                    VPOS="2633"
                    WIDTH="1302"
                    HEIGHT="108">
            <Shape><Polygon POINTS="528 2741 1190 2741 1359 2713 1412 2734 1480 2713 1555 2723 1636 2703 1830 2698 1830 2655 1805 2648 1555 2633 1498 2650 1450 2638 1404 2663 1334 2640 1284 2643 1258 2666 1188 2645 1110 2673 939 2678 908 2655 876 2673 813 2663 788 2683 528 2691 528 2696 528 2741"/></Shape>
            <String CONTENT="رعر القصا السم طر ومعه الام طفر دمو وففض عليه وتمع بلانه"
                    HPOS="528"
                    VPOS="2633"
                    WIDTH="1302"
                    HEIGHT="108"
                    ></String>
          </TextLine>
        </TextBlock>
        <TextBlock HPOS="2051"
                   VPOS="1159"
                   WIDTH="75"
                   HEIGHT="268"
                   ID="eSc_textblock_a8a6f302"
                   TAGREFS="BT1063">
          <Shape><Polygon POINTS="2051 1427 2055 1159 2126 1159 2126 1427"/></Shape>
          <TextLine ID="eSc_line_50754d0f"
                    TAGREFS="LT222"
                    BASELINE="2092 1401 2088 1163" 
                    HPOS="2051"
                    VPOS="1158"
                    WIDTH="71"
                    HEIGHT="241">
            <Shape><Polygon POINTS="2087 1160 2067 1165 2051 1399 2089 1399 2122 1397 2119 1158 2087 1160"/></Shape>
            <String CONTENT="السنة"
                    HPOS="2051"
                    VPOS="1158"
                    WIDTH="71"
                    HEIGHT="241"
                    ></String>
          </TextLine>
        </TextBlock>
        <TextBlock HPOS="1847"
                   VPOS="1194"
                   WIDTH="98"
                   HEIGHT="512"
                   ID="eSc_textblock_f69cddeb"
                   TAGREFS="BT1063">
          <Shape><Polygon POINTS="1945 1194 1941 1679 1937 1706 1861 1706 1847 1398 1847 1396 1854 1197"/></Shape>
          <TextLine ID="eSc_line_33b46ccd"
                    TAGREFS="LT222"
                    BASELINE="1892 1694 1899 1451 1882 1205" 
                    HPOS="1850"
                    VPOS="1203"
                    WIDTH="88"
                    HEIGHT="488">
            <Shape><Polygon POINTS="1853 1203 1853 1213 1853 1220 1868 1339 1853 1462 1870 1480 1850 1507 1853 1515 1853 1540 1855 1565 1855 1583 1855 1606 1858 1616 1858 1618 1863 1691 1890 1691 1931 1689 1916 1659 1938 1455 1903 1203 1880 1203 1853 1203"/></Shape>
            <String CONTENT="غم خضور الفحرك من الشرام"
                    HPOS="1850"
                    VPOS="1203"
                    WIDTH="88"
                    HEIGHT="488"
                    ></String>
          </TextLine>
        </TextBlock>
        <TextBlock HPOS="2050"
                   VPOS="1832"
                   WIDTH="87"
                   HEIGHT="216"
                   ID="eSc_textblock_d7f08ae0"
                   TAGREFS="BT1063">
          <Shape><Polygon POINTS="2050 2046 2062 1832 2134 1832 2136 1997 2137 2048"/></Shape>
          <TextLine ID="eSc_line_d70701d1"
                    TAGREFS="LT222"
                    BASELINE="2107 2028 2107 1838" 
                    HPOS="2051"
                    VPOS="1837"
                    WIDTH="94"
                    HEIGHT="189">
            <Shape><Polygon POINTS="2054 1976 2051 1988 2054 2026 2104 2026 2145 2024 2137 1837 2104 1837 2062 1837 2072 1940 2054 1961 2054 1976"/></Shape>
            <String CONTENT="السماط "
                    HPOS="2051"
                    VPOS="1837"
                    WIDTH="94"
                    HEIGHT="189"
                    ></String>
          </TextLine>
        </TextBlock>
        <TextBlock HPOS="2031"
                   VPOS="2201"
                   WIDTH="112"
                   HEIGHT="296"
                   ID="eSc_textblock_37833645"
                   TAGREFS="BT1063">
          <Shape><Polygon POINTS="2043 2497 2031 2363 2040 2201 2122 2201 2143 2343 2122 2497"/></Shape>
          <TextLine ID="eSc_line_2e4f8e30"
                    TAGREFS="LT222"
                    BASELINE="2088 2472 2101 2211" 
                    HPOS="2039"
                    VPOS="2210"
                    WIDTH="91"
                    HEIGHT="259">
            <Shape><Polygon POINTS="2039 2467 2087 2469 2117 2469 2130 2210 2099 2210 2046 2212 2057 2308 2039 2447 2039 2467"/></Shape>
            <String CONTENT="ومعه "
                    HPOS="2039"
                    VPOS="2210"
                    WIDTH="91"
                    HEIGHT="259"
                    ></String>
          </TextLine>
        </TextBlock>
        <TextBlock HPOS="2260"
                   VPOS="2746"
                   WIDTH="170"
                   HEIGHT="165"
                   ID="eSc_textblock_8c4182f3"
                   TAGREFS="BT1062">
          <Shape><Polygon POINTS="2378 2746 2430 2817 2381 2857 2290 2911 2260 2789"/></Shape>
          <TextLine ID="eSc_line_a715f8cb"
                    TAGREFS="LT1"
                    BASELINE="2290 2851 2405 2776" 
                    HPOS="2268"
                    VPOS="2726"
                    WIDTH="149"
                    HEIGHT="169">
            <Shape><Polygon POINTS="2371 2746 2346 2756 2328 2761 2268 2819 2288 2849 2318 2895 2417 2796 2404 2774 2369 2726 2364 2728 2371 2746"/></Shape>
            <String CONTENT="وقور"
                    HPOS="2268"
                    VPOS="2726"
                    WIDTH="149"
                    HEIGHT="169"
                    ></String>
          </TextLine>
        </TextBlock>
        <TextBlock HPOS="115"
                   VPOS="2497"
                   WIDTH="380"
                   HEIGHT="250"
                   ID="eSc_textblock_becba1e6"
                   TAGREFS="BT1063">
          <Shape><Polygon POINTS="115 2497 115 2747 495 2745 495 2497"/></Shape>
          <TextLine ID="eSc_line_83592a2d"
                    TAGREFS="LT1"
                    BASELINE="168 2532 507 2526" 
                    HPOS="166"
                    VPOS="2484"
                    WIDTH="340"
                    HEIGHT="88">
            <Shape><Polygon POINTS="166 2570 219 2557 256 2572 287 2555 438 2570 506 2550 506 2525 503 2494 375 2484 234 2502 168 2487 166 2530 166 2570"/></Shape>
            <String CONTENT="مير طقزد"
                    HPOS="166"
                    VPOS="2484"
                    WIDTH="340"
                    HEIGHT="88"
                    ></String>
          </TextLine>
          <TextLine ID="eSc_line_057372fb"
                    TAGREFS="LT1"
                    BASELINE="168 2608 493 2603" 
                    HPOS="168"
                    VPOS="2580"
                    WIDTH="325"
                    HEIGHT="75">
            <Shape><Polygon POINTS="168 2650 206 2635 302 2655 329 2635 355 2653 493 2640 493 2603 490 2598 327 2580 168 2603 168 2608 168 2650"/></Shape>
            <String CONTENT="مر وقبضا عليه "
                    HPOS="168"
                    VPOS="2580"
                    WIDTH="325"
                    HEIGHT="75"
                    ></String>
          </TextLine>
          <TextLine ID="eSc_line_d2d88f27"
                    TAGREFS="LT1"
                    BASELINE="329 2686 497 2687" 
                    HPOS="324"
                    VPOS="2660"
                    WIDTH="172"
                    HEIGHT="84">
            <Shape><Polygon POINTS="324 2739 392 2744 420 2718 493 2713 496 2686 490 2678 405 2660 329 2678 327 2683 324 2739"/></Shape>
            <String CONTENT="وعلى ثلاثة "
                    HPOS="324"
                    VPOS="2660"
                    WIDTH="172"
                    HEIGHT="84"
                    ></String>
          </TextLine>
        </TextBlock>
        <TextBlock HPOS="115"
                   VPOS="2497"
                   WIDTH="380"
                   HEIGHT="250"
                   ID="eSc_textblock_d66fed29"
                   TAGREFS="BT1063">
          <Shape><Polygon POINTS="115 2497 115 2747 495 2745 495 2497"/></Shape>
        </TextBlock>
        <TextBlock HPOS="115"
                   VPOS="2497"
                   WIDTH="380"
                   HEIGHT="250"
                   ID="eSc_textblock_1c89dd2a"
                   >
          <Shape><Polygon POINTS="115 2497 115 2747 495 2745 495 2497"/></Shape>
        </TextBlock>
        <TextBlock HPOS="115"
                   VPOS="2497"
                   WIDTH="380"
                   HEIGHT="250"
                   ID="eSc_textblock_5fb29fbe"
                   >
          <Shape><Polygon POINTS="115 2497 115 2747 495 2747 495 2497"/></Shape>
        </TextBlock>
      </PrintSpace>
    </Page>
  </Layout>
</alto>
