<?xml version="1.0" encoding="UTF-8"?>
<alto xmlns:xsi="http://www.w3.org/2001/XMLSchema-instance"
      xmlns="http://www.loc.gov/standards/alto/ns-v4#"
      xsi:schemaLocation="http://www.loc.gov/standards/alto/ns-v4# http://www.loc.gov/standards/alto/v4/alto-4-2.xsd">
  <Description>
    <MeasurementUnit>pixel</MeasurementUnit>
    <sourceImageInformation>
      <fileName>Muqaffa-or14533-3.pdf_page_90.png</fileName>
      <fileIdentifier>pdf//Muqaffa-or14533-3.pdf</fileIdentifier>
    </sourceImageInformation>
  </Description>
  <Tags>
    <OtherTag ID="BT1094" LABEL="text" DESCRIPTION="block type text"/><OtherTag ID="BT1066" LABEL="Chancery_Material" DESCRIPTION="block type Chancery_Material"/><OtherTag ID="BT1065" LABEL="Flyleaf" DESCRIPTION="block type Flyleaf"/><OtherTag ID="BT1064" LABEL="default" DESCRIPTION="block type default"/><OtherTag ID="BT1063" LABEL="Marginal_Material" DESCRIPTION="block type Marginal_Material"/><OtherTag ID="BT1062" LABEL="Catchword" DESCRIPTION="block type Catchword"/><OtherTag ID="BT4" LABEL="Illustration" DESCRIPTION="block type Illustration"/><OtherTag ID="BT3" LABEL="Commentary" DESCRIPTION="block type Commentary"/><OtherTag ID="BT2" LABEL="Main" DESCRIPTION="block type Main"/><OtherTag ID="BT1" LABEL="Title" DESCRIPTION="block type Title"/>
    <OtherTag ID="LT1" LABEL="Main" DESCRIPTION="line type Main"/><OtherTag ID="LT219" LABEL="default" DESCRIPTION="line type default"/><OtherTag ID="LT220" LABEL="Main-90" DESCRIPTION="line type Main-90"/><OtherTag ID="LT221" LABEL="Main-180" DESCRIPTION="line type Main-180"/><OtherTag ID="LT222" LABEL="Main-270" DESCRIPTION="line type Main-270"/>
  </Tags>
  <Layout>
    <Page WIDTH="3963"
          HEIGHT="3021"
          PHYSICAL_IMG_NR="286"
          ID="eSc_dummypage_">
      <PrintSpace HPOS="0"
                  VPOS="0"
                  WIDTH="3963"
                  HEIGHT="3021">
        <TextBlock HPOS="2122"
                   VPOS="261"
                   WIDTH="1464"
                   HEIGHT="1943"
                   ID="eSc_textblock_de7d8534"
                   TAGREFS="BT2">
          <Shape><Polygon POINTS="3509 261 3560 292 3586 2204 2191 2201 2122 1971 2132 412 2142 302 2195 261"/></Shape>
          <TextLine ID="eSc_line_597a3d47"
                    TAGREFS="LT1"
                    BASELINE="2155 349 3522 354" 
                    HPOS="2152"
                    VPOS="269"
                    WIDTH="1370"
                    HEIGHT="136">
            <Shape><Polygon POINTS="2155 349 2152 397 2235 387 2585 402 2704 382 2729 402 2824 387 2968 405 2986 387 3124 385 3205 405 3240 385 3270 405 3373 405 3393 385 3519 385 3522 354 3519 271 3164 271 3144 289 2976 286 2877 312 2505 304 2424 269 2328 302 2187 269 2155 292 2155 349"/></Shape>
            <String CONTENT="وثما نبيت ويدييه فاستحلب بشابه رجنيه حلب عقه وضيط الومور"
                    HPOS="2152"
                    VPOS="269"
                    WIDTH="1370"
                    HEIGHT="136"
                    ></String>
          </TextLine>
          <TextLine ID="eSc_line_626c1dfb"
                    TAGREFS="LT1"
                    BASELINE="2160 443 3537 435" 
                    HPOS="2160"
                    VPOS="410"
                    WIDTH="1377"
                    HEIGHT="78">
            <Shape><Polygon POINTS="2160 488 3537 475 3537 435 3532 430 3225 412 3207 430 3132 430 3079 410 3041 433 2933 412 2814 433 2779 412 2701 412 2683 430 2615 412 2507 417 2487 435 2351 415 2298 435 2180 435 2160 443 2160 488"/></Shape>
            <String CONTENT="ممب بععسى امعه مطرته ولما خرج بلتعين كتزشى متلف مه"
                    HPOS="2160"
                    VPOS="410"
                    WIDTH="1377"
                    HEIGHT="78"
                    ></String>
          </TextLine>
          <TextLine ID="eSc_line_62f5a664"
                    TAGREFS="LT1"
                    BASELINE="3101 521 3532 513" 
                    HPOS="3101"
                    VPOS="485"
                    WIDTH="431"
                    HEIGHT="81">
            <Shape><Polygon POINTS="3101 548 3242 566 3532 543 3532 513 3517 506 3431 506 3386 485 3127 511 3101 521 3101 548"/></Shape>
            <String CONTENT="بحس صركييع لفعال"
                    HPOS="3101"
                    VPOS="485"
                    WIDTH="431"
                    HEIGHT="81"
                    ></String>
          </TextLine>
          <TextLine ID="eSc_line_a33dcabe"
                    TAGREFS="LT1"
                    BASELINE="2152 528 2812 528" 
                    HPOS="2152"
                    VPOS="503"
                    WIDTH="660"
                    HEIGHT="73">
            <Shape><Polygon POINTS="2152 576 2812 573 2812 528 2804 521 2749 503 2610 521 2585 503 2487 503 2417 521 2366 503 2349 521 2170 521 2152 528 2152 576"/></Shape>
            <String CONTENT="ب الحراج مسبار اليه منساب فرمه"
                    HPOS="2152"
                    VPOS="503"
                    WIDTH="660"
                    HEIGHT="73"
                    ></String>
          </TextLine>
          <TextLine ID="eSc_line_d41dfab7"
                    TAGREFS="LT1"
                    BASELINE="2162 614 3534 601" 
                    HPOS="2162"
                    VPOS="581"
                    WIDTH="1372"
                    HEIGHT="91">
            <Shape><Polygon POINTS="2162 652 2286 646 2326 669 2376 649 2434 672 2500 654 2709 669 2792 649 2809 667 2882 652 2928 667 3111 636 3217 636 3278 657 3434 634 3459 657 3534 631 3534 601 3532 596 3305 586 3242 601 3215 581 2983 581 2920 604 2822 584 2678 586 2643 604 2621 591 2605 606 2437 589 2409 609 2162 609 2162 614 2162 652"/></Shape>
            <String CONTENT="ليكون عونا له على ابن الجراح. فلقيا ابن
الجراح وهزماه عن الرملة."
                    HPOS="2162"
                    VPOS="581"
                    WIDTH="1372"
                    HEIGHT="91"
                    ></String>
          </TextLine>
          <TextLine ID="eSc_line_20f8246b"
                    TAGREFS="LT1"
                    BASELINE="2172 704 3534 694" 
                    HPOS="2172"
                    VPOS="672"
                    WIDTH="1362"
                    HEIGHT="75">
            <Shape><Polygon POINTS="2172 735 2502 747 2522 730 2754 745 2885 742 2905 727 3069 742 3089 727 3333 740 3353 725 3378 740 3393 725 3532 725 3534 694 3532 689 3328 692 3278 674 3144 694 3104 672 2850 672 2714 697 2563 674 2459 699 2172 699 2172 704 2172 735"/></Shape>
            <String CONTENT="رمععارا الى وشف ومنها قبيام معا طراه وابا اصحب شبالهب"
                    HPOS="2172"
                    VPOS="672"
                    WIDTH="1362"
                    HEIGHT="75"
                    ></String>
          </TextLine>
          <TextLine ID="eSc_line_122213bb"
                    TAGREFS="LT1"
                    BASELINE="2170 785 3540 780" 
                    HPOS="2170"
                    VPOS="752"
                    WIDTH="1370"
                    HEIGHT="86">
            <Shape><Polygon POINTS="2170 815 2354 838 2467 838 2485 823 2852 838 2908 813 2950 835 2978 813 3250 813 3298 830 3323 815 3358 830 3540 810 3540 780 3534 775 3416 775 3351 752 3217 775 3179 752 2943 752 2900 775 2852 752 2819 770 2736 755 2719 772 2668 762 2648 777 2527 777 2502 757 2447 777 2301 755 2180 777 2170 785 2170 815"/></Shape>
            <String CONTENT="الفعال ملا حسنا اجشه الراه فيهم الم ا فاخر قسام م حلم الى صر"
                    HPOS="2170"
                    VPOS="752"
                    WIDTH="1370"
                    HEIGHT="86"
                    ></String>
          </TextLine>
          <TextLine ID="eSc_line_4f5d8312"
                    TAGREFS="LT1"
                    BASELINE="2177 881 3532 881" 
                    HPOS="2177"
                    VPOS="858"
                    WIDTH="1355"
                    HEIGHT="70">
            <Shape><Polygon POINTS="2177 881 2177 908 2313 928 2510 913 2593 928 2618 911 2704 928 2963 928 3026 908 3250 928 3278 908 3376 923 3532 908 3532 881 3532 876 2905 858 2852 876 2741 858 2686 876 2621 858 2487 876 2452 858 2434 873 2177 876 2177 881"/></Shape>
            <String CONTENT="ك م مولت طرمه الى لغف له من العا م مولايه ومشق هسارم مرك عكر"
                    HPOS="2177"
                    VPOS="858"
                    WIDTH="1355"
                    HEIGHT="70"
                    ></String>
          </TextLine>
          <TextLine ID="eSc_line_e8f178ca"
                    TAGREFS="LT1"
                    BASELINE="2172 979 3524 964" 
                    HPOS="2172"
                    VPOS="941"
                    WIDTH="1352"
                    HEIGHT="83">
            <Shape><Polygon POINTS="2172 1012 2396 1024 2452 1009 3071 1017 3524 996 3524 964 3519 959 3368 941 3328 959 3260 944 3049 964 2870 946 2852 961 2759 949 2688 966 2621 949 2560 969 2517 951 2464 969 2208 971 2172 979 2172 1012"/></Shape>
            <String CONTENT="موم الجم حه رامع رحب مسنه بمان وبما نيف م سن به ما جمع حبشه مع"
                    HPOS="2172"
                    VPOS="941"
                    WIDTH="1352"
                    HEIGHT="83"
                    ></String>
          </TextLine>
          <TextLine ID="eSc_line_fa0d1aa4"
                    TAGREFS="LT1"
                    BASELINE="2152 1057 3522 1047" 
                    HPOS="2152"
                    VPOS="1024"
                    WIDTH="1370"
                    HEIGHT="81">
            <Shape><Polygon POINTS="2152 1090 2271 1105 2469 1090 2490 1105 2515 1087 2636 1082 2691 1102 2789 1102 2847 1082 2882 1100 2933 1085 3018 1100 3076 1080 3154 1100 3268 1085 3346 1097 3373 1077 3416 1097 3434 1077 3519 1077 3522 1047 3517 1039 3313 1024 3288 1042 3099 1027 3036 1044 3001 1027 2930 1044 2890 1027 2872 1044 2731 1029 2673 1047 2656 1029 2535 1029 2487 1049 2419 1034 2190 1049 2152 1057 2152 1090"/></Shape>
            <String CONTENT="حممع كم خيسف من لصمصامه عا ومشق فاستحلف م البلد وسن"
                    HPOS="2152"
                    VPOS="1024"
                    WIDTH="1370"
                    HEIGHT="81"
                    ></String>
          </TextLine>
          <TextLine ID="eSc_line_c7b1ba1f"
                    TAGREFS="LT1"
                    BASELINE="2162 1140 2565 1147 3527 1130" 
                    HPOS="2162"
                    VPOS="1110"
                    WIDTH="1365"
                    HEIGHT="90">
            <Shape><Polygon POINTS="2162 1185 2359 1200 2417 1180 2542 1198 2648 1178 2676 1195 2751 1195 2784 1178 2832 1193 2970 1173 3056 1190 3109 1173 3147 1190 3242 1170 3310 1185 3439 1168 3472 1185 3524 1168 3527 1130 3524 1125 3273 1127 3200 1110 3139 1130 3059 1110 3036 1130 2794 1112 2658 1135 2583 1115 2535 1137 2495 1117 2401 1117 2351 1140 2293 1140 2276 1122 2162 1135 2162 1140 2162 1185"/></Shape>
            <String CONTENT="معى خفس درامع عشر رحب لي قاميه وقد مزل علها الدرفس ملف"
                    HPOS="2162"
                    VPOS="1110"
                    WIDTH="1365"
                    HEIGHT="90"
                    ></String>
          </TextLine>
          <TextLine ID="eSc_line_f656bd0f"
                    TAGREFS="LT1"
                    BASELINE="2210 1248 3537 1218" 
                    HPOS="2210"
                    VPOS="1195"
                    WIDTH="1327"
                    HEIGHT="98">
            <Shape><Polygon POINTS="2210 1276 2308 1293 2522 1273 2588 1286 2633 1268 2762 1283 2845 1281 2875 1261 3071 1276 3099 1256 3167 1268 3217 1253 3268 1271 3537 1246 3537 1218 3532 1213 3270 1213 3205 1195 3164 1220 3094 1198 3018 1215 2983 1200 2955 1220 2872 1203 2832 1228 2651 1208 2608 1233 2530 1220 2457 1236 2422 1215 2386 1238 2283 1223 2220 1241 2210 1248 2210 1276"/></Shape>
            <String CONTENT="امطاكيه فعا بلعه فما لا سديه اابهفرم منه بحسف حفين لحرت"
                    HPOS="2210"
                    VPOS="1195"
                    WIDTH="1327"
                    HEIGHT="98"
                    ></String>
          </TextLine>
          <TextLine ID="eSc_line_6c7c05d4"
                    TAGREFS="LT1"
                    BASELINE="2203 1356 2317 1351 2343 1351 2884 1346 3540 1305" 
                    HPOS="2200"
                    VPOS="1223"
                    WIDTH="1337"
                    HEIGHT="159">
            <Shape><Polygon POINTS="2850 1233 2824 1233 2799 1233 2774 1233 2749 1236 2724 1236 2709 1236 2706 1238 2701 1236 2699 1236 2673 1236 2648 1238 2623 1238 2613 1238 2608 1243 2593 1238 2573 1238 2548 1238 2522 1241 2502 1241 2500 1243 2492 1241 2472 1241 2447 1241 2422 1243 2396 1243 2371 1243 2349 1243 2344 1246 2336 1243 2321 1243 2296 1246 2271 1246 2245 1246 2220 1246 2213 1223 2210 1226 2200 1354 2200 1382 3260 1361 3333 1334 3446 1354 3537 1326 3537 1304 3315 1273 3137 1278 3051 1233 2872 1236 2867 1231 2850 1233"/></Shape>
            <String CONTENT="الزده ما تعهزفا بهزم ن عا رمع بشار مى علقف وغرم اع"
                    HPOS="2200"
                    VPOS="1223"
                    WIDTH="1337"
                    HEIGHT="159"
                    ></String>
          </TextLine>
          <TextLine ID="eSc_line_eb7adab8"
                    TAGREFS="LT1"
                    BASELINE="2149 1311 2308 1305" 
                    HPOS="2147"
                    VPOS="1286"
                    WIDTH="159"
                    HEIGHT="58">
            <Shape><Polygon POINTS="2147 1324 2225 1344 2306 1319 2306 1304 2303 1286 2160 1299 2147 1309 2147 1324"/></Shape>
            <String CONTENT="الهم"
                    HPOS="2147"
                    VPOS="1286"
                    WIDTH="159"
                    HEIGHT="58"
                    ></String>
          </TextLine>
          <TextLine ID="eSc_line_cb1e8f7b"
                    TAGREFS="LT1"
                    BASELINE="2190 1409 2711 1417 3542 1402" 
                    HPOS="2190"
                    VPOS="1379"
                    WIDTH="1352"
                    HEIGHT="88">
            <Shape><Polygon POINTS="2190 1447 2248 1467 2303 1447 2437 1467 2452 1452 2580 1465 2668 1445 2714 1465 2784 1445 2822 1462 3031 1462 3054 1447 3119 1460 3137 1445 3225 1455 3285 1440 3396 1457 3426 1437 3542 1437 3542 1402 3540 1397 3258 1382 3197 1399 3119 1379 3094 1399 3031 1402 3006 1382 2938 1382 2900 1402 2857 1387 2729 1404 2668 1387 2613 1404 2553 1384 2525 1402 2502 1387 2482 1402 2412 1387 2328 1402 2228 1387 2195 1402 2190 1409 2190 1447"/></Shape>
            <String CONTENT="معوقوا ملا طريق جوسيه الى يعلرو ويجلى طرمق ابحفه الم ومتولا"
                    HPOS="2190"
                    VPOS="1379"
                    WIDTH="1352"
                    HEIGHT="88"
                    ></String>
          </TextLine>
          <TextLine ID="eSc_line_a433e05a"
                    TAGREFS="LT1"
                    BASELINE="2185 1507 3540 1492" 
                    HPOS="2185"
                    VPOS="1470"
                    WIDTH="1355"
                    HEIGHT="78">
            <Shape><Polygon POINTS="2185 1545 3310 1548 3537 1530 3540 1492 3532 1487 3363 1487 3323 1470 3300 1490 3169 1472 3104 1490 3084 1472 3054 1492 3023 1475 2930 1475 2855 1495 2719 1477 2686 1495 2661 1480 2525 1480 2505 1495 2482 1480 2459 1497 2218 1500 2185 1507 2185 1545"/></Shape>
            <String CONTENT="رايد حبشف ومشيايه لامول ما الباس كمان مين معها بحل الروم والهومو"
                    HPOS="2185"
                    VPOS="1470"
                    WIDTH="1355"
                    HEIGHT="78"
                    ></String>
          </TextLine>
          <TextLine ID="eSc_line_ba29c8d0"
                    TAGREFS="LT1"
                    BASELINE="2177 1606 3540 1588" 
                    HPOS="2177"
                    VPOS="1560"
                    WIDTH="1363"
                    HEIGHT="96">
            <Shape><Polygon POINTS="2177 1653 2258 1656 2286 1638 2429 1651 2452 1636 2563 1653 2580 1638 2762 1631 2789 1648 3079 1646 3172 1626 3192 1643 3268 1626 3343 1643 3540 1621 3540 1588 3532 1580 3404 1580 3341 1560 3270 1580 3152 1563 3001 1586 2955 1568 2895 1588 2860 1568 2772 1568 2716 1591 2678 1570 2580 1570 2548 1593 2271 1593 2177 1606 2177 1653"/></Shape>
            <String CONTENT="كراخبوهم السيف فقبل منر بحو الحمسداف وقبار الدرفس ودم معم"
                    HPOS="2177"
                    VPOS="1560"
                    WIDTH="1363"
                    HEIGHT="96"
                    ></String>
          </TextLine>
          <TextLine ID="eSc_line_82bb96ad"
                    TAGREFS="LT1"
                    BASELINE="2180 1701 3542 1691" 
                    HPOS="2180"
                    VPOS="1669"
                    WIDTH="1362"
                    HEIGHT="78">
            <Shape><Polygon POINTS="2180 1739 2449 1732 2540 1747 2590 1729 2608 1747 2731 1747 2797 1729 2832 1747 2960 1732 3041 1744 3081 1727 3197 1744 3439 1724 3499 1742 3540 1724 3542 1691 3540 1686 3328 1689 3242 1669 3182 1691 2973 1691 2857 1671 2668 1694 2636 1674 2517 1674 2482 1696 2434 1676 2371 1694 2180 1696 2180 1701 2180 1739"/></Shape>
            <String CONTENT="العليا لعسع مقيفف رحب ومفرف النهو معالحبال ومصلوا ال"
                    HPOS="2180"
                    VPOS="1669"
                    WIDTH="1362"
                    HEIGHT="78"
                    ></String>
          </TextLine>
          <TextLine ID="eSc_line_83497a0a"
                    TAGREFS="LT1"
                    BASELINE="2145 1784 3552 1774" 
                    HPOS="2145"
                    VPOS="1744"
                    WIDTH="1407"
                    HEIGHT="91">
            <Shape><Polygon POINTS="2145 1830 2361 1835 2386 1820 2401 1835 2485 1835 2560 1817 2575 1832 2749 1832 2777 1817 2845 1832 2882 1815 3096 1830 3111 1815 3242 1827 3258 1812 3466 1827 3552 1810 3552 1774 3542 1762 3524 1744 3227 1762 3195 1744 3172 1764 3091 1749 3076 1764 2976 1764 2925 1747 2905 1764 2837 1767 2726 1752 2656 1767 2628 1749 2522 1767 2487 1749 2442 1769 2192 1752 2155 1769 2145 1784 2145 1830"/></Shape>
            <String CONTENT="ارطاعبه ومضو العاس بعد ولدم ومشق واعر لها ومالسباحا المر عسكر"
                    HPOS="2145"
                    VPOS="1744"
                    WIDTH="1407"
                    HEIGHT="91"
                    ></String>
          </TextLine>
          <TextLine ID="eSc_line_8f86a08d"
                    TAGREFS="LT1"
                    BASELINE="2162 1875 3552 1860" 
                    HPOS="2162"
                    VPOS="1842"
                    WIDTH="1390"
                    HEIGHT="88">
            <Shape><Polygon POINTS="2162 1930 2318 1930 2399 1900 2492 1915 2530 1900 2598 1928 2656 1898 2726 1913 2779 1898 2809 1920 2882 1895 2973 1918 3117 1898 3139 1920 3212 1920 3263 1893 3459 1908 3552 1888 3552 1860 3550 1855 3331 1845 3310 1860 3290 1845 3215 1860 3179 1842 3134 1860 3023 1845 3006 1862 2928 1847 2903 1862 2877 1845 2699 1860 2623 1847 2548 1867 2434 1852 2162 1870 2162 1875 2162 1930"/></Shape>
            <String CONTENT="جعتف كسعاريهم لم مو عفف وسارشا لع الى ج مف فنف لها زرم"
                    HPOS="2162"
                    VPOS="1842"
                    WIDTH="1390"
                    HEIGHT="88"
                    ></String>
          </TextLine>
          <TextLine ID="eSc_line_7837138f"
                    TAGREFS="LT1"
                    BASELINE="2240 1956 3550 1948" 
                    HPOS="2240"
                    VPOS="1925"
                    WIDTH="1310"
                    HEIGHT="81">
            <Shape><Polygon POINTS="2240 2001 2281 2006 2301 1988 2328 2006 2371 1991 2570 2006 2648 1988 2696 2003 2721 1986 2840 2003 2867 1986 2915 2003 3106 1986 3134 2001 3215 1983 3260 1998 3290 1983 3320 2001 3393 1983 3421 1998 3439 1983 3464 2001 3547 2001 3550 1948 3547 1943 3255 1946 3227 1928 3197 1943 3154 1925 3127 1946 3094 1928 3041 1943 3026 1928 2857 1928 2756 1948 2643 1930 2618 1951 2487 1933 2447 1951 2240 1951 2240 1956 2240 2001"/></Shape>
            <String CONTENT="اللاسمن المصف مف سوال وقدم خيسف لسبع مقين مفب"
                    HPOS="2240"
                    VPOS="1925"
                    WIDTH="1310"
                    HEIGHT="81"
                    ></String>
          </TextLine>
          <TextLine ID="eSc_line_12e7826a"
                    TAGREFS="LT1"
                    BASELINE="2165 1945 2314 1910" 
                    HPOS="2162"
                    VPOS="1888"
                    WIDTH="154"
                    HEIGHT="73">
            <Shape><Polygon POINTS="2313 1908 2288 1888 2182 1928 2162 1943 2167 1961 2316 1933 2313 1908"/></Shape>
            <String CONTENT="لعهصة"
                    HPOS="2162"
                    VPOS="1888"
                    WIDTH="154"
                    HEIGHT="73"
                    ></String>
          </TextLine>
          <TextLine ID="eSc_line_0c80c35a"
                    TAGREFS="LT1"
                    BASELINE="2157 2044 3542 2034" 
                    HPOS="2157"
                    VPOS="2003"
                    WIDTH="1385"
                    HEIGHT="94">
            <Shape><Polygon POINTS="2157 2081 2245 2097 2303 2076 2404 2097 2432 2081 2459 2097 2610 2074 2648 2094 2847 2094 2955 2092 2981 2071 3081 2092 3124 2071 3278 2087 3383 2069 3477 2089 3542 2066 3542 2034 3537 2029 3466 2029 3441 2011 3424 2029 3373 2029 3313 2003 3278 2019 3237 2003 3207 2024 3154 2006 2847 2006 2784 2034 2729 2019 2699 2034 2666 2016 2195 2036 2157 2044 2157 2081"/></Shape>
            <String CONTENT="ن النصف من شوال وقدم جيش
"
                    HPOS="2157"
                    VPOS="2003"
                    WIDTH="1385"
                    HEIGHT="94"
                    ></String>
          </TextLine>
          <TextLine ID="eSc_line_b11bb4b7"
                    TAGREFS="LT1"
                    BASELINE="2875 2124 3542 2124" 
                    HPOS="2875"
                    VPOS="2097"
                    WIDTH="667"
                    HEIGHT="85">
            <Shape><Polygon POINTS="2875 2124 2875 2180 2930 2162 2970 2182 2991 2162 3127 2182 3542 2167 3542 2124 3542 2119 3278 2097 3235 2119 3210 2099 3185 2114 3071 2097 2991 2119 2875 2119 2875 2124"/></Shape>
            <String CONTENT="ومف لى طبرمه وملابه جيقس"
                    HPOS="2875"
                    VPOS="2097"
                    WIDTH="667"
                    HEIGHT="85"
                    ></String>
          </TextLine>
        </TextBlock>
        <TextBlock HPOS="417"
                   VPOS="241"
                   WIDTH="1433"
                   HEIGHT="2539"
                   ID="eSc_textblock_f5abdd9c"
                   TAGREFS="BT2">
          <Shape><Polygon POINTS="1540 271 1770 241 1840 271 1814 1511 1834 1643 1850 2735 417 2780 435 241"/></Shape>
          <TextLine ID="eSc_line_5480a2a9"
                    TAGREFS="LT1"
                    BASELINE="438 344 1477 329 1659 334 1787 332" 
                    HPOS="433"
                    VPOS="299"
                    WIDTH="1352"
                    HEIGHT="98">
            <Shape><Polygon POINTS="435 342 435 397 730 392 845 370 911 385 939 370 989 392 1105 367 1334 377 1379 362 1427 385 1533 385 1785 357 1785 329 1747 324 1019 314 976 329 944 299 810 299 760 322 707 302 433 307 435 342"/></Shape>
            <String CONTENT="ب ستاف الباصرب الاأمر سيف الدين ا حد الما ليك الناصرة"
                    HPOS="433"
                    VPOS="299"
                    WIDTH="1352"
                    HEIGHT="98"
                    ></String>
          </TextLine>
          <TextLine ID="eSc_line_b0edd216"
                    TAGREFS="LT1"
                    BASELINE="473 438 1797 410" 
                    HPOS="473"
                    VPOS="385"
                    WIDTH="1324"
                    HEIGHT="100">
            <Shape><Polygon POINTS="473 473 563 485 637 465 697 483 750 463 833 480 997 460 1059 475 1077 455 1193 473 1246 453 1422 468 1550 448 1651 463 1797 440 1797 410 1747 402 1513 407 1485 390 1427 405 1364 385 1211 402 1193 387 1029 407 1014 392 843 410 775 397 720 402 699 425 652 407 624 425 508 427 473 438 473 473"/></Shape>
            <String CONTENT="بجد قلاون حكب من بلاد الفانازبك بر لفطاى مدر الططر واستتراع"
                    HPOS="473"
                    VPOS="385"
                    WIDTH="1324"
                    HEIGHT="100"
                    ></String>
          </TextLine>
          <TextLine ID="eSc_line_52f44e0b"
                    TAGREFS="LT1"
                    BASELINE="428 538 1812 500" 
                    HPOS="428"
                    VPOS="463"
                    WIDTH="1384"
                    HEIGHT="123">
            <Shape><Polygon POINTS="428 576 609 586 664 561 694 584 858 579 883 561 906 576 992 561 1160 571 1188 546 1268 566 1291 543 1563 536 1586 551 1629 533 1812 528 1812 500 1797 490 1704 463 1618 463 1586 465 1555 495 1498 468 1314 495 1263 485 1236 503 1180 475 1065 478 1019 500 974 480 929 513 856 516 803 485 752 518 596 523 576 503 465 526 428 538 428 576"/></Shape>
            <String CONTENT="السلطان سفنه الاودره وسلمه الى الامير قوصور ليربيه فبرفا فى الجده"
                    HPOS="428"
                    VPOS="463"
                    WIDTH="1384"
                    HEIGHT="123"
                    ></String>
          </TextLine>
          <TextLine ID="eSc_line_ead622a4"
                    TAGREFS="LT1"
                    BASELINE="448 629 1815 581" 
                    HPOS="448"
                    VPOS="568"
                    WIDTH="1367"
                    HEIGHT="101">
            <Shape><Polygon POINTS="448 667 712 669 742 646 823 664 888 649 944 662 971 644 989 659 1233 636 1369 646 1389 624 1583 636 1815 609 1815 581 1810 576 1523 568 1493 586 1399 568 1377 591 1311 576 1213 596 1165 576 992 584 951 604 876 586 856 609 803 591 475 621 448 629 448 667"/></Shape>
            <String CONTENT="وسعع به السكطان وبربه واقومى العرولاله والابعام عليي"
                    HPOS="448"
                    VPOS="568"
                    WIDTH="1367"
                    HEIGHT="101"
                    ></String>
          </TextLine>
          <TextLine ID="eSc_line_2f60ef70"
                    TAGREFS="LT1"
                    BASELINE="448 720 1822 669" 
                    HPOS="448"
                    VPOS="646"
                    WIDTH="1374"
                    HEIGHT="116">
            <Shape><Polygon POINTS="448 762 722 762 793 740 858 755 997 737 1200 745 1344 722 1399 737 1432 717 1553 727 1578 712 1822 704 1822 669 1820 664 1649 649 1613 667 1548 646 1437 652 1392 679 1281 682 1248 659 1065 692 1042 674 949 694 888 674 840 699 793 674 760 692 742 677 689 692 589 682 563 709 455 712 448 720 448 762"/></Shape>
            <String CONTENT="والعمر عليه كرمالب الحرم سنة بمان وبحبن وسبع بايه باء وطاع الابر سسف"
                    HPOS="448"
                    VPOS="646"
                    WIDTH="1374"
                    HEIGHT="116"
                    ></String>
          </TextLine>
          <TextLine ID="eSc_line_2177a189"
                    TAGREFS="LT1"
                    BASELINE="463 813 1825 770" 
                    HPOS="463"
                    VPOS="755"
                    WIDTH="1362"
                    HEIGHT="111">
            <Shape><Polygon POINTS="463 848 606 866 712 843 737 860 788 843 1004 853 1034 833 1082 848 1246 830 1314 843 1379 815 1422 835 1447 813 1500 825 1825 800 1825 770 1820 765 1498 755 1450 775 1422 755 1289 780 1246 762 1203 782 1163 765 1112 780 1019 767 981 790 954 772 916 793 780 775 692 800 488 805 463 813 463 848"/></Shape>
            <String CONTENT="الل ن شوخرى متوسكاء وقصار مرايوا الالوف ملات الاسوبلهم كساب"
                    HPOS="463"
                    VPOS="755"
                    WIDTH="1362"
                    HEIGHT="111"
                    ></String>
          </TextLine>
          <TextLine ID="eSc_line_2e423aed"
                    TAGREFS="LT1"
                    BASELINE="468 916 1822 860" 
                    HPOS="468"
                    VPOS="848"
                    WIDTH="1354"
                    HEIGHT="116">
            <Shape><Polygon POINTS="468 964 531 949 715 959 800 936 883 951 908 928 954 949 994 933 1195 939 1231 913 1268 936 1306 913 1558 913 1639 896 1699 918 1822 888 1822 860 1817 855 1513 848 1457 868 1425 853 1399 871 1163 863 1120 883 1062 868 1007 886 979 871 835 876 770 896 490 908 468 916 468 964"/></Shape>
            <String CONTENT="اء الألوف فلما مات الأمير بكتمر الساقي
"
                    HPOS="468"
                    VPOS="848"
                    WIDTH="1354"
                    HEIGHT="116"
                    ></String>
          </TextLine>
          <TextLine ID="eSc_line_ce9151bf"
                    TAGREFS="LT1"
                    BASELINE="463 1001 1817 964" 
                    HPOS="463"
                    VPOS="928"
                    WIDTH="1354"
                    HEIGHT="126">
            <Shape><Polygon POINTS="463 1054 533 1032 563 1052 642 1052 717 1032 740 1047 845 1044 861 1029 898 1042 921 1024 1095 1039 1389 1007 1455 1029 1495 1012 1555 1024 1588 1001 1817 996 1817 964 1790 954 1540 928 1447 946 1379 933 1349 961 1276 941 1236 969 1193 939 1087 941 1052 961 981 964 956 946 845 979 783 964 536 989 463 1001 463 1054"/></Shape>
            <String CONTENT="لم امير اسمدب مليمووا سكنه اصطيله المطلا عا بوكه الغعل فاشوى سارمه"
                    HPOS="463"
                    VPOS="928"
                    WIDTH="1354"
                    HEIGHT="126"
                    ></String>
          </TextLine>
          <TextLine ID="eSc_line_1954b74e"
                    TAGREFS="LT1"
                    BASELINE="465 1092 1830 1054" 
                    HPOS="465"
                    VPOS="1039"
                    WIDTH="1365"
                    HEIGHT="88">
            <Shape><Polygon POINTS="465 1127 908 1127 936 1110 1077 1122 1138 1102 1238 1117 1284 1097 1316 1115 1359 1097 1374 1112 1465 1112 1606 1090 1719 1105 1739 1087 1830 1082 1830 1054 1825 1049 1558 1042 1543 1057 1510 1042 1475 1054 1281 1039 1221 1064 1100 1044 1029 1047 1007 1072 883 1072 835 1052 506 1082 465 1092 465 1127"/></Shape>
            <String CONTENT="صهر المرطع سوى يبففه الاف ونوارواسه ومعهاكهمفه عسبعه"
                    HPOS="465"
                    VPOS="1039"
                    WIDTH="1365"
                    HEIGHT="88"
                    ></String>
          </TextLine>
          <TextLine ID="eSc_line_16c98e58"
                    TAGREFS="LT1"
                    BASELINE="1563 1153 1825 1153" 
                    HPOS="1563"
                    VPOS="1080"
                    WIDTH="262"
                    HEIGHT="105">
            <Shape><Polygon POINTS="1563 1183 1649 1170 1722 1185 1825 1165 1825 1153 1777 1080 1603 1132 1563 1153 1563 1183"/></Shape>
            <String CONTENT="دبارماخا"
                    HPOS="1563"
                    VPOS="1080"
                    WIDTH="262"
                    HEIGHT="105"
                    ></String>
          </TextLine>
          <TextLine ID="eSc_line_a4293da7"
                    TAGREFS="LT1"
                    BASELINE="465 1185 1510 1153" 
                    HPOS="465"
                    VPOS="1127"
                    WIDTH="1045"
                    HEIGHT="106">
            <Shape><Polygon POINTS="465 1215 538 1233 594 1210 780 1226 830 1205 1014 1210 1039 1195 1097 1215 1188 1213 1253 1193 1341 1208 1508 1183 1510 1153 1508 1147 1407 1127 1352 1153 1291 1132 1100 1135 1067 1160 949 1165 858 1142 790 1145 740 1173 473 1180 465 1185 465 1215"/></Shape>
            <String CONTENT="من ملههم مكعده وم السعم فسر بعم كتمرور ذراه سم"
                    HPOS="465"
                    VPOS="1127"
                    WIDTH="1045"
                    HEIGHT="106"
                    ></String>
          </TextLine>
          <TextLine ID="eSc_line_2a7cdc33"
                    TAGREFS="LT1"
                    BASELINE="465 1288 1834 1232" 
                    HPOS="460"
                    VPOS="1110"
                    WIDTH="1372"
                    HEIGHT="211">
            <Shape><Polygon POINTS="1817 1153 1566 1153 1558 1130 1495 1122 1490 1153 1364 1155 1286 1160 1188 1160 1145 1163 1115 1178 1100 1163 1034 1165 999 1193 893 1218 835 1203 800 1231 536 1241 511 1246 460 1248 463 1304 523 1321 964 1281 1080 1299 1110 1276 1190 1288 1301 1273 1334 1288 1558 1263 1709 1273 1737 1256 1790 1268 1832 1246 1825 1110 1820 1112 1817 1153"/></Shape>
            <String CONTENT="اوعهم محله بحث بن با كسلط ار يسي غيته بالأمير وللعو افط"
                    HPOS="460"
                    VPOS="1110"
                    WIDTH="1372"
                    HEIGHT="211"
                    ></String>
          </TextLine>
          <TextLine ID="eSc_line_49093cff"
                    TAGREFS="LT1"
                    BASELINE="461 1249 546 1242" 
                    HPOS="460"
                    VPOS="1231"
                    WIDTH="83"
                    HEIGHT="37">
            <Shape><Polygon POINTS="460 1258 488 1268 541 1251 543 1241 541 1231 465 1238 460 1248 460 1258"/></Shape>
            <String CONTENT="لسب"
                    HPOS="460"
                    VPOS="1231"
                    WIDTH="83"
                    HEIGHT="37"
                    ></String>
          </TextLine>
          <TextLine ID="eSc_line_4be37c4f"
                    TAGREFS="LT1"
                    BASELINE="488 1344 1827 1314" 
                    HPOS="488"
                    VPOS="1296"
                    WIDTH="1339"
                    HEIGHT="93">
            <Shape><Polygon POINTS="488 1389 586 1389 601 1372 626 1389 707 1389 745 1369 785 1387 891 1384 936 1364 997 1379 1301 1374 1387 1356 1482 1372 1525 1351 1553 1369 1606 1349 1734 1359 1827 1344 1827 1314 1822 1309 1578 1314 1490 1296 1374 1314 1226 1304 1208 1321 1155 1306 1047 1321 934 1309 913 1324 835 1311 818 1331 518 1336 488 1344 488 1389"/></Shape>
            <String CONTENT="عقبدح تلوه حلبخارا ومحسا معه رباله كاه سى ااف وبطار مص مه"
                    HPOS="488"
                    VPOS="1296"
                    WIDTH="1339"
                    HEIGHT="93"
                    ></String>
          </TextLine>
          <TextLine ID="eSc_line_93ac0b37"
                    TAGREFS="LT1"
                    BASELINE="480 1429 1840 1399" 
                    HPOS="480"
                    VPOS="1304"
                    WIDTH="1360"
                    HEIGHT="171">
            <Shape><Polygon POINTS="1812 1316 1787 1316 1762 1316 1737 1316 1712 1319 1686 1319 1661 1319 1636 1319 1611 1319 1586 1321 1561 1321 1535 1321 1510 1321 1485 1324 1460 1324 1435 1324 1409 1324 1384 1324 1372 1324 1314 1382 1268 1364 1180 1394 1160 1377 1065 1392 1019 1374 992 1389 964 1377 926 1402 881 1382 853 1404 735 1389 566 1412 480 1429 480 1457 523 1475 634 1457 704 1472 740 1455 777 1470 986 1452 1044 1465 1143 1447 1326 1457 1389 1434 1462 1452 1520 1434 1840 1427 1840 1399 1820 1304 1815 1304 1812 1316"/></Shape>
            <String CONTENT="وانشا جاء معاه غايه الحسن عل به ن الغل ونحماه بابه خارطا د سطر"
                    HPOS="480"
                    VPOS="1304"
                    WIDTH="1360"
                    HEIGHT="171"
                    ></String>
          </TextLine>
          <TextLine ID="eSc_line_03d2644a"
                    TAGREFS="LT1"
                    BASELINE="531 1540 1822 1475" 
                    HPOS="526"
                    VPOS="1467"
                    WIDTH="1294"
                    HEIGHT="103">
            <Shape><Polygon POINTS="528 1538 528 1570 730 1550 858 1565 976 1538 1007 1563 1052 1545 1072 1560 1324 1548 1336 1533 1372 1545 1445 1515 1525 1510 1561 1530 1679 1515 1722 1528 1820 1497 1820 1472 1817 1467 1266 1482 1173 1500 1097 1487 1059 1502 1024 1475 838 1485 770 1507 750 1490 526 1510 528 1538"/></Shape>
            <String CONTENT="اكتليح ويح بي سنه لسسع وبلامين لهم عليه اسلطان عمد سعده مان"
                    HPOS="526"
                    VPOS="1467"
                    WIDTH="1294"
                    HEIGHT="103"
                    ></String>
          </TextLine>
          <TextLine ID="eSc_line_4001a63f"
                    TAGREFS="LT1"
                    BASELINE="467 1521 595 1493" 
                    HPOS="465"
                    VPOS="1477"
                    WIDTH="129"
                    HEIGHT="63">
            <Shape><Polygon POINTS="468 1540 594 1505 594 1492 589 1482 536 1477 475 1507 465 1520 468 1540"/></Shape>
            <String CONTENT="م رهسب"
                    HPOS="465"
                    VPOS="1477"
                    WIDTH="129"
                    HEIGHT="63"
                    ></String>
          </TextLine>
          <TextLine ID="eSc_line_0407e715"
                    TAGREFS="LT1"
                    BASELINE="473 1608 1817 1580" 
                    HPOS="473"
                    VPOS="1548"
                    WIDTH="1344"
                    HEIGHT="108">
            <Shape><Polygon POINTS="473 1656 566 1633 609 1656 740 1638 755 1653 838 1653 969 1631 1054 1648 1097 1626 1150 1646 1299 1643 1329 1616 1467 1638 1508 1613 1639 1611 1681 1633 1734 1608 1817 1608 1817 1580 1810 1573 1770 1575 1722 1548 1686 1563 1445 1553 1329 1580 1289 1560 1263 1575 1180 1563 1160 1583 1130 1565 1105 1586 1032 1591 956 1563 825 1588 783 1573 747 1596 498 1601 473 1608 473 1656"/></Shape>
            <String CONTENT="رم ويامه لحين وارلعسن حتبا وسبين جحلا واسقاته من الامم"
                    HPOS="473"
                    VPOS="1548"
                    WIDTH="1344"
                    HEIGHT="108"
                    ></String>
          </TextLine>
          <TextLine ID="eSc_line_23bfdfe1"
                    TAGREFS="LT1"
                    BASELINE="478 1716 931 1691 1815 1674" 
                    HPOS="478"
                    VPOS="1653"
                    WIDTH="1337"
                    HEIGHT="99">
            <Shape><Polygon POINTS="478 1752 727 1749 785 1732 1180 1737 1223 1719 1397 1732 1427 1711 1482 1729 1503 1709 1681 1704 1709 1719 1815 1704 1815 1674 1812 1671 1618 1676 1578 1659 1540 1676 1503 1656 1427 1656 1402 1674 1367 1653 1301 1653 1183 1676 1117 1659 1070 1674 1029 1661 984 1689 881 1671 823 1699 757 1684 720 1701 528 1706 478 1716 478 1752"/></Shape>
            <String CONTENT="س بعت كعبر فهعا دم بلطه بلما دط مكه فوق بها بمع الامماالاكوب"
                    HPOS="478"
                    VPOS="1653"
                    WIDTH="1337"
                    HEIGHT="99"
                    ></String>
          </TextLine>
          <TextLine ID="eSc_line_197c5527"
                    TAGREFS="LT1"
                    BASELINE="503 1800 1830 1764" 
                    HPOS="503"
                    VPOS="1747"
                    WIDTH="1327"
                    HEIGHT="105">
            <Shape><Polygon POINTS="503 1852 735 1832 762 1847 931 1842 979 1820 1070 1840 1145 1817 1198 1835 1228 1815 1258 1835 1331 1812 1394 1825 1548 1805 1674 1822 1830 1800 1830 1764 1759 1757 1495 1764 1465 1747 1263 1747 1218 1772 1168 1749 1145 1767 1115 1752 1039 1772 992 1754 964 1779 906 1757 881 1782 694 1762 644 1787 523 1789 503 1800 503 1852"/></Shape>
            <String CONTENT="كر اميوا لف وسار وما كلى امير طملح الار كس مه ذيبار وا بعو"
                    HPOS="503"
                    VPOS="1747"
                    WIDTH="1327"
                    HEIGHT="105"
                    ></String>
          </TextLine>
          <TextLine ID="eSc_line_b32c4ffd"
                    TAGREFS="LT1"
                    BASELINE="503 1885 1820 1867" 
                    HPOS="503"
                    VPOS="1845"
                    WIDTH="1317"
                    HEIGHT="90">
            <Shape><Polygon POINTS="503 1915 601 1935 725 1915 790 1933 830 1910 1042 1930 1148 1905 1253 1928 1379 1925 1445 1900 1477 1920 1523 1900 1576 1918 1608 1900 1747 1915 1820 1895 1820 1867 1817 1862 1588 1867 1477 1845 1407 1870 1379 1847 1321 1847 1284 1870 1241 1850 1208 1870 1188 1850 1072 1850 956 1852 911 1873 876 1852 793 1878 717 1862 687 1880 503 1880 503 1885 503 1915"/></Shape>
            <String CONTENT="مث سعاد وح من يح مى لصعا الامراء وقوف بجبع المحاور من"
                    HPOS="503"
                    VPOS="1845"
                    WIDTH="1317"
                    HEIGHT="90"
                    ></String>
          </TextLine>
          <TextLine ID="eSc_line_3925ee0b"
                    TAGREFS="LT1"
                    BASELINE="480 1966 730 1981 1822 1958" 
                    HPOS="478"
                    VPOS="1923"
                    WIDTH="1344"
                    HEIGHT="111">
            <Shape><Polygon POINTS="480 1966 480 2029 677 2011 717 2034 886 2016 1022 2029 1054 2006 1135 2026 1178 2003 1238 2019 1309 2003 1331 2024 1382 2024 1553 1996 1649 2019 1719 1993 1822 1993 1822 1958 1767 1943 1629 1923 1581 1943 1533 1923 1379 1951 1238 1928 1193 1953 1153 1930 1097 1930 976 1933 926 1958 851 1940 785 1958 720 1943 478 1961 480 1966"/></Shape>
            <String CONTENT="وعاهار مكه من لاسراف والعفر اوالزبالعه ن لا بدع انه ا الا وو"
                    HPOS="478"
                    VPOS="1923"
                    WIDTH="1344"
                    HEIGHT="111"
                    ></String>
          </TextLine>
          <TextLine ID="eSc_line_316e059c"
                    TAGREFS="LT1"
                    BASELINE="488 2079 1807 2041" 
                    HPOS="488"
                    VPOS="2031"
                    WIDTH="1319"
                    HEIGHT="96">
            <Shape><Polygon POINTS="488 2112 574 2127 594 2109 659 2124 672 2109 742 2122 762 2104 999 2114 1158 2094 1190 2109 1284 2089 1352 2104 1377 2087 1525 2099 1807 2076 1807 2041 1802 2036 1279 2031 1256 2054 1012 2039 913 2064 818 2051 803 2066 687 2056 506 2074 488 2079 488 2112"/></Shape>
            <String CONTENT="ما لرمبلع مصووعه ت هذه السفعروفنيفا اف ومدر واربعبه العسه"
                    HPOS="488"
                    VPOS="2031"
                    WIDTH="1319"
                    HEIGHT="96"
                    ></String>
          </TextLine>
          <TextLine ID="eSc_line_c157d0c6"
                    TAGREFS="LT1"
                    BASELINE="458 2167 1810 2127" 
                    HPOS="458"
                    VPOS="2097"
                    WIDTH="1352"
                    HEIGHT="125">
            <Shape><Polygon POINTS="458 2222 513 2195 589 2215 644 2200 687 2217 730 2195 777 2207 808 2187 853 2212 913 2197 964 2210 1057 2190 1077 2205 1190 2202 1246 2182 1301 2200 1352 2177 1389 2195 1435 2172 1470 2195 1523 2165 1629 2162 1669 2180 1709 2160 1810 2157 1810 2127 1805 2119 1727 2097 1631 2119 1528 2104 1503 2127 1427 2107 1374 2124 1236 2112 1211 2137 1049 2117 974 2139 853 2144 823 2129 513 2157 458 2167 458 2222"/></Shape>
            <String CONTENT="اهر بضه يصعت احماف البحم من االغلول وعبرها وكان اعلفان"
                    HPOS="458"
                    VPOS="2097"
                    WIDTH="1352"
                    HEIGHT="125"
                    ></String>
          </TextLine>
          <TextLine ID="eSc_line_8469fdc3"
                    TAGREFS="LT1"
                    BASELINE="460 2250 1173 2243 1815 2207" 
                    HPOS="460"
                    VPOS="2197"
                    WIDTH="1355"
                    HEIGHT="106">
            <Shape><Polygon POINTS="460 2283 506 2303 556 2278 679 2300 934 2278 1012 2290 1047 2270 1107 2288 1238 2268 1286 2283 1414 2253 1477 2250 1515 2275 1545 2248 1623 2260 1644 2245 1815 2240 1815 2207 1810 2202 1374 2197 1324 2220 1200 2202 1070 2225 1037 2207 989 2230 931 2233 903 2212 861 2235 785 2238 767 2222 639 2220 606 2238 591 2225 460 2245 460 2250 460 2283"/></Shape>
            <String CONTENT="ويقوم العه بانه ادا فوخ من الزماله الوسه السومة بمضح بهلا الكرف"
                    HPOS="460"
                    VPOS="2197"
                    WIDTH="1355"
                    HEIGHT="106"
                    ></String>
          </TextLine>
          <TextLine ID="eSc_line_02ab1950"
                    TAGREFS="LT1"
                    BASELINE="475 2341 1012 2336 1815 2293" 
                    HPOS="475"
                    VPOS="2278"
                    WIDTH="1340"
                    HEIGHT="128">
            <Shape><Polygon POINTS="1800 2288 1528 2298 1498 2278 1475 2300 1397 2303 1359 2283 1304 2306 1236 2288 1125 2295 1087 2316 979 2298 913 2323 853 2303 727 2313 710 2331 480 2336 475 2341 478 2391 538 2406 594 2379 631 2401 750 2384 815 2394 868 2374 1110 2384 1178 2361 1289 2376 1324 2343 1372 2341 1404 2366 1437 2338 1639 2331 1669 2346 1691 2328 1815 2323 1815 2293 1800 2288"/></Shape>
            <String CONTENT="للصف اك الامع بكون السلعلان وامه تكتب لى اللا مير شطى"
                    HPOS="475"
                    VPOS="2278"
                    WIDTH="1340"
                    HEIGHT="128"
                    ></String>
          </TextLine>
          <TextLine ID="eSc_line_c58dcf61"
                    TAGREFS="LT1"
                    BASELINE="483 2436 1034 2426 1792 2381" 
                    HPOS="480"
                    VPOS="2371"
                    WIDTH="1312"
                    HEIGHT="116">
            <Shape><Polygon POINTS="483 2436 483 2469 619 2469 642 2487 679 2462 735 2482 815 2479 835 2462 858 2477 893 2462 1092 2467 1155 2441 1248 2459 1482 2424 1530 2444 1649 2416 1757 2436 1792 2411 1792 2381 1790 2379 1634 2386 1583 2371 1515 2389 1490 2374 1435 2391 1367 2376 1289 2381 1253 2404 1200 2386 1173 2401 1090 2389 1032 2414 979 2394 924 2396 908 2414 853 2401 810 2424 757 2404 682 2429 480 2431 483 2436"/></Shape>
            <String CONTENT="فن لصم به فسعا رمول لوسه ح الكرب فا داسطح فى ابطار"
                    HPOS="480"
                    VPOS="2371"
                    WIDTH="1312"
                    HEIGHT="116"
                    ></String>
          </TextLine>
          <TextLine ID="eSc_line_e82d747b"
                    TAGREFS="LT1"
                    BASELINE="473 2520 1049 2512 1505 2477 1807 2467" 
                    HPOS="473"
                    VPOS="2409"
                    WIDTH="1334"
                    HEIGHT="163">
            <Shape><Polygon POINTS="946 2429 921 2429 896 2429 871 2431 845 2431 820 2431 818 2434 813 2431 795 2431 770 2431 745 2434 720 2434 694 2434 669 2434 644 2434 619 2434 594 2436 569 2436 543 2436 518 2436 493 2436 488 2409 483 2411 473 2520 473 2560 543 2547 715 2572 936 2565 979 2545 1014 2562 1286 2552 1321 2522 1525 2530 1588 2509 1807 2502 1807 2467 1805 2462 1691 2457 1566 2424 1533 2462 1508 2436 1455 2469 1412 2447 1324 2459 1301 2444 1271 2477 1236 2462 1165 2484 1014 2489 949 2429 946 2429"/></Shape>
            <String CONTENT="ومعه بحواريج به فارس فخبار منه وخلف ن يلونقد ليا ارن يقيضه"
                    HPOS="473"
                    VPOS="2409"
                    WIDTH="1334"
                    HEIGHT="163"
                    ></String>
          </TextLine>
          <TextLine ID="eSc_line_79dc290a"
                    TAGREFS="LT1"
                    BASELINE="498 2605 1168 2595 1812 2545" 
                    HPOS="498"
                    VPOS="2537"
                    WIDTH="1314"
                    HEIGHT="118">
            <Shape><Polygon POINTS="498 2640 649 2635 694 2655 881 2633 941 2645 1208 2620 1274 2630 1301 2613 1387 2625 1442 2603 1523 2618 1563 2593 1608 2615 1651 2613 1671 2590 1812 2582 1812 2545 1810 2542 1674 2552 1651 2537 1601 2560 1550 2540 1470 2562 1384 2547 1291 2552 1246 2575 1193 2577 1163 2557 1102 2582 999 2572 984 2587 868 2593 828 2572 689 2580 669 2600 498 2600 498 2605 498 2640"/></Shape>
            <String CONTENT="الزاصل اللمك وركب لبلاى بفايه وبرم بفيه مما ابكه مع صلبه"
                    HPOS="498"
                    VPOS="2537"
                    WIDTH="1314"
                    HEIGHT="118"
                    ></String>
          </TextLine>
          <TextLine ID="eSc_line_d640eb77"
                    TAGREFS="LT1"
                    BASELINE="506 2686 1165 2676 1807 2640" 
                    HPOS="506"
                    VPOS="2630"
                    WIDTH="1301"
                    HEIGHT="119">
            <Shape><Polygon POINTS="1805 2635 1520 2648 1495 2630 1374 2653 1231 2638 1155 2660 1127 2643 1102 2658 1032 2645 1009 2666 866 2650 808 2668 770 2655 747 2673 511 2681 506 2686 508 2739 871 2749 992 2721 1075 2741 1120 2711 1158 2739 1294 2734 1326 2708 1359 2723 1452 2698 1593 2723 1618 2693 1807 2688 1807 2640 1805 2635"/></Shape>
            <String CONTENT="ردفعا طعب ابله وقدم مها ان السلطان وقال له ان اردب مس"
                    HPOS="506"
                    VPOS="2630"
                    WIDTH="1301"
                    HEIGHT="119"
                    ></String>
          </TextLine>
        </TextBlock>
        <TextBlock HPOS="1847"
                   VPOS="1276"
                   WIDTH="105"
                   HEIGHT="478"
                   ID="eSc_textblock_e6417fff"
                   TAGREFS="BT1063">
          <Shape><Polygon POINTS="1925 1276 1930 1526 1952 1651 1925 1754 1847 1754 1847 1276"/></Shape>
          <TextLine ID="eSc_line_f039398a"
                    TAGREFS="LT222"
                    BASELINE="1906 1739 1875 1326" 
                    HPOS="1848"
                    VPOS="1321"
                    WIDTH="90"
                    HEIGHT="416">
            <Shape><Polygon POINTS="1850 1324 1865 1487 1848 1580 1855 1706 1905 1737 1938 1732 1908 1321 1873 1324 1850 1324"/></Shape>
            <String CONTENT="في سنعه سبع وبلا شم"
                    HPOS="1848"
                    VPOS="1321"
                    WIDTH="90"
                    HEIGHT="416"
                    ></String>
          </TextLine>
        </TextBlock>
      </PrintSpace>
    </Page>
  </Layout>
</alto>
