<?xml version="1.0" encoding="UTF-8"?>
<alto xmlns:xsi="http://www.w3.org/2001/XMLSchema-instance"
      xmlns="http://www.loc.gov/standards/alto/ns-v4#"
      xsi:schemaLocation="http://www.loc.gov/standards/alto/ns-v4# http://www.loc.gov/standards/alto/v4/alto-4-2.xsd">
  <Description>
    <MeasurementUnit>pixel</MeasurementUnit>
    <sourceImageInformation>
      <fileName>Muqaffa-or14533-3.pdf_page_72.png</fileName>
      <fileIdentifier>pdf//Muqaffa-or14533-3.pdf</fileIdentifier>
    </sourceImageInformation>
  </Description>
  <Tags>
    <OtherTag ID="BT1094" LABEL="text" DESCRIPTION="block type text"/><OtherTag ID="BT1066" LABEL="Chancery_Material" DESCRIPTION="block type Chancery_Material"/><OtherTag ID="BT1065" LABEL="Flyleaf" DESCRIPTION="block type Flyleaf"/><OtherTag ID="BT1064" LABEL="default" DESCRIPTION="block type default"/><OtherTag ID="BT1063" LABEL="Marginal_Material" DESCRIPTION="block type Marginal_Material"/><OtherTag ID="BT1062" LABEL="Catchword" DESCRIPTION="block type Catchword"/><OtherTag ID="BT4" LABEL="Illustration" DESCRIPTION="block type Illustration"/><OtherTag ID="BT3" LABEL="Commentary" DESCRIPTION="block type Commentary"/><OtherTag ID="BT2" LABEL="Main" DESCRIPTION="block type Main"/><OtherTag ID="BT1" LABEL="Title" DESCRIPTION="block type Title"/>
    <OtherTag ID="LT1" LABEL="Main" DESCRIPTION="line type Main"/><OtherTag ID="LT219" LABEL="default" DESCRIPTION="line type default"/><OtherTag ID="LT220" LABEL="Main-90" DESCRIPTION="line type Main-90"/><OtherTag ID="LT221" LABEL="Main-180" DESCRIPTION="line type Main-180"/><OtherTag ID="LT222" LABEL="Main-270" DESCRIPTION="line type Main-270"/>
  </Tags>
  <Layout>
    <Page WIDTH="3991"
          HEIGHT="3021"
          PHYSICAL_IMG_NR="268"
          ID="eSc_dummypage_">
      <PrintSpace HPOS="0"
                  VPOS="0"
                  WIDTH="3991"
                  HEIGHT="3021">
        <TextBlock HPOS="2082"
                   VPOS="281"
                   WIDTH="1475"
                   HEIGHT="2324"
                   ID="eSc_textblock_efda59bd"
                   TAGREFS="BT2">
          <Shape><Polygon POINTS="3537 302 3557 1618 3507 2605 2112 2595 2082 1601 2152 1145 2132 594 2173 332 2331 281"/></Shape>
          <TextLine ID="eSc_line_51db1eb3"
                    TAGREFS="LT1"
                    BASELINE="2213 352 3487 334" 
                    HPOS="2210"
                    VPOS="299"
                    WIDTH="1277"
                    HEIGHT="103">
            <Shape><Polygon POINTS="2210 314 2213 352 2213 400 2349 402 2424 382 2452 400 2563 385 2608 397 2636 377 2666 397 2787 395 2807 377 2862 395 2966 372 3039 392 3167 387 3195 370 3346 387 3487 365 3487 334 3484 299 2225 309 2210 314"/></Shape>
            <String CONTENT="يقولان له ما هو فيه من المرض والعجز عن الحركة وأن الإقطاع الذي "
                    HPOS="2210"
                    VPOS="299"
                    WIDTH="1277"
                    HEIGHT="103"
                    ></String>
          </TextLine>
          <TextLine ID="eSc_line_436deb79"
                    TAGREFS="LT1"
                    BASELINE="2195 440 3497 425" 
                    HPOS="2195"
                    VPOS="400"
                    WIDTH="1302"
                    HEIGHT="88">
            <Shape><Polygon POINTS="2195 480 2261 470 2361 488 2507 468 2533 485 2616 485 2686 465 2794 483 2880 463 3054 480 3099 460 3255 478 3497 455 3497 425 3492 420 3298 420 3240 402 3223 420 3162 400 3132 422 2958 402 2915 425 2870 402 2840 427 2694 427 2626 405 2608 420 2449 407 2419 430 2218 433 2195 440 2195 480"/></Shape>
            <String CONTENT="باسمه
يستكثر عليه ويعرضان له بتركه فقال لهما أنا أرجو أن يمن "
                    HPOS="2195"
                    VPOS="400"
                    WIDTH="1302"
                    HEIGHT="88"
                    ></String>
          </TextLine>
          <TextLine ID="eSc_line_3e7ded7e"
                    TAGREFS="LT1"
                    BASELINE="2203 526 3512 513" 
                    HPOS="2203"
                    VPOS="490"
                    WIDTH="1309"
                    HEIGHT="81">
            <Shape><Polygon POINTS="2203 571 2271 553 2422 568 2465 551 2724 566 2852 563 2870 548 2938 563 3079 546 3195 561 3217 546 3288 558 3510 543 3512 513 3507 508 3245 511 3185 490 3155 511 3049 511 3019 490 2981 513 2958 490 2867 490 2832 513 2550 493 2460 518 2419 495 2356 495 2218 518 2203 526 2203 571"/></Shape>
            <String CONTENT="الله بالعافية
وأن أموت على ظهر 
 فرسي مجاهدا في سبيل الله
 فذكرا "
                    HPOS="2203"
                    VPOS="490"
                    WIDTH="1309"
                    HEIGHT="81"
                    ></String>
          </TextLine>
          <TextLine ID="eSc_line_90d670eb"
                    TAGREFS="LT1"
                    BASELINE="2180 606 3522 599" 
                    HPOS="2180"
                    VPOS="563"
                    WIDTH="1342"
                    HEIGHT="86">
            <Shape><Polygon POINTS="2180 634 2210 649 2253 634 2366 649 2452 634 2530 649 2555 634 2596 649 2616 634 2925 646 2961 631 3001 646 3034 631 3144 644 3200 629 3240 644 3296 629 3353 644 3369 629 3462 641 3522 626 3522 599 3472 584 3301 563 3248 584 3207 563 3122 563 3069 586 2742 566 2684 586 2633 566 2505 581 2314 571 2235 589 2180 606 2180 634"/></Shape>
            <String CONTENT="له ما يتخوفا ن ه بعد وفاته من كثرة المغرم للديوان فلم يعبأ
بكلامهما وهما "
                    HPOS="2180"
                    VPOS="563"
                    WIDTH="1342"
                    HEIGHT="86"
                    ></String>
          </TextLine>
          <TextLine ID="eSc_line_3d5e331b"
                    TAGREFS="LT1"
                    BASELINE="2190 694 3517 682" 
                    HPOS="2190"
                    VPOS="662"
                    WIDTH="1327"
                    HEIGHT="73">
            <Shape><Polygon POINTS="2190 727 2719 735 2935 717 2983 732 3003 714 3099 730 3190 714 3243 730 3258 712 3391 727 3515 712 3517 682 3515 677 3170 662 3132 682 3092 667 3076 682 2893 682 2719 664 2588 687 2517 667 2497 687 2444 672 2424 687 2190 689 2190 694 2190 727"/></Shape>
            <String CONTENT="في ذلك إذ قدم الأميران بالمسموح فخرجا إليهما وقالا لهما
لا تطيلا في "
                    HPOS="2190"
                    VPOS="662"
                    WIDTH="1327"
                    HEIGHT="73"
                    ></String>
          </TextLine>
          <TextLine ID="eSc_line_da88dc60"
                    TAGREFS="LT1"
                    BASELINE="2162 777 3517 767" 
                    HPOS="2162"
                    VPOS="740"
                    WIDTH="1355"
                    HEIGHT="73">
            <Shape><Polygon POINTS="2162 813 3517 810 3517 767 3507 760 3416 760 3389 740 3364 760 3275 760 3255 740 3182 740 3061 762 3001 742 2867 742 2774 765 2565 745 2485 767 2235 767 2162 777 2162 813"/></Shape>
            <String CONTENT="الحديث معه فإنه قد تغير عقله واختلط
 فصدقاهما فيما قالا ودخلا عليه "
                    HPOS="2162"
                    VPOS="740"
                    WIDTH="1355"
                    HEIGHT="73"
                    ></String>
          </TextLine>
          <TextLine ID="eSc_line_1033a1a8"
                    TAGREFS="LT1"
                    BASELINE="2183 868 3522 860" 
                    HPOS="2183"
                    VPOS="833"
                    WIDTH="1339"
                    HEIGHT="80">
            <Shape><Polygon POINTS="2183 898 2276 908 2331 893 2402 913 2455 893 2492 913 2626 913 3074 888 3109 906 3258 888 3283 906 3338 888 3391 908 3520 888 3522 860 3482 853 3192 853 3139 833 3109 853 3074 833 3003 853 2971 835 2938 855 2867 835 2744 855 2653 835 2603 853 2505 838 2429 858 2409 838 2339 838 2321 855 2213 858 2183 868 2183 898"/></Shape>
            <String CONTENT="وعرفاه ما قال ولده عنه للسلطان بحضرة
الأمراء وأنه يسلم عليه وقد "
                    HPOS="2183"
                    VPOS="833"
                    WIDTH="1339"
                    HEIGHT="80"
                    ></String>
          </TextLine>
          <TextLine ID="eSc_line_2a0751f7"
                    TAGREFS="LT1"
                    BASELINE="2180 956 3527 944" 
                    HPOS="2180"
                    VPOS="913"
                    WIDTH="1347"
                    HEIGHT="99">
            <Shape><Polygon POINTS="2180 991 2361 1012 2409 996 2482 1009 2510 991 2716 1009 2779 984 2827 1007 2867 986 2900 1007 2988 981 3079 1004 3112 984 3278 1001 3308 979 3411 979 3477 1001 3525 979 3527 944 3507 936 3331 931 3285 913 3238 939 3197 916 2986 916 2923 918 2900 939 2855 918 2754 918 2714 944 2482 944 2460 921 2437 946 2407 923 2354 946 2296 926 2223 941 2180 956 2180 991"/></Shape>
            <String CONTENT="أجاب سؤاله وأخرج الإقطاع وكتب المسموح
وأخرجاه إليه ثم بلغاه "
                    HPOS="2180"
                    VPOS="913"
                    WIDTH="1347"
                    HEIGHT="99"
                    ></String>
          </TextLine>
          <TextLine ID="eSc_line_3cd223dc"
                    TAGREFS="LT1"
                    BASELINE="2203 1052 3520 1039" 
                    HPOS="2203"
                    VPOS="1014"
                    WIDTH="1317"
                    HEIGHT="83">
            <Shape><Polygon POINTS="2203 1097 2271 1080 2439 1080 2465 1097 2497 1077 2583 1095 2613 1080 2664 1095 2958 1092 3026 1072 3056 1090 3107 1072 3454 1087 3520 1067 3520 1039 3515 1034 3228 1017 3177 1037 3144 1014 3019 1014 2794 1017 2724 1042 2679 1022 2631 1039 2560 1019 2457 1044 2233 1044 2203 1052 2203 1097"/></Shape>
            <String CONTENT="سلام الأمراء عليه وأنهم يقولون له لو لم تبعث
ولدك بهذا ما أخرج "
                    HPOS="2203"
                    VPOS="1014"
                    WIDTH="1317"
                    HEIGHT="83"
                    ></String>
          </TextLine>
          <TextLine ID="eSc_line_5c523d7a"
                    TAGREFS="LT1"
                    BASELINE="2213 1132 3527 1127" 
                    HPOS="2213"
                    VPOS="1102"
                    WIDTH="1314"
                    HEIGHT="78">
            <Shape><Polygon POINTS="2213 1175 2653 1163 2867 1180 3061 1160 3099 1178 3283 1160 3328 1178 3374 1160 3439 1178 3525 1160 3527 1127 3484 1120 2933 1102 2895 1120 2827 1105 2701 1122 2671 1105 2585 1120 2570 1105 2389 1105 2369 1122 2248 1122 2213 1132 2213 1175"/></Shape>
            <String CONTENT="الإقطاع عنك بوجه من الوجوه وأنه قد رتب لك في كل شهر
خمسة "
                    HPOS="2213"
                    VPOS="1102"
                    WIDTH="1314"
                    HEIGHT="78"
                    ></String>
          </TextLine>
          <TextLine ID="eSc_line_d46f4518"
                    TAGREFS="LT1"
                    BASELINE="2210 1223 3522 1208" 
                    HPOS="2210"
                    VPOS="1185"
                    WIDTH="1312"
                    HEIGHT="83">
            <Shape><Polygon POINTS="2210 1268 2251 1251 2281 1266 2303 1251 2429 1251 2452 1268 2550 1268 2606 1248 2734 1266 2767 1246 2862 1261 2895 1243 2981 1263 3054 1243 3074 1261 3129 1241 3162 1261 3379 1241 3482 1258 3520 1238 3522 1208 3520 1203 3099 1185 3066 1210 3029 1188 2948 1188 2925 1210 2817 1193 2696 1213 2598 1193 2210 1218 2210 1223 2210 1268"/></Shape>
            <String CONTENT="آلاف درهم
 فلما بلغاه هذا اشتد غضبه وقال قطع السلطان "
                    HPOS="2210"
                    VPOS="1185"
                    WIDTH="1312"
                    HEIGHT="83"
                    ></String>
          </TextLine>
          <TextLine ID="eSc_line_11443a4a"
                    TAGREFS="LT1"
                    BASELINE="2167 1299 2340 1330 2661 1314 3522 1314" 
                    HPOS="2162"
                    VPOS="1268"
                    WIDTH="1358"
                    HEIGHT="96">
            <Shape><Polygon POINTS="2162 1351 2543 1364 2658 1344 2837 1364 2865 1344 2981 1361 3039 1344 3079 1364 3162 1344 3182 1364 3321 1349 3429 1364 3517 1344 3520 1311 3499 1299 3429 1299 3369 1268 3240 1299 3142 1268 3074 1268 3051 1288 3019 1268 2988 1299 2928 1268 2847 1273 2825 1293 2779 1271 2734 1291 2709 1268 2669 1268 2568 1296 2525 1268 2487 1299 2432 1276 2366 1299 2165 1296 2162 1351"/></Shape>
            <String CONTENT="خبزي
 قالا نعم وأعادا عليه ما قاله ولده
 فالتفت إليه وقال أنت سألت في "
                    HPOS="2162"
                    VPOS="1268"
                    WIDTH="1358"
                    HEIGHT="96"
                    ></String>
          </TextLine>
          <TextLine ID="eSc_line_0679de33"
                    TAGREFS="LT1"
                    BASELINE="2165 1412 3530 1404" 
                    HPOS="2165"
                    VPOS="1364"
                    WIDTH="1365"
                    HEIGHT="101">
            <Shape><Polygon POINTS="2165 1465 2273 1442 2334 1462 2409 1462 2437 1445 2550 1462 2686 1440 2933 1460 3074 1437 3107 1457 3167 1437 3233 1437 3263 1457 3527 1437 3530 1404 3512 1392 3419 1364 3389 1382 3331 1367 3303 1382 3280 1364 3250 1392 3124 1392 3084 1364 3061 1384 2973 1369 2941 1394 2883 1367 2840 1384 2799 1367 2616 1367 2535 1394 2467 1369 2439 1394 2422 1379 2389 1397 2341 1372 2301 1397 2213 1397 2165 1412 2165 1465"/></Shape>
            <String CONTENT="ذلك
 قال نعم
 فسبه وقال للأميرين قولا للسلطان والأمراء ما كنت "
                    HPOS="2165"
                    VPOS="1364"
                    WIDTH="1365"
                    HEIGHT="101"
                    ></String>
          </TextLine>
          <TextLine ID="eSc_line_1ee7365b"
                    TAGREFS="LT1"
                    BASELINE="2177 1515 3522 1495" 
                    HPOS="2175"
                    VPOS="1470"
                    WIDTH="1345"
                    HEIGHT="88">
            <Shape><Polygon POINTS="2175 1548 2676 1558 2852 1535 2953 1553 3016 1533 3034 1550 3175 1535 3228 1548 3245 1530 3348 1548 3520 1525 3520 1492 3515 1487 3235 1472 3210 1490 3119 1492 3097 1470 3014 1470 2905 1472 2842 1497 2726 1475 2701 1495 2653 1480 2628 1500 2550 1477 2530 1492 2205 1505 2175 1513 2175 1548"/></Shape>
            <String CONTENT="أستحق أن يقطع خبزي
قبل الموت وهم يعرفون ما فعلته معهم وكان أملي "
                    HPOS="2175"
                    VPOS="1470"
                    WIDTH="1345"
                    HEIGHT="88"
                    ></String>
          </TextLine>
          <TextLine ID="eSc_line_71c401c8"
                    TAGREFS="LT1"
                    BASELINE="2144 1563 2273 1631 3537 1586" 
                    HPOS="2142"
                    VPOS="1538"
                    WIDTH="1393"
                    HEIGHT="128">
            <Shape><Polygon POINTS="3457 1560 3353 1563 3248 1538 3200 1568 3094 1540 3049 1563 3019 1543 2963 1575 2893 1550 2822 1580 2737 1583 2664 1553 2575 1563 2543 1588 2437 1580 2409 1560 2306 1580 2147 1568 2142 1560 2145 1648 2205 1646 2228 1666 2301 1664 2324 1641 2364 1661 2404 1638 2528 1636 2570 1656 2606 1633 2656 1653 2676 1633 2724 1643 2744 1628 2825 1646 2862 1626 2920 1643 2953 1623 3071 1641 3172 1623 3258 1636 3293 1618 3333 1633 3512 1628 3532 1613 3535 1583 3457 1560"/></Shape>
            <String CONTENT="أن أموت في الجهاد ولذلك
كنت أخرج كل سنة إلى الغزو في سبيل الله فلم يقدر "
                    HPOS="2142"
                    VPOS="1538"
                    WIDTH="1393"
                    HEIGHT="128"
                    ></String>
          </TextLine>
          <TextLine ID="eSc_line_469803b5"
                    TAGREFS="LT1"
                    BASELINE="2158 1668 2306 1714 3525 1686" 
                    HPOS="2157"
                    VPOS="1648"
                    WIDTH="1365"
                    HEIGHT="99">
            <Shape><Polygon POINTS="2157 1739 2271 1747 2321 1729 2379 1747 2523 1727 2580 1744 2724 1721 2865 1739 2923 1719 2986 1737 3175 1732 3197 1714 3258 1732 3429 1729 3520 1709 3522 1684 3426 1671 3268 1659 3187 1674 3149 1648 3104 1676 3016 1676 2953 1648 2862 1648 2807 1669 2779 1651 2661 1653 2643 1671 2585 1653 2550 1686 2387 1664 2314 1689 2296 1671 2220 1681 2157 1661 2157 1666 2157 1739"/></Shape>
            <String CONTENT="الله ذلك
 ثم استدار بوجهه إلى الحائط فقاموا عنه
 فتمادى مرضه إلى "
                    HPOS="2157"
                    VPOS="1648"
                    WIDTH="1365"
                    HEIGHT="99"
                    ></String>
          </TextLine>
          <TextLine ID="eSc_line_cecd1644"
                    TAGREFS="LT1"
                    BASELINE="2188 1770 2250 1796 2827 1774" 
                    HPOS="2140"
                    VPOS="1739"
                    WIDTH="685"
                    HEIGHT="101">
            <Shape><Polygon POINTS="2276 1810 2366 1820 2505 1802 2535 1825 2606 1825 2633 1802 2658 1822 2825 1815 2825 1772 2822 1769 2777 1739 2664 1742 2621 1744 2570 1779 2517 1757 2482 1772 2427 1757 2371 1782 2356 1769 2321 1789 2193 1794 2140 1815 2140 1840"/></Shape>
            <String CONTENT="أن مات في يوم ربيع الآخر سنة ست وسبعمائة "
                    HPOS="2140"
                    VPOS="1739"
                    WIDTH="685"
                    HEIGHT="101"
                    ></String>
          </TextLine>
          <TextLine ID="eSc_line_fe9fc3de"
                    TAGREFS="LT220"
                    BASELINE="2120 1506 2126 1745 2153 1779" 
                    HPOS="2084"
                    VPOS="1505"
                    WIDTH="81"
                    HEIGHT="272">
            <Shape><Polygon POINTS="2084 1648 2112 1777 2152 1777 2165 1774 2150 1737 2162 1664 2145 1638 2157 1583 2140 1505 2117 1505 2084 1505"/></Shape>
            <String CONTENT="عن
ثمانين س"
                    HPOS="2084"
                    VPOS="1505"
                    WIDTH="81"
                    HEIGHT="272"
                    ></String>
          </TextLine>
          <TextLine ID="eSc_line_675a4e6b"
                    TAGREFS="LT1"
                    BASELINE="3215 1777 3512 1782" 
                    HPOS="3212"
                    VPOS="1744"
                    WIDTH="300"
                    HEIGHT="78">
            <Shape><Polygon POINTS="3212 1807 3228 1822 3283 1805 3510 1820 3512 1782 3487 1769 3338 1744 3233 1767 3215 1777 3212 1807"/></Shape>
            <String CONTENT="نة
 "
                    HPOS="3212"
                    VPOS="1744"
                    WIDTH="300"
                    HEIGHT="78"
                    ></String>
          </TextLine>
          <TextLine ID="eSc_line_601ce80e"
                    TAGREFS="LT1"
                    BASELINE="2166 1792 2271 1882 2920 1857 3512 1867" 
                    HPOS="2162"
                    VPOS="1782"
                    WIDTH="1348"
                    HEIGHT="128">
            <Shape><Polygon POINTS="2162 1905 2203 1893 2276 1908 2540 1888 2752 1910 2784 1890 2855 1905 2893 1890 2923 1910 2983 1890 3069 1910 3243 1910 3313 1890 3507 1910 3510 1865 3507 1782 3029 1782 2988 1822 2961 1807 2910 1835 2784 1835 2762 1820 2674 1835 2646 1820 2565 1835 2540 1817 2477 1832 2449 1812 2374 1832 2329 1817 2230 1832 2165 1792 2165 1789 2162 1905"/></Shape>
            <String CONTENT="وكان كثير الصدقة خيرا وافر الحرمة في كل دولة فارسا شجاعا له مقامات
"
                    HPOS="2162"
                    VPOS="1782"
                    WIDTH="1348"
                    HEIGHT="128"
                    ></String>
          </TextLine>
          <TextLine ID="eSc_line_655a65aa"
                    TAGREFS="LT1"
                    BASELINE="2165 1953 2535 1940 3510 1946" 
                    HPOS="2162"
                    VPOS="1880"
                    WIDTH="1348"
                    HEIGHT="113">
            <Shape><Polygon POINTS="2162 1988 2346 1993 2382 1973 2427 1993 2477 1971 2883 1988 2958 1971 2988 1988 3069 1976 3089 1993 3243 1993 3260 1978 3419 1993 3507 1971 3510 1946 3391 1880 3064 1898 2998 1885 2946 1930 2890 1888 2827 1928 2782 1910 2762 1930 2694 1935 2613 1920 2364 1935 2165 1953 2162 1988"/></Shape>
            <String CONTENT="مشهورة في الحرب ورأى من الحظ شيئا طائلا في مدة طويلة ولم ينكب "
                    HPOS="2162"
                    VPOS="1880"
                    WIDTH="1348"
                    HEIGHT="113"
                    ></String>
          </TextLine>
          <TextLine ID="eSc_line_35cd4a26"
                    TAGREFS="LT1"
                    BASELINE="2160 2024 3510 2031" 
                    HPOS="2157"
                    VPOS="1996"
                    WIDTH="1353"
                    HEIGHT="88">
            <Shape><Polygon POINTS="2157 2071 2558 2059 2621 2061 2648 2081 2694 2061 2943 2081 3051 2061 3089 2084 3132 2064 3273 2064 3316 2084 3348 2066 3379 2079 3507 2064 3510 2031 3489 2024 3379 2024 3348 2006 3235 2021 3207 1998 3114 2021 3036 1996 2815 1996 2784 2014 2721 1996 2686 2021 2651 2003 2616 2021 2575 2001 2540 2019 2520 1998 2492 2019 2162 2019 2160 2024 2157 2071"/></Shape>
            <String CONTENT="قط وقل
سنة لا يخرج فيها إلى الغزاة
 وكان يبعث النفقة لمن يخرج معه "
                    HPOS="2157"
                    VPOS="1996"
                    WIDTH="1353"
                    HEIGHT="88"
                    ></String>
          </TextLine>
          <TextLine ID="eSc_line_e5f76647"
                    TAGREFS="LT1"
                    BASELINE="2141 2138 2689 2117 3510 2119" 
                    HPOS="2140"
                    VPOS="2081"
                    WIDTH="1367"
                    HEIGHT="94">
            <Shape><Polygon POINTS="2140 2175 2341 2157 2361 2175 2409 2157 2462 2170 2492 2152 2628 2167 2646 2149 2762 2149 2817 2170 2880 2152 3021 2167 3044 2147 3147 2144 3230 2165 3507 2154 3507 2117 3502 2109 3454 2081 3409 2109 3374 2081 3258 2084 3177 2112 3082 2084 2799 2089 2777 2112 2754 2089 2709 2089 2593 2097 2570 2119 2515 2104 2266 2122 2140 2137 2140 2175"/></Shape>
            <String CONTENT="من الأمراء والمقدمين ويعمهم بالشعير
والأغنام واقتنى ا"
                    HPOS="2140"
                    VPOS="2081"
                    WIDTH="1367"
                    HEIGHT="94"
                    ></String>
          </TextLine>
          <TextLine ID="eSc_line_2a57fce2"
                    TAGREFS="LT1"
                    BASELINE="2150 2217 3512 2212" 
                    HPOS="2150"
                    VPOS="2172"
                    WIDTH="1362"
                    HEIGHT="88">
            <Shape><Polygon POINTS="2150 2260 2243 2243 2258 2258 2505 2258 2570 2238 2608 2258 2696 2238 2827 2250 2915 2235 2935 2255 3034 2235 3278 2255 3510 2243 3512 2212 3507 2207 3414 2190 3346 2207 3308 2172 3034 2172 2930 2202 2827 2172 2772 2210 2716 2177 2653 2177 2623 2195 2601 2185 2575 2210 2560 2195 2525 2210 2185 2210 2150 2217 2150 2260"/></Shape>
            <String CONTENT="النافعه وكانت اخبازهم من عشرين الف درهم فى السنه الى عشره الاف"
                    HPOS="2150"
                    VPOS="2172"
                    WIDTH="1362"
                    HEIGHT="88"
                    ></String>
          </TextLine>
          <TextLine ID="eSc_line_39aefda0"
                    TAGREFS="LT1"
                    BASELINE="2135 2311 3505 2293" 
                    HPOS="2135"
                    VPOS="2255"
                    WIDTH="1370"
                    HEIGHT="101">
            <Shape><Polygon POINTS="2135 2341 2324 2356 2525 2333 2671 2351 2704 2333 2762 2348 2782 2331 2908 2348 2943 2328 3306 2343 3477 2341 3502 2326 3505 2293 3494 2283 3452 2283 3419 2258 3358 2275 3303 2255 3152 2258 3132 2278 3061 2288 3016 2270 2946 2283 2910 2260 2764 2263 2737 2290 2638 2270 2560 2293 2243 2298 2135 2311 2135 2341"/></Shape>
            <String CONTENT="وهي أقلها وكان يكره من يتحدث عنه في أمر
المملكة ومتعلقاتها وكان "
                    HPOS="2135"
                    VPOS="2255"
                    WIDTH="1370"
                    HEIGHT="101"
                    ></String>
          </TextLine>
          <TextLine ID="eSc_line_f684351f"
                    TAGREFS="LT1"
                    BASELINE="2115 2386 3505 2396" 
                    HPOS="2112"
                    VPOS="2348"
                    WIDTH="1393"
                    HEIGHT="96">
            <Shape><Polygon POINTS="2112 2419 2185 2436 2392 2436 2419 2421 2465 2439 2643 2439 2661 2421 2757 2421 2772 2436 2998 2424 3046 2441 3144 2424 3165 2444 3260 2426 3348 2426 3366 2444 3502 2429 3505 2396 3492 2384 3439 2353 3348 2356 3268 2384 3202 2379 3172 2356 3109 2376 3069 2351 2976 2351 2948 2376 2903 2351 2870 2368 2805 2348 2719 2374 2676 2348 2616 2348 2568 2368 2528 2353 2490 2379 2399 2363 2190 2376 2115 2386 2112 2419"/></Shape>
            <String CONTENT="الملك المنصور قلاوون يبالغ في تعظيمه بحيث قال
لنائبه الأمير طرنطاي "
                    HPOS="2112"
                    VPOS="2348"
                    WIDTH="1393"
                    HEIGHT="96"
                    ></String>
          </TextLine>
          <TextLine ID="eSc_line_719078da"
                    TAGREFS="LT1"
                    BASELINE="2147 2477 3489 2484" 
                    HPOS="2145"
                    VPOS="2449"
                    WIDTH="1344"
                    HEIGHT="86">
            <Shape><Polygon POINTS="2145 2522 2298 2530 2334 2514 2371 2530 2422 2514 2480 2530 2520 2507 2593 2507 2648 2532 2747 2509 2807 2530 2832 2509 2963 2509 3235 2535 3336 2512 3414 2535 3487 2512 3489 2484 3454 2477 3084 2477 3061 2454 3019 2452 2857 2452 2832 2472 2812 2452 2757 2452 2724 2474 2648 2474 2593 2449 2530 2449 2507 2472 2455 2457 2424 2472 2150 2472 2147 2477 2145 2522"/></Shape>
            <String CONTENT="ما بقي في الأمراء غير أمير سلاح إذا قلت فارس الجبل
ما يرد وجهه "
                    HPOS="2145"
                    VPOS="2449"
                    WIDTH="1344"
                    HEIGHT="86"
                    ></String>
          </TextLine>
          <TextLine ID="eSc_line_983ca191"
                    TAGREFS="LT1"
                    BASELINE="2167 2570 3479 2565" 
                    HPOS="2167"
                    VPOS="2535"
                    WIDTH="1312"
                    HEIGHT="88">
            <Shape><Polygon POINTS="2167 2605 2258 2623 2825 2603 2988 2603 3014 2620 3109 2605 3409 2620 3442 2603 3479 2618 3479 2565 3474 2560 3212 2545 3177 2560 3147 2540 3124 2557 3089 2535 3046 2560 3014 2535 2968 2550 2820 2535 2681 2537 2618 2560 2515 2562 2492 2545 2419 2562 2205 2562 2167 2570 2167 2605"/></Shape>
            <String CONTENT="عن عدوه وإذا حلف ما تحول وإذا قال صدق ولا يتطلع إلى رفعة
"
                    HPOS="2167"
                    VPOS="2535"
                    WIDTH="1312"
                    HEIGHT="88"
                    ></String>
          </TextLine>
        </TextBlock>
        <TextBlock HPOS="2140"
                   VPOS="2668"
                   WIDTH="202"
                   HEIGHT="155"
                   ID="eSc_textblock_76f2cb32"
                   TAGREFS="BT1062">
          <Shape><Polygon POINTS="2311 2668 2342 2733 2222 2823 2140 2745 2263 2668"/></Shape>
          <TextLine ID="eSc_line_2d2990cd"
                    TAGREFS="LT1"
                    BASELINE="2224 2761 2300 2697" 
                    HPOS="2210"
                    VPOS="2668"
                    WIDTH="111"
                    HEIGHT="121">
            <Shape><Polygon POINTS="2215 2749 2223 2759 2248 2789 2321 2726 2298 2696 2273 2668 2210 2734 2215 2749"/></Shape>
            <String CONTENT=" بكتمر "
                    HPOS="2210"
                    VPOS="2668"
                    WIDTH="111"
                    HEIGHT="121"
                    ></String>
          </TextLine>
        </TextBlock>
        <TextBlock HPOS="420"
                   VPOS="131"
                   WIDTH="1424"
                   HEIGHT="172"
                   ID="eSc_textblock_f400f78a"
                   TAGREFS="BT2">
          <Shape><Polygon POINTS="1576 171 1844 131 1830 221 1593 303 420 294 420 210 594 179 1296 161"/></Shape>
          <TextLine ID="eSc_line_3e72dacb"
                    TAGREFS="LT1"
                    BASELINE="460 234 1055 239 1818 189" 
                    HPOS="455"
                    VPOS="138"
                    WIDTH="1362"
                    HEIGHT="171">
            <Shape><Polygon POINTS="1787 140 1641 158 1636 166 1624 161 1586 168 1546 168 1541 171 1493 166 1435 166 1372 161 1296 173 1236 161 1218 178 1188 161 1087 201 848 208 828 191 805 211 747 211 679 186 634 203 616 186 496 193 455 201 460 284 521 299 591 271 654 309 737 307 775 279 808 302 863 284 883 299 1004 297 1070 271 1133 292 1226 254 1329 284 1435 281 1462 256 1488 269 1556 236 1737 244 1817 226 1817 188 1812 138 1787 140"/></Shape>
            <String CONTENT="البوبكري 
 أ "
                    HPOS="455"
                    VPOS="138"
                    WIDTH="1362"
                    HEIGHT="171"
                    ></String>
          </TextLine>
        </TextBlock>
        <TextBlock HPOS="479"
                   VPOS="253"
                   WIDTH="1434"
                   HEIGHT="2473"
                   ID="eSc_textblock_09960d84"
                   TAGREFS="BT2">
          <Shape><Polygon POINTS="1846 437 1878 2686 1838 2726 513 2726 493 1661 479 1605 496 1605 496 1380 490 1380 490 506 503 412 499 297 634 288 634 330 1534 299 1913 253"/></Shape>
          <TextLine ID="eSc_line_a732e9a3"
                    TAGREFS="LT1"
                    BASELINE="543 367 1840 349" 
                    HPOS="543"
                    VPOS="319"
                    WIDTH="1297"
                    HEIGHT="101">
            <Shape><Polygon POINTS="692 365 667 365 662 347 649 360 579 360 543 367 543 400 705 420 757 402 818 417 848 395 896 410 921 392 959 415 1024 392 1125 412 1170 390 1218 412 1253 390 1334 410 1397 387 1467 410 1578 405 1598 385 1840 380 1840 349 1835 344 1639 347 1483 319 1465 337 1415 322 1208 324 1185 347 1128 329 1095 354 1039 329 1014 344 976 332 710 360 694 347 692 365"/></Shape>
            <String CONTENT="بكتمر البوبكري الأمير سيف الدين السلاح دار أحد المما"
                    HPOS="543"
                    VPOS="319"
                    WIDTH="1297"
                    HEIGHT="101"
                    ></String>
          </TextLine>
          <TextLine ID="eSc_line_027411cc"
                    BASELINE="513 324 610 323" 
                    HPOS="511"
                    VPOS="289"
                    WIDTH="98"
                    HEIGHT="50">
            <Shape><Polygon POINTS="586 292 561 292 553 292 533 309 511 322 511 339 609 332 609 322 609 289 586 292"/></Shape>
            <String CONTENT="ليك
"
                    HPOS="511"
                    VPOS="289"
                    WIDTH="98"
                    HEIGHT="50"
                    ></String>
          </TextLine>
          <TextLine ID="eSc_line_a8fa7039"
                    TAGREFS="LT1"
                    BASELINE="508 455 1858 427" 
                    HPOS="508"
                    VPOS="412"
                    WIDTH="1350"
                    HEIGHT="86">
            <Shape><Polygon POINTS="508 498 987 498 1007 480 1241 493 1367 468 1603 485 1858 458 1858 427 1855 422 1384 420 1296 435 1258 415 1185 415 1165 435 1085 440 1057 412 1019 412 921 435 873 425 851 443 818 422 793 445 755 415 699 417 508 455 508 498"/></Shape>
            <String CONTENT="المنصورية قلاوون
 رباه صغيرا ورقاه في الخدم وعمله من جملة البرجية "
                    HPOS="508"
                    VPOS="412"
                    WIDTH="1350"
                    HEIGHT="86"
                    ></String>
          </TextLine>
          <TextLine ID="eSc_line_3c65b392"
                    TAGREFS="LT1"
                    BASELINE="538 553 1845 525" 
                    HPOS="533"
                    VPOS="503"
                    WIDTH="1310"
                    HEIGHT="96">
            <Shape><Polygon POINTS="536 551 536 599 687 576 760 596 846 576 876 594 1029 589 1087 568 1115 589 1143 571 1163 586 1455 581 1488 558 1551 558 1586 579 1659 556 1807 553 1843 568 1843 523 1840 521 1692 511 1646 526 1563 508 1457 531 1430 503 1367 503 1191 536 1128 508 939 513 896 541 793 543 750 526 692 546 533 546 536 551"/></Shape>
            <String CONTENT="فلما قبض الاميرستقر الطويل عرض جماعه من البرجيه واختار منهم"
                    HPOS="533"
                    VPOS="503"
                    WIDTH="1310"
                    HEIGHT="96"
                    ></String>
          </TextLine>
          <TextLine ID="eSc_line_9cbcbf0e"
                    BASELINE="498 495 630 537" 
                    HPOS="491"
                    VPOS="460"
                    WIDTH="138"
                    HEIGHT="96">
            <Shape><Polygon POINTS="491 508 546 556 551 553 556 546 584 546 609 546 624 546 629 536 629 460 521 483 496 493 491 508"/></Shape>
            <String CONTENT="أربعة
"
                    HPOS="491"
                    VPOS="460"
                    WIDTH="138"
                    HEIGHT="96"
                    ></String>
          </TextLine>
          <TextLine ID="eSc_line_36ddb3df"
                    TAGREFS="LT1"
                    BASELINE="505 605 655 665 861 639 1855 614" 
                    HPOS="501"
                    VPOS="576"
                    WIDTH="1352"
                    HEIGHT="118">
            <Shape><Polygon POINTS="503 604 503 669 624 694 750 692 767 677 878 689 914 662 1060 684 1155 664 1211 682 1266 654 1382 679 1432 652 1520 677 1666 646 1760 672 1787 644 1850 644 1853 611 1795 599 1697 601 1626 579 1573 604 1518 576 1420 586 1387 609 1319 609 1266 584 1185 584 1133 614 1085 596 1067 614 1004 616 974 589 820 591 717 621 586 599 551 624 501 601 503 604"/></Shape>
            <String CONTENT=" بكتمر هذا وأيدمر الخطيري وسنجر الجمقدار وطاشتمر الجمقدار ثم عين من
"
                    HPOS="501"
                    VPOS="576"
                    WIDTH="1352"
                    HEIGHT="118"
                    ></String>
          </TextLine>
          <TextLine ID="eSc_line_710f027d"
                    TAGREFS="LT1"
                    BASELINE="526 732 1840 704" 
                    HPOS="523"
                    VPOS="684"
                    WIDTH="1315"
                    HEIGHT="88">
            <Shape><Polygon POINTS="523 767 1110 772 1138 750 1238 770 1364 745 1596 762 1651 740 1838 735 1838 702 1835 697 1608 702 1588 684 1518 684 1430 702 1367 687 1314 709 1294 689 1238 689 1128 692 1102 714 979 697 951 717 825 720 810 704 523 725 523 730 523 767"/></Shape>
            <String CONTENT="الاربعه بكتمر وانعم عليه بامره تسع وثمانين وستمايه وتقدم حتى صار من"
                    HPOS="523"
                    VPOS="684"
                    WIDTH="1315"
                    HEIGHT="88"
                    ></String>
          </TextLine>
          <TextLine ID="eSc_line_b2b5a0ee"
                    TAGREFS="LT1"
                    BASELINE="533 813 1092 818 1832 794" 
                    HPOS="531"
                    VPOS="777"
                    WIDTH="1299"
                    HEIGHT="99">
            <Shape><Polygon POINTS="531 848 571 876 637 855 684 876 773 873 803 853 994 871 1047 845 1077 868 1173 843 1208 866 1296 866 1329 838 1377 863 1437 835 1475 858 1505 833 1586 835 1611 855 1651 830 1830 828 1830 793 1825 787 1535 777 1412 798 1314 780 1276 800 1193 782 1145 803 1057 785 1037 803 961 787 936 805 818 790 798 808 687 793 662 810 531 805 531 810 531 848"/></Shape>
            <String CONTENT="أكابر الأمراء الناصرية محمد بن قلاوون وجعله أمير
سلاح ويجلس رأس الميسرة "
                    HPOS="531"
                    VPOS="777"
                    WIDTH="1299"
                    HEIGHT="99"
                    ></String>
          </TextLine>
          <TextLine ID="eSc_line_4bac88f6"
                    TAGREFS="LT1"
                    BASELINE="528 911 1065 911 1847 885" 
                    HPOS="526"
                    VPOS="858"
                    WIDTH="1319"
                    HEIGHT="106">
            <Shape><Polygon POINTS="526 954 634 946 707 964 737 944 871 959 886 941 921 959 1022 944 1332 951 1467 926 1561 946 1596 923 1626 939 1704 923 1722 939 1845 918 1845 883 1823 876 1707 878 1676 860 1626 881 1601 858 1558 858 1505 883 1442 860 1253 888 1228 868 1188 888 1117 868 1087 893 954 896 919 873 823 898 611 886 526 903 526 908 526 954"/></Shape>
            <String CONTENT="والأمير آقوش نائب الكرك رأس 
 الميمنة 
 فلما كانت سنة عشرين "
                    HPOS="526"
                    VPOS="858"
                    WIDTH="1319"
                    HEIGHT="106"
                    ></String>
          </TextLine>
          <TextLine ID="eSc_line_b80177c6"
                    TAGREFS="LT1"
                    BASELINE="533 1014 1513 996 1858 971" 
                    HPOS="531"
                    VPOS="959"
                    WIDTH="1324"
                    HEIGHT="105">
            <Shape><Polygon POINTS="531 1064 632 1064 654 1042 672 1057 762 1044 810 1059 830 1044 949 1059 1060 1032 1090 1054 1223 1034 1256 1052 1296 1034 1316 1049 1415 1034 1470 1047 1498 1029 1551 1044 1608 1019 1737 1034 1855 1014 1855 969 1853 964 1266 959 1208 984 1087 986 1032 966 949 991 846 969 745 976 727 996 667 974 634 999 556 999 531 1012 531 1064"/></Shape>
            <String CONTENT="وسبعمائة رسم أن يتحول من القلعة ويسكن في دار
الأمير كراي "
                    HPOS="531"
                    VPOS="959"
                    WIDTH="1324"
                    HEIGHT="105"
                    ></String>
          </TextLine>
          <TextLine ID="eSc_line_47cfe22d"
                    TAGREFS="LT1"
                    BASELINE="536 1100 1852 1078" 
                    HPOS="533"
                    VPOS="1062"
                    WIDTH="1317"
                    HEIGHT="88">
            <Shape><Polygon POINTS="533 1147 662 1150 712 1130 818 1147 838 1127 878 1145 1044 1127 1065 1140 1090 1122 1150 1142 1180 1125 1241 1140 1316 1122 1457 1137 1553 1115 1583 1135 1669 1135 1714 1112 1850 1110 1850 1077 1848 1072 1384 1062 1344 1082 1319 1064 1246 1064 1178 1085 1024 1067 992 1087 841 1072 788 1090 745 1072 533 1092 533 1097 533 1147"/></Shape>
            <String CONTENT="المنصوري بالقاهرة لأنه ثقل عليه وصار يعارضه ويشير عليه بغير
ما يريده "
                    HPOS="533"
                    VPOS="1062"
                    WIDTH="1317"
                    HEIGHT="88"
                    ></String>
          </TextLine>
          <TextLine ID="eSc_line_c1f36d47"
                    TAGREFS="LT1"
                    BASELINE="503 1190 1865 1170" 
                    HPOS="503"
                    VPOS="1140"
                    WIDTH="1362"
                    HEIGHT="93">
            <Shape><Polygon POINTS="503 1218 596 1233 652 1218 672 1233 893 1213 1130 1210 1183 1226 1450 1205 1500 1220 1865 1208 1865 1170 1855 1163 1689 1140 1535 1142 1505 1168 1022 1150 969 1170 906 1155 883 1175 858 1158 798 1178 566 1180 503 1190 503 1218"/></Shape>
            <String CONTENT="فسكن القاهرة إلى سنة اثنتين وعشرين ف عينه لنيابة صفد
واعتذر إليه على "
                    HPOS="503"
                    VPOS="1140"
                    WIDTH="1362"
                    HEIGHT="93"
                    ></String>
          </TextLine>
          <TextLine ID="eSc_line_c9085254"
                    TAGREFS="LT1"
                    BASELINE="526 1266 1863 1251" 
                    HPOS="526"
                    VPOS="1228"
                    WIDTH="1337"
                    HEIGHT="86">
            <Shape><Polygon POINTS="526 1301 901 1314 979 1288 1012 1311 1067 1288 1123 1311 1158 1288 1387 1286 1425 1306 1629 1306 1687 1288 1780 1301 1863 1278 1863 1251 1860 1246 1634 1251 1571 1233 1533 1251 1470 1228 1440 1251 1415 1228 1203 1231 1087 1256 971 1233 903 1258 825 1241 808 1258 526 1261 526 1266 526 1301"/></Shape>
            <String CONTENT="لسان الأمير أرغون بأن السلطان يستحي منه إذا رآه في
الخدمة لما يعلمه "
                    HPOS="526"
                    VPOS="1228"
                    WIDTH="1337"
                    HEIGHT="86"
                    ></String>
          </TextLine>
          <TextLine ID="eSc_line_9fe77ebf"
                    TAGREFS="LT1"
                    BASELINE="528 1354 1853 1341" 
                    HPOS="528"
                    VPOS="1319"
                    WIDTH="1325"
                    HEIGHT="78">
            <Shape><Polygon POINTS="528 1387 687 1397 881 1377 939 1394 1123 1372 1266 1392 1294 1372 1362 1369 1399 1389 1417 1374 1576 1389 1591 1372 1656 1367 1762 1387 1850 1367 1853 1341 1848 1336 1621 1324 1490 1339 1319 1319 1228 1339 1206 1321 1032 1344 858 1324 747 1346 561 1346 528 1354 528 1387"/></Shape>
            <String CONTENT="من تقدمه وكبر سنه وأنه قصد بنيابته صفد إراحته
 فامتنع من "
                    HPOS="528"
                    VPOS="1319"
                    WIDTH="1325"
                    HEIGHT="78"
                    ></String>
          </TextLine>
          <TextLine ID="eSc_line_b93a441c"
                    TAGREFS="LT1"
                    BASELINE="518 1432 1855 1417" 
                    HPOS="518"
                    VPOS="1387"
                    WIDTH="1337"
                    HEIGHT="98">
            <Shape><Polygon POINTS="518 1470 546 1485 586 1470 652 1485 677 1467 964 1482 984 1462 1133 1480 1188 1460 1399 1477 1470 1457 1606 1457 1631 1475 1699 1455 1747 1472 1855 1455 1855 1417 1848 1412 1629 1387 1566 1414 1493 1389 1405 1389 1344 1417 1203 1392 1170 1419 1060 1419 999 1394 906 1402 873 1422 558 1424 518 1432 518 1470"/></Shape>
            <String CONTENT="ذلك واحتج بأنه رجل غتمي لا يعرف بالعربي وما حكم قط بين أحد
فلا أعرف "
                    HPOS="518"
                    VPOS="1387"
                    WIDTH="1337"
                    HEIGHT="98"
                    ></String>
          </TextLine>
          <TextLine ID="eSc_line_84fda53e"
                    TAGREFS="LT1"
                    BASELINE="533 1515 1848 1497" 
                    HPOS="533"
                    VPOS="1480"
                    WIDTH="1315"
                    HEIGHT="85">
            <Shape><Polygon POINTS="533 1548 614 1565 795 1545 841 1563 1065 1545 1284 1558 1389 1538 1462 1555 1848 1530 1848 1497 1845 1492 1644 1482 1629 1497 1543 1497 1480 1480 1367 1500 1349 1482 1281 1482 1120 1485 1092 1505 982 1487 964 1505 810 1490 793 1507 533 1510 533 1515 533 1548"/></Shape>
            <String CONTENT="ما يقول الناس إذا وقفوا لي فأعرض السلطان عن هذا القول وبعث
"
                    HPOS="533"
                    VPOS="1480"
                    WIDTH="1315"
                    HEIGHT="85"
                    ></String>
          </TextLine>
          <TextLine ID="eSc_line_92cd117b"
                    TAGREFS="LT1"
                    BASELINE="538 1601 1850 1586" 
                    HPOS="538"
                    VPOS="1565"
                    WIDTH="1312"
                    HEIGHT="94">
            <Shape><Polygon POINTS="538 1638 689 1638 742 1659 820 1638 878 1656 974 1656 1017 1636 1052 1653 1110 1653 1128 1636 1193 1651 1253 1631 1276 1651 1349 1651 1372 1633 1412 1651 1556 1628 1616 1648 1641 1633 1782 1646 1850 1623 1850 1586 1848 1580 1621 1583 1591 1568 1533 1586 1498 1565 1410 1565 1329 1588 1304 1568 1191 1568 1130 1591 936 1593 851 1573 785 1593 538 1596 538 1601 538 1638"/></Shape>
            <String CONTENT="إليه بألفي دينار مع كريم الدين ناظر الخاص وجهز له تشريف نيابة صفد
"
                    HPOS="538"
                    VPOS="1565"
                    WIDTH="1312"
                    HEIGHT="94"
                    ></String>
          </TextLine>
          <TextLine ID="eSc_line_209bda66"
                    TAGREFS="LT1"
                    BASELINE="536 1696 1848 1689" 
                    HPOS="536"
                    VPOS="1661"
                    WIDTH="1312"
                    HEIGHT="88">
            <Shape><Polygon POINTS="536 1749 621 1732 699 1749 752 1732 863 1732 888 1749 944 1732 964 1749 1062 1732 1203 1747 1233 1727 1301 1727 1319 1744 1362 1727 1659 1744 1684 1724 1848 1721 1848 1689 1843 1684 1676 1664 1644 1679 1624 1661 1505 1661 1460 1681 1407 1661 1372 1684 1319 1664 1296 1686 1175 1669 1148 1686 1120 1664 997 1681 969 1664 911 1689 843 1666 805 1689 574 1689 536 1696 536 1749"/></Shape>
            <String CONTENT="والإنعام على أولاده بإمرتات فلما جاءه كريم أقام ساعة حتى أذن له "
                    HPOS="536"
                    VPOS="1661"
                    WIDTH="1312"
                    HEIGHT="88"
                    ></String>
          </TextLine>
          <TextLine ID="eSc_line_bf98de07"
                    TAGREFS="LT1"
                    BASELINE="518 1787 1833 1787" 
                    HPOS="518"
                    VPOS="1757"
                    WIDTH="1315"
                    HEIGHT="85">
            <Shape><Polygon POINTS="518 1832 966 1842 1017 1827 1097 1842 1143 1825 1160 1842 1231 1842 1248 1827 1374 1825 1435 1842 1495 1825 1513 1842 1634 1842 1684 1825 1833 1825 1833 1787 1815 1777 1727 1757 1654 1772 1556 1757 1510 1777 1457 1757 1352 1757 1316 1777 1218 1757 1102 1777 1082 1757 1032 1772 974 1757 954 1777 891 1777 863 1757 848 1772 586 1777 518 1787 518 1832"/></Shape>
            <String CONTENT="ثم دخل
عليه فلم يحتفل به كاحتفال غيره من الأمراء فوضع الذهب والتشريف "
                    HPOS="518"
                    VPOS="1757"
                    WIDTH="1315"
                    HEIGHT="85"
                    ></String>
          </TextLine>
          <TextLine ID="eSc_line_480c1757"
                    TAGREFS="LT1"
                    BASELINE="518 1895 1810 1883" 
                    HPOS="518"
                    VPOS="1852"
                    WIDTH="1292"
                    HEIGHT="94">
            <Shape><Polygon POINTS="518 1928 697 1946 722 1925 785 1943 841 1943 861 1923 898 1943 1032 1943 1133 1940 1173 1920 1216 1940 1329 1918 1498 1918 1543 1935 1571 1918 1659 1935 1807 1920 1810 1883 1805 1878 1561 1860 1525 1880 1465 1852 1427 1880 1357 1880 1291 1852 1208 1855 1178 1875 1153 1855 1032 1855 941 1873 893 1860 830 1885 775 1870 737 1888 569 1888 518 1895 518 1928"/></Shape>
            <String CONTENT="بين يديه
وقام كالمغضب إلى السلطان
 فأصبح يوم الخميس ثاني شهر رمضان "
                    HPOS="518"
                    VPOS="1852"
                    WIDTH="1292"
                    HEIGHT="94"
                    ></String>
          </TextLine>
          <TextLine ID="eSc_line_3458e45f"
                    TAGREFS="LT1"
                    BASELINE="546 1996 1830 1963" 
                    HPOS="546"
                    VPOS="1943"
                    WIDTH="1284"
                    HEIGHT="96">
            <Shape><Polygon POINTS="546 2039 581 2021 662 2036 881 2031 941 2011 987 2029 1138 2026 1311 2003 1563 2011 1581 1996 1631 2014 1732 1991 1802 2008 1830 1988 1830 1963 1825 1958 1619 1963 1503 1943 1457 1966 1420 1946 1334 1946 1253 1963 1208 1951 1133 1976 1037 1953 954 1956 931 1981 846 1963 735 1986 674 1971 564 1988 546 1996 546 2039"/></Shape>
            <String CONTENT="منها ف ألبس السلطان ولده الأصغر
شربوش الإمرة فصعد في آخر "
                    HPOS="546"
                    VPOS="1943"
                    WIDTH="1284"
                    HEIGHT="96"
                    ></String>
          </TextLine>
          <TextLine ID="eSc_line_4f277b47"
                    TAGREFS="LT1"
                    BASELINE="538 2076 1848 2049" 
                    HPOS="538"
                    VPOS="2021"
                    WIDTH="1310"
                    HEIGHT="103">
            <Shape><Polygon POINTS="538 2124 1017 2104 1133 2122 1180 2102 1372 2117 1420 2097 1452 2114 1535 2099 1689 2109 1729 2089 1848 2104 1848 2049 1843 2044 1626 2021 1596 2049 1543 2049 1490 2024 1422 2051 1369 2026 1271 2029 1218 2056 1133 2031 1075 2051 1039 2034 1002 2061 931 2061 893 2036 843 2064 725 2044 546 2069 538 2076 538 2124"/></Shape>
            <String CONTENT="النهار إلى الخدمة وجلس رأس الميسرة على عادته
واستعفى من صفد "
                    HPOS="538"
                    VPOS="2021"
                    WIDTH="1310"
                    HEIGHT="103"
                    ></String>
          </TextLine>
          <TextLine ID="eSc_line_10736215"
                    TAGREFS="LT1"
                    BASELINE="538 2170 1843 2137" 
                    HPOS="538"
                    VPOS="2122"
                    WIDTH="1305"
                    HEIGHT="95">
            <Shape><Polygon POINTS="538 2212 604 2200 632 2217 705 2215 742 2195 770 2210 788 2195 1037 2207 1077 2187 1223 2202 1241 2182 1291 2200 1442 2197 1568 2175 1729 2190 1749 2170 1843 2167 1843 2137 1838 2132 1374 2122 1309 2144 1238 2124 1155 2127 1105 2149 1039 2129 939 2132 919 2154 815 2139 783 2157 569 2162 538 2170 538 2212"/></Shape>
            <String CONTENT="فأعرض عنه وقبض عليه وعلى أولاده في ليلة الجمعة ثالث شهر
رمضان "
                    HPOS="538"
                    VPOS="2122"
                    WIDTH="1305"
                    HEIGHT="95"
                    ></String>
          </TextLine>
          <TextLine ID="eSc_line_a066cee2"
                    TAGREFS="LT1"
                    BASELINE="541 2260 1185 2250 1840 2217" 
                    HPOS="541"
                    VPOS="2205"
                    WIDTH="1299"
                    HEIGHT="108">
            <Shape><Polygon POINTS="541 2313 626 2293 667 2311 846 2306 891 2288 911 2303 951 2288 997 2300 1085 2278 1301 2290 1364 2288 1384 2265 1457 2283 1530 2260 1840 2250 1840 2217 1828 2212 1533 2205 1520 2220 1450 2205 1344 2227 1248 2212 1218 2233 1148 2220 1115 2235 1070 2217 1017 2238 969 2222 951 2240 838 2227 569 2253 541 2260 541 2313"/></Shape>
            <String CONTENT="فوقف غوغاء العامة بك"
                    HPOS="541"
                    VPOS="2205"
                    WIDTH="1299"
                    HEIGHT="108"
                    ></String>
          </TextLine>
          <TextLine ID="eSc_line_50cbf9fc"
                    TAGREFS="LT1"
                    BASELINE="558 2351 1175 2341 1551 2316 1845 2308" 
                    HPOS="558"
                    VPOS="2258"
                    WIDTH="1287"
                    HEIGHT="138">
            <Shape><Polygon POINTS="558 2379 664 2396 881 2376 984 2389 1044 2374 1201 2381 1329 2356 1377 2371 1422 2351 1548 2371 1616 2346 1845 2338 1845 2308 1843 2303 1614 2295 1551 2313 1533 2295 1447 2290 1384 2316 1168 2323 1107 2280 1029 2283 989 2258 871 2275 642 2268 558 2351 558 2379"/></Shape>
            <String CONTENT="ما
يستأهل مسكه! فاشتد حنقه وبعث إليه مع قجليس فرسا "
                    HPOS="558"
                    VPOS="2258"
                    WIDTH="1287"
                    HEIGHT="138"
                    ></String>
          </TextLine>
          <TextLine ID="eSc_line_e5916b69"
                    TAGREFS="LT1"
                    BASELINE="566 2439 1850 2389" 
                    HPOS="566"
                    VPOS="2376"
                    WIDTH="1284"
                    HEIGHT="111">
            <Shape><Polygon POINTS="566 2487 697 2462 835 2462 853 2477 1208 2464 1304 2459 1339 2436 1399 2457 1850 2416 1850 2389 1845 2384 1571 2391 1538 2376 1450 2399 1397 2381 1213 2394 1198 2409 954 2399 941 2414 896 2401 866 2419 835 2406 591 2431 566 2439 566 2487"/></Shape>
            <String CONTENT="وطعاما وأمره أن يقرئه
السلام ويعتذر إليه مما وقع ويستعرض "
                    HPOS="566"
                    VPOS="2376"
                    WIDTH="1284"
                    HEIGHT="111"
                    ></String>
          </TextLine>
          <TextLine ID="eSc_line_7dd50b6e"
                    TAGREFS="LT1"
                    BASELINE="551 2520 1138 2507 1415 2484 1879 2463" 
                    HPOS="548"
                    VPOS="2389"
                    WIDTH="1330"
                    HEIGHT="181">
            <Shape><Polygon POINTS="1223 2411 946 2424 820 2426 745 2431 569 2436 558 2389 548 2517 548 2565 571 2550 647 2570 760 2547 785 2565 846 2547 861 2562 974 2545 1019 2557 1097 2530 1306 2547 1339 2532 1410 2540 1457 2512 1593 2530 1616 2507 1878 2497 1878 2462 1812 2447 1654 2454 1603 2424 1505 2457 1462 2444 1440 2462 1321 2464 1246 2411 1223 2411"/></Shape>
            <String CONTENT="حوائجه فسأل أن يفرج عن أولاده
فأجابه إلى ذلك وأفرج عنهم "
                    HPOS="548"
                    VPOS="2389"
                    WIDTH="1330"
                    HEIGHT="181"
                    ></String>
          </TextLine>
          <TextLine ID="eSc_line_f0d2916c"
                    TAGREFS="LT1"
                    BASELINE="544 2593 657 2625 1092 2598 1855 2555" 
                    HPOS="543"
                    VPOS="2522"
                    WIDTH="1310"
                    HEIGHT="149">
            <Shape><Polygon POINTS="546 2653 589 2671 642 2648 720 2666 843 2638 1075 2648 1175 2620 1213 2633 1276 2615 1316 2635 1853 2593 1853 2552 1835 2535 1674 2522 1528 2552 1432 2535 1384 2560 1337 2540 1238 2567 1153 2555 997 2580 858 2585 808 2567 634 2577 599 2600 543 2590 546 2653"/></Shape>
            <String CONTENT="ليلة عيد الفطر ومنعهم من الخدمة السلطانية
 وبعثه إلى الإسكندرية "
                    HPOS="543"
                    VPOS="2522"
                    WIDTH="1310"
                    HEIGHT="149"
                    ></String>
          </TextLine>
          <TextLine ID="eSc_line_59ef5a5f"
                    TAGREFS="LT1"
                    BASELINE="586 2691 1316 2678 1749 2658 1867 2645" 
                    HPOS="584"
                    VPOS="2630"
                    WIDTH="1281"
                    HEIGHT="119">
            <Shape><Polygon POINTS="584 2731 619 2749 679 2734 710 2746 732 2726 762 2746 803 2721 835 2744 949 2736 964 2718 1037 2739 1130 2716 1236 2734 1442 2701 1535 2726 1631 2696 1775 2718 1800 2693 1865 2691 1865 2643 1863 2640 1694 2633 1581 2653 1535 2630 1460 2655 1319 2638 1218 2660 1155 2640 1057 2668 1009 2668 979 2645 934 2663 868 2648 815 2673 755 2653 611 2678 584 2688 584 2731"/></Shape>
            <String CONTENT="فسجن بها إلى أن كانت فتنة أهل الإسكندرية ف
حمل إلى قلعة الجبل هو "
                    HPOS="584"
                    VPOS="2630"
                    WIDTH="1281"
                    HEIGHT="119"
                    ></String>
          </TextLine>
        </TextBlock>
        <TextBlock HPOS="1855"
                   VPOS="416"
                   WIDTH="90"
                   HEIGHT="630"
                   ID="eSc_textblock_34aa04ae"
                   TAGREFS="BT1063">
          <Shape><Polygon POINTS="1945 416 1945 1046 1855 1046 1855 416"/></Shape>
          <TextLine ID="eSc_line_653bc46b"
                    TAGREFS="LT222"
                    BASELINE="1887 1024 1890 469" 
                    HPOS="1845"
                    VPOS="468"
                    WIDTH="71"
                    HEIGHT="554">
            <Shape><Polygon POINTS="1850 969 1845 994 1860 1017 1885 1022 1916 1022 1916 782 1901 740 1913 468 1888 468 1863 473 1845 495 1863 704 1845 725 1845 845 1863 923 1850 966 1855 969"/></Shape>
            <String CONTENT="الملك الاشرف خليل بن قلا ون على"
                    HPOS="1845"
                    VPOS="468"
                    WIDTH="71"
                    HEIGHT="554"
                    ></String>
          </TextLine>
        </TextBlock>
        <TextBlock HPOS="133"
                   VPOS="644"
                   WIDTH="345"
                   HEIGHT="1182"
                   ID="eSc_textblock_2769cb27"
                   TAGREFS="BT1063">
          <Shape><Polygon POINTS="133 1826 133 873 151 664 470 644 478 649 472 1799"/></Shape>
          <TextLine ID="eSc_line_8dd89745"
                    TAGREFS="LT1"
                    BASELINE="148 712 470 717" 
                    HPOS="146"
                    VPOS="646"
                    WIDTH="324"
                    HEIGHT="111">
            <Shape><Polygon POINTS="173 662 168 659 148 659 148 712 146 755 266 757 292 737 385 757 405 737 468 735 470 717 455 646 302 672 173 659 173 662"/></Shape>
            <String CONTENT="سنقر الطويل وهي "
                    HPOS="146"
                    VPOS="646"
                    WIDTH="324"
                    HEIGHT="111"
                    ></String>
          </TextLine>
          <TextLine ID="eSc_line_5b5d52c9"
                    TAGREFS="LT1"
                    BASELINE="153 782 463 777" 
                    HPOS="153"
                    VPOS="732"
                    WIDTH="310"
                    HEIGHT="98">
            <Shape><Polygon POINTS="153 830 344 805 392 828 463 803 463 777 412 732 370 732 302 770 259 755 188 770 153 782 153 830"/></Shape>
            <String CONTENT="طبلخاناه
 فقال له "
                    HPOS="153"
                    VPOS="732"
                    WIDTH="310"
                    HEIGHT="98"
                    ></String>
          </TextLine>
          <TextLine ID="eSc_line_212b4a8a"
                    TAGREFS="LT1"
                    BASELINE="151 866 470 858" 
                    HPOS="151"
                    VPOS="747"
                    WIDTH="319"
                    HEIGHT="179">
            <Shape><Polygon POINTS="450 780 425 780 400 780 375 780 349 780 344 780 324 780 299 782 294 782 226 830 158 830 151 866 151 893 246 908 269 893 317 926 470 903 470 858 463 747 458 747 450 780"/></Shape>
            <String CONTENT="الأمير بيدرا النائب "
                    HPOS="151"
                    VPOS="747"
                    WIDTH="319"
                    HEIGHT="179"
                    ></String>
          </TextLine>
          <TextLine ID="eSc_line_58f556f0"
                    TAGREFS="LT1"
                    BASELINE="156 951 458 949" 
                    HPOS="156"
                    VPOS="921"
                    WIDTH="302"
                    HEIGHT="70">
            <Shape><Polygon POINTS="156 991 420 991 458 976 458 949 453 944 239 921 163 944 156 951 156 991"/></Shape>
            <String CONTENT="يا خوند أول إمرة "
                    HPOS="156"
                    VPOS="921"
                    WIDTH="302"
                    HEIGHT="70"
                    ></String>
          </TextLine>
          <TextLine ID="eSc_line_42795681"
                    TAGREFS="LT1"
                    BASELINE="166 1029 468 1032" 
                    HPOS="163"
                    VPOS="996"
                    WIDTH="305"
                    HEIGHT="86">
            <Shape><Polygon POINTS="163 1057 214 1082 312 1067 392 1082 465 1059 468 1032 458 1024 377 1024 349 996 254 996 224 1024 168 1024 166 1029 163 1057"/></Shape>
            <String CONTENT="الجندي تكون عشرة "
                    HPOS="163"
                    VPOS="996"
                    WIDTH="305"
                    HEIGHT="86"
                    ></String>
          </TextLine>
          <TextLine ID="eSc_line_51ebef97"
                    TAGREFS="LT1"
                    BASELINE="196 1112 473 1112" 
                    HPOS="196"
                    VPOS="1082"
                    WIDTH="277"
                    HEIGHT="76">
            <Shape><Polygon POINTS="196 1112 196 1155 264 1137 289 1158 400 1158 473 1137 473 1112 455 1102 357 1085 304 1102 276 1082 216 1082 196 1102 196 1112"/></Shape>
            <String CONTENT="ثم
ينقل منها إلى "
                    HPOS="196"
                    VPOS="1082"
                    WIDTH="277"
                    HEIGHT="76"
                    ></String>
          </TextLine>
          <TextLine ID="eSc_line_818db74b"
                    TAGREFS="LT1"
                    BASELINE="173 1198 491 1193" 
                    HPOS="173"
                    VPOS="1150"
                    WIDTH="318"
                    HEIGHT="86">
            <Shape><Polygon POINTS="173 1236 488 1218 491 1193 460 1173 337 1150 276 1170 203 1153 178 1175 173 1198 173 1236"/></Shape>
            <String CONTENT="الطبلخاناه
 فقال "
                    HPOS="173"
                    VPOS="1150"
                    WIDTH="318"
                    HEIGHT="86"
                    ></String>
          </TextLine>
          <TextLine ID="eSc_line_1f668d97"
                    TAGREFS="LT1"
                    BASELINE="178 1276 478 1268" 
                    HPOS="178"
                    VPOS="1251"
                    WIDTH="300"
                    HEIGHT="53">
            <Shape><Polygon POINTS="178 1304 475 1296 478 1268 475 1263 375 1251 178 1271 178 1276 178 1304"/></Shape>
            <String CONTENT="قد قلت شيئا وما "
                    HPOS="178"
                    VPOS="1251"
                    WIDTH="300"
                    HEIGHT="53"
                    ></String>
          </TextLine>
          <TextLine ID="eSc_line_ebb007ab"
                    TAGREFS="LT1"
                    BASELINE="171 1346 450 1344" 
                    HPOS="171"
                    VPOS="1319"
                    WIDTH="279"
                    HEIGHT="65">
            <Shape><Polygon POINTS="171 1374 400 1384 450 1369 450 1344 445 1334 392 1319 314 1336 254 1319 188 1336 171 1346 171 1374"/></Shape>
            <String CONTENT="أرجع عنه وكان "
                    HPOS="171"
                    VPOS="1319"
                    WIDTH="279"
                    HEIGHT="65"
                    ></String>
          </TextLine>
          <TextLine ID="eSc_line_836a6984"
                    TAGREFS="LT1"
                    BASELINE="176 1391 248 1441 470 1429" 
                    HPOS="171"
                    VPOS="1367"
                    WIDTH="297"
                    HEIGHT="103">
            <Shape><Polygon POINTS="468 1367 201 1382 173 1389 171 1470 465 1470 468 1427 468 1367"/></Shape>
            <String CONTENT="البكوبكري أول من "
                    HPOS="171"
                    VPOS="1367"
                    WIDTH="297"
                    HEIGHT="103"
                    ></String>
          </TextLine>
          <TextLine ID="eSc_line_34eb8fcb"
                    TAGREFS="LT1"
                    BASELINE="158 1475 246 1538 468 1505" 
                    HPOS="156"
                    VPOS="1472"
                    WIDTH="309"
                    HEIGHT="78">
            <Shape><Polygon POINTS="156 1548 463 1550 465 1502 463 1495 324 1480 287 1502 201 1502 158 1480 156 1472 156 1548"/></Shape>
            <String CONTENT="نقل من الجندية
إلى "
                    HPOS="156"
                    VPOS="1472"
                    WIDTH="309"
                    HEIGHT="78"
                    ></String>
          </TextLine>
          <TextLine ID="eSc_line_8dd76cf9"
                    TAGREFS="LT1"
                    BASELINE="181 1593 473 1588" 
                    HPOS="181"
                    VPOS="1550"
                    WIDTH="292"
                    HEIGHT="81">
            <Shape><Polygon POINTS="181 1631 473 1628 473 1588 463 1580 259 1550 191 1583 181 1593 181 1631"/></Shape>
            <String CONTENT="إمرة طبلخاناه "
                    HPOS="181"
                    VPOS="1550"
                    WIDTH="292"
                    HEIGHT="81"
                    ></String>
          </TextLine>
          <TextLine ID="eSc_line_27ffdf2e"
                    TAGREFS="LT1"
                    BASELINE="171 1655 236 1681 455 1676" 
                    HPOS="166"
                    VPOS="1643"
                    WIDTH="287"
                    HEIGHT="53">
            <Shape><Polygon POINTS="168 1653 166 1696 450 1696 453 1674 448 1666 412 1643 349 1664 297 1646 259 1666 168 1651 168 1653"/></Shape>
            <String CONTENT="وذلك في نصف ذي "
                    HPOS="166"
                    VPOS="1643"
                    WIDTH="287"
                    HEIGHT="53"
                    ></String>
          </TextLine>
          <TextLine ID="eSc_line_d63d81cb"
                    TAGREFS="LT1"
                    BASELINE="190 1738 333 1758 440 1737" 
                    HPOS="186"
                    VPOS="1729"
                    WIDTH="252"
                    HEIGHT="50">
            <Shape><Polygon POINTS="188 1737 186 1777 435 1779 438 1734 438 1729 188 1732 188 1737"/></Shape>
            <String CONTENT="القعدة "
                    HPOS="186"
                    VPOS="1729"
                    WIDTH="252"
                    HEIGHT="50"
                    ></String>
          </TextLine>
        </TextBlock>
        <TextBlock HPOS="1855"
                   VPOS="416"
                   WIDTH="90"
                   HEIGHT="630"
                   ID="eSc_textblock_84ea9fb7"
                   >
          <Shape><Polygon POINTS="1945 416 1945 1046 1855 1046 1855 416"/></Shape>
        </TextBlock>
      </PrintSpace>
    </Page>
  </Layout>
</alto>
