<?xml version="1.0" encoding="UTF-8"?>
<alto xmlns:xsi="http://www.w3.org/2001/XMLSchema-instance"
      xmlns="http://www.loc.gov/standards/alto/ns-v4#"
      xsi:schemaLocation="http://www.loc.gov/standards/alto/ns-v4# http://www.loc.gov/standards/alto/v4/alto-4-2.xsd">
  <Description>
    <MeasurementUnit>pixel</MeasurementUnit>
    <sourceImageInformation>
      <fileName>Muqaffa-or14533-3.pdf_page_89.png</fileName>
      <fileIdentifier>pdf//Muqaffa-or14533-3.pdf</fileIdentifier>
    </sourceImageInformation>
  </Description>
  <Tags>
    <OtherTag ID="BT1094" LABEL="text" DESCRIPTION="block type text"/><OtherTag ID="BT1066" LABEL="Chancery_Material" DESCRIPTION="block type Chancery_Material"/><OtherTag ID="BT1065" LABEL="Flyleaf" DESCRIPTION="block type Flyleaf"/><OtherTag ID="BT1064" LABEL="default" DESCRIPTION="block type default"/><OtherTag ID="BT1063" LABEL="Marginal_Material" DESCRIPTION="block type Marginal_Material"/><OtherTag ID="BT1062" LABEL="Catchword" DESCRIPTION="block type Catchword"/><OtherTag ID="BT4" LABEL="Illustration" DESCRIPTION="block type Illustration"/><OtherTag ID="BT3" LABEL="Commentary" DESCRIPTION="block type Commentary"/><OtherTag ID="BT2" LABEL="Main" DESCRIPTION="block type Main"/><OtherTag ID="BT1" LABEL="Title" DESCRIPTION="block type Title"/>
    <OtherTag ID="LT1" LABEL="Main" DESCRIPTION="line type Main"/><OtherTag ID="LT219" LABEL="default" DESCRIPTION="line type default"/><OtherTag ID="LT220" LABEL="Main-90" DESCRIPTION="line type Main-90"/><OtherTag ID="LT221" LABEL="Main-180" DESCRIPTION="line type Main-180"/><OtherTag ID="LT222" LABEL="Main-270" DESCRIPTION="line type Main-270"/>
  </Tags>
  <Layout>
    <Page WIDTH="3963"
          HEIGHT="3021"
          PHYSICAL_IMG_NR="285"
          ID="eSc_dummypage_">
      <PrintSpace HPOS="0"
                  VPOS="0"
                  WIDTH="3963"
                  HEIGHT="3021">
        <TextBlock HPOS="2023"
                   VPOS="241"
                   WIDTH="1419"
                   HEIGHT="979"
                   ID="eSc_textblock_c9d6955c"
                   TAGREFS="BT2">
          <Shape><Polygon POINTS="3429 281 3439 283 3439 835 3442 835 3442 894 3440 894 3440 1220 2083 1175 2038 1048 2023 990 2050 962 2078 268 2180 241"/></Shape>
          <TextLine ID="eSc_line_d5015400"
                    TAGREFS="LT1"
                    BASELINE="2117 382 3419 367" 
                    HPOS="2117"
                    VPOS="321"
                    WIDTH="1299"
                    HEIGHT="117">
            <Shape><Polygon POINTS="2235 326 2117 382 2117 438 2208 438 2245 412 2331 438 2497 435 2563 415 2663 433 2694 410 2754 420 2774 405 2862 405 2933 430 2988 410 3212 400 3273 425 3336 400 3416 400 3406 321"/></Shape>
            <String CONTENT="ربعين وشتى بأرضهم حتى بلغ
القسطنطينية فيما زعم الواقدي وأنكر قوم "
                    HPOS="2117"
                    VPOS="321"
                    WIDTH="1299"
                    HEIGHT="117"
                    ></String>
          </TextLine>
          <TextLine ID="eSc_line_ddf49013"
                    BASELINE="2106 386 2203 336" 
                    HPOS="2077"
                    VPOS="269"
                    WIDTH="126"
                    HEIGHT="121">
            <Shape><Polygon POINTS="2107 390 2127 385 2127 375 2155 375 2160 375 2182 367 2203 342 2200 334 2150 269 2130 304 2077 334 2104 385 2107 390"/></Shape>
            <String CONTENT="أن "
                    HPOS="2077"
                    VPOS="269"
                    WIDTH="126"
                    HEIGHT="121"
                    ></String>
          </TextLine>
          <TextLine ID="eSc_line_dfef35f6"
                    TAGREFS="LT1"
                    BASELINE="2097 478 3429 455" 
                    HPOS="2097"
                    VPOS="425"
                    WIDTH="1332"
                    HEIGHT="93">
            <Shape><Polygon POINTS="2401 503 2673 516 2699 498 2814 513 2847 495 2862 511 2983 511 3132 490 3212 506 3429 485 3429 455 3411 448 3310 435 3250 450 3225 425 3129 425 2981 427 2877 455 2777 433 2736 458 2638 460 2580 435 2505 463 2457 445 2371 465 2316 440 2235 468 2167 463 2097 478 2097 518"/></Shape>
            <String CONTENT="يكون بسر شتىبأرض الروم
 ثم غزا بسر في البحر أيضا سنة أربع وأربعين
"
                    HPOS="2097"
                    VPOS="425"
                    WIDTH="1332"
                    HEIGHT="93"
                    ></String>
          </TextLine>
          <TextLine ID="eSc_line_7b787bad"
                    TAGREFS="LT1"
                    BASELINE="2075 555 3431 541" 
                    HPOS="2074"
                    VPOS="516"
                    WIDTH="1355"
                    HEIGHT="88">
            <Shape><Polygon POINTS="2074 601 2104 586 2125 604 2225 604 2253 584 2339 581 2369 601 2482 601 2535 581 2568 599 2714 599 2756 576 2807 596 2925 596 3016 573 3046 594 3074 573 3202 571 3263 571 3295 591 3429 568 3429 538 3424 533 3147 516 3101 536 3076 516 2981 516 2877 518 2845 538 2729 541 2671 521 2636 541 2565 523 2532 541 2500 523 2391 543 2107 546 2074 553 2074 601"/></Shape>
            <String CONTENT="وغزا سنه خمسين ارض الروم وخرج على الصايفه فى سنه احدى وخمسين"
                    HPOS="2074"
                    VPOS="516"
                    WIDTH="1355"
                    HEIGHT="88"
                    ></String>
          </TextLine>
          <TextLine ID="eSc_line_cb110a82"
                    TAGREFS="LT1"
                    BASELINE="2075 631 3429 619" 
                    HPOS="2074"
                    VPOS="601"
                    WIDTH="1352"
                    HEIGHT="78">
            <Shape><Polygon POINTS="2074 659 2162 659 2213 679 2250 664 2469 677 2522 659 2610 677 2678 654 2734 672 2817 657 2835 674 2885 659 2958 669 2991 652 3033 672 3154 646 3179 662 3250 646 3318 669 3424 657 3426 616 3424 614 3152 601 2842 621 2716 606 2608 624 2432 609 2339 626 2079 624 2074 629 2074 659"/></Shape>
            <String CONTENT="وقيل اثنتين وخمسين تحت راية يزيد بن "
                    HPOS="2074"
                    VPOS="601"
                    WIDTH="1352"
                    HEIGHT="78"
                    ></String>
          </TextLine>
          <TextLine ID="eSc_line_9d25c3db"
                    TAGREFS="LT1"
                    BASELINE="2075 711 2374 720 3431 702" 
                    HPOS="2072"
                    VPOS="677"
                    WIDTH="1357"
                    HEIGHT="98">
            <Shape><Polygon POINTS="2074 709 2074 750 2255 775 2346 757 2364 772 2588 755 2734 767 2817 747 2852 765 2933 740 2983 762 3038 737 3086 755 3187 735 3346 750 3429 732 3429 699 3381 692 3177 682 3054 697 3001 677 2981 699 2958 679 2840 699 2812 679 2527 684 2487 704 2369 707 2331 687 2245 707 2072 707 2074 709"/></Shape>
            <String CONTENT="معاوية
 وله عن رسول الله صلى الله "
                    HPOS="2072"
                    VPOS="677"
                    WIDTH="1357"
                    HEIGHT="98"
                    ></String>
          </TextLine>
          <TextLine ID="eSc_line_eaa29222"
                    BASELINE="2099 694 2177 676" 
                    HPOS="2094"
                    VPOS="669"
                    WIDTH="86"
                    HEIGHT="35">
            <Shape><Polygon POINTS="2097 692 2099 704 2180 702 2175 674 2172 669 2094 687 2097 692"/></Shape>
            <String CONTENT="بن "
                    HPOS="2094"
                    VPOS="669"
                    WIDTH="86"
                    HEIGHT="35"
                    ></String>
          </TextLine>
          <TextLine ID="eSc_line_98af1b31"
                    TAGREFS="LT1"
                    BASELINE="2075 812 3434 787" 
                    HPOS="2074"
                    VPOS="765"
                    WIDTH="1357"
                    HEIGHT="90">
            <Shape><Polygon POINTS="2074 850 2474 855 2495 833 2613 853 2756 833 2862 848 2887 825 3069 843 3109 823 3195 820 3230 838 3429 818 3431 785 3429 780 3225 782 3190 767 3051 787 3023 765 2885 767 2746 795 2487 775 2462 800 2414 777 2359 798 2328 785 2074 805 2074 810 2074 850"/></Shape>
            <String CONTENT="نصير
وجه بسر بن أرطاة إلى قلعة من مدينة القيروان على ثلاثة أيام "
                    HPOS="2074"
                    VPOS="765"
                    WIDTH="1357"
                    HEIGHT="90"
                    ></String>
          </TextLine>
          <TextLine ID="eSc_line_8501e1ea"
                    TAGREFS="LT1"
                    BASELINE="2075 905 3431 888" 
                    HPOS="2072"
                    VPOS="863"
                    WIDTH="1357"
                    HEIGHT="96">
            <Shape><Polygon POINTS="2074 903 2074 939 2114 959 2165 944 2396 956 2419 933 2608 954 2643 931 2671 951 2767 933 2819 951 2872 926 3036 946 3096 944 3117 923 3250 939 3273 921 3429 918 3429 886 3426 883 3232 873 3210 888 3152 871 3076 888 3051 863 2928 881 2845 866 2751 883 2699 868 2638 896 2510 871 2457 898 2344 898 2308 878 2263 901 2072 901 2074 903"/></Shape>
            <String CONTENT="فافتتحها وسبى
الذرية وغنم الأموال فسميت قلعة بسر فهي لا تعرف "
                    HPOS="2072"
                    VPOS="863"
                    WIDTH="1357"
                    HEIGHT="96"
                    ></String>
          </TextLine>
          <TextLine ID="eSc_line_7aa81995"
                    TAGREFS="LT1"
                    BASELINE="2039 996 3441 987" 
                    HPOS="2034"
                    VPOS="901"
                    WIDTH="1405"
                    HEIGHT="148">
            <Shape><Polygon POINTS="2034 971 2036 994 2036 1049 2356 1049 2386 1034 2412 1047 2454 1022 2487 1039 2573 1019 2593 1039 2636 1017 2809 1032 2970 1014 3061 1039 3129 1024 3167 1044 3436 1014 3439 986 3368 901 3084 901 3038 921 3013 908 2991 926 2862 936 2837 916 2751 946 2668 949 2646 928 2610 954 2545 959 2502 939 2474 964 2419 933 2384 969 2137 969 2102 954 2034 966 2034 971"/></Shape>
            <String CONTENT="إلا به إلى اليوم
وكان ذلك سنة ست وثمانين
 وذكر ابن السكن أنه مات أيام معاوية وذكر 
 محمد بن سعد أنه عاش "
                    HPOS="2034"
                    VPOS="901"
                    WIDTH="1405"
                    HEIGHT="148"
                    ></String>
          </TextLine>
          <TextLine ID="eSc_line_a8bca1f4"
                    TAGREFS="LT1"
                    BASELINE="2067 1080 3441 1069" 
                    HPOS="2064"
                    VPOS="1042"
                    WIDTH="1375"
                    HEIGHT="100">
            <Shape><Polygon POINTS="2064 1130 2495 1142 2532 1112 2671 1110 2736 1140 2812 1140 2855 1110 2930 1127 2963 1107 3094 1140 3094 1137 3096 1137 3096 1137 3149 1107 3280 1105 3325 1122 3348 1105 3439 1102 3439 1067 3434 1062 3154 1047 3013 1059 2981 1042 2933 1064 2910 1042 2807 1042 2746 1067 2711 1044 2469 1044 2444 1067 2288 1069 2253 1054 2082 1069 2064 1077 2064 1130"/></Shape>
            <String CONTENT="إلى أيام عبد الملك بن مروان وهو قول خليفة 
ومحمد بن حبان 
 وحكى المسعودي أنه مات في خلافة الوليد بن عبد الملك سنة "
                    HPOS="2064"
                    VPOS="1042"
                    WIDTH="1375"
                    HEIGHT="100"
                    ></String>
          </TextLine>
          <TextLine ID="eSc_line_5313ce4d"
                    TAGREFS="LT1"
                    BASELINE="3086 1142 3441 1145" 
                    HPOS="3081"
                    VPOS="1122"
                    WIDTH="358"
                    HEIGHT="83">
            <Shape><Polygon POINTS="3436 1140 3429 1125 3393 1142 3247 1122 3084 1137 3084 1140 3081 1198 3293 1185 3328 1205 3396 1205 3436 1185 3439 1142 3439 1122 3436 1122 3436 1140"/></Shape>
            <String CONTENT="ست وثمانين
"
                    HPOS="3081"
                    VPOS="1122"
                    WIDTH="358"
                    HEIGHT="83"
                    ></String>
          </TextLine>
        </TextBlock>
        <TextBlock HPOS="3449"
                   VPOS="942"
                   WIDTH="312"
                   HEIGHT="301"
                   ID="eSc_textblock_38f46043"
                   TAGREFS="BT1063">
          <Shape><Polygon POINTS="3754 942 3761 946 3761 1200 3449 1243 3453 942"/></Shape>
          <TextLine ID="eSc_line_714586a8"
                    TAGREFS="LT1"
                    BASELINE="3457 987 3534 986 3733 999" 
                    HPOS="3451"
                    VPOS="923"
                    WIDTH="280"
                    HEIGHT="119">
            <Shape><Polygon POINTS="3451 1042 3726 1042 3731 996 3731 971 3630 966 3605 936 3509 923 3461 959 3456 986 3451 1042"/></Shape>
            <String CONTENT="وهو قول خليفه"
                    HPOS="3451"
                    VPOS="923"
                    WIDTH="280"
                    HEIGHT="119"
                    ></String>
          </TextLine>
          <TextLine ID="eSc_line_7fc51a68"
                    TAGREFS="LT1"
                    BASELINE="3457 1069 3743 1067" 
                    HPOS="3456"
                    VPOS="1039"
                    WIDTH="285"
                    HEIGHT="81">
            <Shape><Polygon POINTS="3456 1107 3668 1120 3741 1105 3741 1064 3713 1052 3459 1039 3456 1067 3456 1107"/></Shape>
            <String CONTENT="وبن حزم ابن حبان"
                    HPOS="3456"
                    VPOS="1039"
                    WIDTH="285"
                    HEIGHT="81"
                    ></String>
          </TextLine>
          <TextLine ID="eSc_line_acacc20d"
                    TAGREFS="LT1"
                    BASELINE="3478 1192 3738 1147" 
                    HPOS="3474"
                    VPOS="1135"
                    WIDTH="267"
                    HEIGHT="96">
            <Shape><Polygon POINTS="3477 1190 3482 1231 3582 1190 3635 1203 3741 1185 3736 1145 3733 1137 3650 1135 3592 1173 3474 1188 3477 1190"/></Shape>
            <String CONTENT="وحكى المسعو"
                    HPOS="3474"
                    VPOS="1135"
                    WIDTH="267"
                    HEIGHT="96"
                    ></String>
          </TextLine>
          <TextLine ID="eSc_line_29bfb8f4"
                    TAGREFS="LT1"
                    BASELINE="3460 1150 3540 1138" 
                    HPOS="3459"
                    VPOS="1120"
                    WIDTH="78"
                    HEIGHT="43">
            <Shape><Polygon POINTS="3459 1163 3537 1147 3537 1137 3532 1130 3477 1120 3461 1137 3459 1147 3459 1163"/></Shape>
            <String CONTENT="بن "
                    HPOS="3459"
                    VPOS="1120"
                    WIDTH="78"
                    HEIGHT="43"
                    ></String>
          </TextLine>
        </TextBlock>
        <TextBlock HPOS="1973"
                   VPOS="348"
                   WIDTH="101"
                   HEIGHT="614"
                   ID="eSc_textblock_80d64a94"
                   TAGREFS="BT1063">
          <Shape><Polygon POINTS="1973 372 2027 348 2054 425 2074 811 2055 962 1986 962"/></Shape>
          <TextLine ID="eSc_line_2cc735d2"
                    TAGREFS="LT220"
                    BASELINE="2002 378 2025 937" 
                    HPOS="1933"
                    VPOS="375"
                    WIDTH="131"
                    HEIGHT="561">
            <Shape><Polygon POINTS="2054 928 2057 903 2059 878 2062 853 2062 843 2064 835 2046 808 2057 717 2041 684 2054 561 2036 533 2051 500 2034 485 2049 440 2031 375 2001 377 1933 380 1936 490 1953 521 1943 684 1963 752 1961 936 2024 936 2054 933 2054 928"/></Shape>
            <String CONTENT="عبد الملك سنة ست وثمانين
"
                    HPOS="1933"
                    VPOS="375"
                    WIDTH="131"
                    HEIGHT="561"
                    ></String>
          </TextLine>
        </TextBlock>
        <TextBlock HPOS="1077"
                   VPOS="231"
                   WIDTH="753"
                   HEIGHT="179"
                   ID="eSc_textblock_0e7eb1ae"
                   TAGREFS="BT2">
          <Shape><Polygon POINTS="1810 251 1830 349 1739 410 1218 410 1077 360 1107 261 1397 231"/></Shape>
          <TextLine ID="eSc_line_81faa026"
                    TAGREFS="LT1"
                    BASELINE="1090 342 1782 334" 
                    HPOS="1087"
                    VPOS="261"
                    WIDTH="695"
                    HEIGHT="139">
            <Shape><Polygon POINTS="1087 314 1090 342 1090 400 1125 377 1213 377 1238 397 1289 377 1319 400 1513 397 1616 372 1699 395 1780 372 1782 334 1724 261 1593 261 1488 292 1457 276 1420 299 1253 304 1223 284 1092 302 1087 314"/></Shape>
            <String CONTENT=" بشارة الإخشيدي الخادم "
                    HPOS="1087"
                    VPOS="261"
                    WIDTH="695"
                    HEIGHT="139"
                    ></String>
          </TextLine>
        </TextBlock>
        <TextBlock HPOS="362"
                   VPOS="523"
                   WIDTH="1496"
                   HEIGHT="2231"
                   ID="eSc_textblock_a77b692c"
                   TAGREFS="BT2">
          <Shape><Polygon POINTS="1775 933 1858 933 1840 2686 1810 2726 386 2754 428 2546 429 2517 434 2414 420 2280 372 2081 362 584 1636 523 1775 523 1775 524"/></Shape>
          <TextLine ID="eSc_line_2a49dbd6"
                    TAGREFS="LT1"
                    BASELINE="427 629 1339 621 1787 599" 
                    HPOS="422"
                    VPOS="533"
                    WIDTH="1363"
                    HEIGHT="144">
            <Shape><Polygon POINTS="775 563 765 563 710 586 634 568 616 568 599 571 574 571 548 573 523 573 498 576 473 576 448 579 422 579 425 626 425 654 498 652 526 674 672 649 717 677 755 649 820 677 896 657 916 674 997 657 1049 672 1178 657 1336 669 1427 667 1457 641 1540 634 1785 631 1785 596 1782 533 1357 538 1286 568 1228 551 1115 584 835 589 785 561 775 563"/></Shape>
            <String CONTENT="بعد 
 أ فلما مات سيف الدولة ابن حمدان بحلب سار بتايوته إلى ديار
بكر بشارة "
                    HPOS="422"
                    VPOS="533"
                    WIDTH="1363"
                    HEIGHT="144"
                    ></String>
          </TextLine>
          <TextLine ID="eSc_line_7b2cace1"
                    TAGREFS="LT1"
                    BASELINE="427 704 1780 694" 
                    HPOS="425"
                    VPOS="677"
                    WIDTH="1352"
                    HEIGHT="80">
            <Shape><Polygon POINTS="425 735 611 750 629 735 677 757 712 732 813 752 848 737 898 757 999 757 1039 732 1065 750 1117 732 1148 747 1168 730 1221 755 1435 755 1775 725 1777 692 1775 687 1417 692 1369 677 1354 692 1236 692 1185 677 934 694 760 679 737 697 649 682 430 697 425 702 425 735"/></Shape>
            <String CONTENT="الخادم وتقي في جمادى الأولى سنة ست وخمسين وثلاثمائة وكان
بينهما من"
                    HPOS="425"
                    VPOS="677"
                    WIDTH="1352"
                    HEIGHT="80"
                    ></String>
          </TextLine>
          <TextLine ID="eSc_line_0d3b8a50"
                    BASELINE="421 679 496 667" 
                    HPOS="420"
                    VPOS="639"
                    WIDTH="73"
                    HEIGHT="53">
            <Shape><Polygon POINTS="493 664 475 639 420 672 420 677 422 692 493 679 493 664"/></Shape>
            <String CONTENT="فره"
                    HPOS="420"
                    VPOS="639"
                    WIDTH="73"
                    HEIGHT="53"
                    ></String>
          </TextLine>
          <TextLine ID="eSc_line_dd9ddacf"
                    BASELINE="447 801 1190 795 1780 783" 
                    HPOS="445"
                    VPOS="765"
                    WIDTH="1332"
                    HEIGHT="85">
            <Shape><Polygon POINTS="445 835 594 850 621 833 730 830 798 848 856 828 1029 845 1384 840 1470 823 1586 838 1608 820 1661 835 1684 818 1775 818 1777 782 1775 777 1548 765 1533 780 1480 765 1462 782 1339 782 1304 767 1284 785 1135 770 1087 787 1047 770 1027 787 1009 772 871 772 777 775 750 793 639 780 445 795 445 800 445 835"/></Shape>
            <String CONTENT=" فأذاع تقي الدين عن بشارة أنه كاتب حمدان بن ناصر الدولة
وكان قد غلب على الر"
                    HPOS="445"
                    VPOS="765"
                    WIDTH="1332"
                    HEIGHT="85"
                    ></String>
          </TextLine>
          <TextLine ID="eSc_line_88ada1fc"
                    BASELINE="427 774 479 769" 
                    HPOS="425"
                    VPOS="742"
                    WIDTH="53"
                    HEIGHT="43">
            <Shape><Polygon POINTS="425 785 478 780 478 767 470 742 425 765 425 772 425 785"/></Shape>
            <String CONTENT="قة "
                    HPOS="425"
                    VPOS="742"
                    WIDTH="53"
                    HEIGHT="43"
                    ></String>
          </TextLine>
          <TextLine ID="eSc_line_feb7f70e"
                    TAGREFS="LT1"
                    BASELINE="385 625 411 801 420 801" 
                    HPOS="365"
                    VPOS="624"
                    WIDTH="65"
                    HEIGHT="181">
            <Shape><Polygon POINTS="422 770 425 767 410 624 382 624 365 626 380 805 417 800 430 795 425 767 422 770"/></Shape>
            <String CONTENT="ونصيبين "
                    HPOS="365"
                    VPOS="624"
                    WIDTH="65"
                    HEIGHT="181"
                    ></String>
          </TextLine>
          <TextLine ID="eSc_line_55fd15f2"
                    TAGREFS="LT1"
                    BASELINE="416 893 1807 883" 
                    HPOS="412"
                    VPOS="878"
                    WIDTH="1393"
                    HEIGHT="66">
            <Shape><Polygon POINTS="415 891 415 926 521 923 563 941 591 926 626 944 664 923 873 941 918 921 964 939 1012 923 1090 941 1148 921 1221 939 1455 939 1561 916 1676 936 1704 916 1802 916 1805 881 1802 878 412 886 415 891"/></Shape>
            <String CONTENT="عند وفاة عمه سيف الدولة وحث ه على أخذ
حلب وكتب تقي إلى قرغو"
                    HPOS="412"
                    VPOS="878"
                    WIDTH="1393"
                    HEIGHT="66"
                    ></String>
          </TextLine>
          <TextLine ID="eSc_line_dfb992be"
                    BASELINE="409 873 490 873" 
                    HPOS="407"
                    VPOS="866"
                    WIDTH="81"
                    HEIGHT="17">
            <Shape><Polygon POINTS="407 871 407 883 488 878 488 871 488 866 407 866 407 871"/></Shape>
            <String CONTENT="يه "
                    HPOS="407"
                    VPOS="866"
                    WIDTH="81"
                    HEIGHT="17"
                    ></String>
          </TextLine>
          <TextLine ID="eSc_line_18f11fad"
                    TAGREFS="LT1"
                    BASELINE="410 974 1158 984 1807 966" 
                    HPOS="410"
                    VPOS="949"
                    WIDTH="1397"
                    HEIGHT="88">
            <Shape><Polygon POINTS="410 1012 503 1034 589 1014 616 1037 1037 1037 1143 1032 1168 1014 1218 1032 1319 1012 1377 1034 1432 1009 1623 1007 1654 1027 1689 1004 1805 1004 1807 966 1805 961 1722 951 1704 966 1666 949 1566 969 1538 951 1505 969 1475 951 1425 966 1349 951 1309 969 1266 951 1246 969 1072 969 1037 951 1014 971 956 954 715 954 667 971 410 971 410 974 410 1012"/></Shape>
            <String CONTENT="القائم بضبط حلب نيابة عن سعد الدولة أبي المعالي
شريف ابن سيف "
                    HPOS="410"
                    VPOS="949"
                    WIDTH="1397"
                    HEIGHT="88"
                    ></String>
          </TextLine>
          <TextLine ID="eSc_line_c2bcaeaf"
                    TAGREFS="LT1"
                    BASELINE="407 1064 1812 1069" 
                    HPOS="405"
                    VPOS="1042"
                    WIDTH="1407"
                    HEIGHT="85">
            <Shape><Polygon POINTS="405 1095 485 1097 518 1125 561 1105 581 1122 647 1107 664 1125 793 1125 828 1107 878 1122 924 1107 1034 1125 1110 1100 1195 1127 1349 1127 1382 1105 1422 1122 1455 1102 1513 1117 1550 1100 1810 1100 1812 1069 1775 1062 1301 1062 1284 1044 1034 1059 992 1042 956 1057 851 1042 712 1059 667 1042 478 1042 410 1059 407 1064 405 1095"/></Shape>
            <String CONTENT="الدولة فقبض قرغويه على أسباب بشارة بحلب
 فلما بلغ ذلك بشارة "
                    HPOS="405"
                    VPOS="1042"
                    WIDTH="1407"
                    HEIGHT="85"
                    ></String>
          </TextLine>
          <TextLine ID="eSc_line_e148f615"
                    TAGREFS="LT1"
                    BASELINE="412 1145 1299 1165 1812 1160" 
                    HPOS="410"
                    VPOS="1140"
                    WIDTH="1402"
                    HEIGHT="78">
            <Shape><Polygon POINTS="412 1145 410 1178 450 1195 558 1185 775 1208 918 1188 949 1210 1034 1193 1057 1210 1175 1213 1228 1193 1301 1215 1430 1215 1455 1198 1472 1215 1485 1203 1535 1218 1578 1195 1691 1215 1810 1198 1812 1160 1802 1155 412 1140 412 1145"/></Shape>
            <String CONTENT="داخل تقي الدين وآنسه فأنس به وصفى نيته له وأطلعه
على أنه يريد "
                    HPOS="410"
                    VPOS="1140"
                    WIDTH="1402"
                    HEIGHT="78"
                    ></String>
          </TextLine>
          <TextLine ID="eSc_line_de96708b"
                    TAGREFS="LT1"
                    BASELINE="412 1236 1792 1251" 
                    HPOS="410"
                    VPOS="1215"
                    WIDTH="1382"
                    HEIGHT="89">
            <Shape><Polygon POINTS="410 1266 647 1293 712 1271 772 1291 918 1278 954 1296 1080 1273 1140 1299 1306 1276 1334 1301 1598 1286 1717 1304 1739 1281 1790 1281 1792 1251 1759 1243 1568 1243 1465 1223 1374 1238 1331 1220 1218 1220 1185 1238 1140 1220 1105 1238 1075 1218 924 1236 871 1215 828 1233 790 1215 755 1233 415 1231 412 1236 410 1266"/></Shape>
            <String CONTENT="ديار بكر ليعمل على أبي المعالي شريف ابن مولاه ويقبض عليه
ويملك "
                    HPOS="410"
                    VPOS="1215"
                    WIDTH="1382"
                    HEIGHT="89"
                    ></String>
          </TextLine>
          <TextLine ID="eSc_line_fed18351"
                    TAGREFS="LT1"
                    BASELINE="425 1329 1802 1336" 
                    HPOS="422"
                    VPOS="1306"
                    WIDTH="1380"
                    HEIGHT="83">
            <Shape><Polygon POINTS="422 1361 531 1364 556 1382 614 1369 637 1384 793 1384 848 1364 906 1387 979 1384 999 1367 1117 1367 1145 1387 1251 1367 1359 1384 1414 1369 1455 1389 1694 1389 1717 1369 1757 1387 1800 1369 1802 1336 1767 1329 1533 1329 1505 1311 1387 1311 1364 1326 1336 1309 1276 1326 1002 1309 971 1326 886 1326 858 1306 760 1324 599 1306 581 1324 428 1324 425 1329 422 1361"/></Shape>
            <String CONTENT="التدبير وضمن لبشارة أنه يسلم له ميافارقين فأظهر له بشارة القبو"
                    HPOS="422"
                    VPOS="1306"
                    WIDTH="1380"
                    HEIGHT="83"
                    ></String>
          </TextLine>
          <TextLine ID="eSc_line_4e2330d1"
                    BASELINE="414 1299 514 1292" 
                    HPOS="412"
                    VPOS="1271"
                    WIDTH="101"
                    HEIGHT="55">
            <Shape><Polygon POINTS="412 1326 435 1326 438 1324 463 1324 513 1319 513 1291 511 1286 463 1271 412 1291 412 1296 412 1326"/></Shape>
            <String CONTENT="ل
"
                    HPOS="412"
                    VPOS="1271"
                    WIDTH="101"
                    HEIGHT="55"
                    ></String>
          </TextLine>
          <TextLine ID="eSc_line_260031cc"
                    TAGREFS="LT1"
                    BASELINE="417 1422 1792 1432" 
                    HPOS="415"
                    VPOS="1397"
                    WIDTH="1377"
                    HEIGHT="83">
            <Shape><Polygon POINTS="415 1455 485 1472 720 1460 770 1475 1105 1455 1193 1477 1319 1457 1465 1477 1498 1460 1533 1480 1790 1460 1792 1432 1775 1424 1621 1404 1586 1424 1510 1404 1294 1422 1266 1402 1231 1422 1206 1402 1082 1399 813 1419 760 1397 727 1417 420 1417 417 1422 415 1455"/></Shape>
            <String CONTENT="وسار بمسيره إلى قريب من ميافارقين
 فكتب بشار"
                    HPOS="415"
                    VPOS="1397"
                    WIDTH="1377"
                    HEIGHT="83"
                    ></String>
          </TextLine>
          <TextLine ID="eSc_line_d7d4ca78"
                    TAGREFS="LT1"
                    BASELINE="417 1518 1802 1510" 
                    HPOS="417"
                    VPOS="1480"
                    WIDTH="1385"
                    HEIGHT="88">
            <Shape><Polygon POINTS="417 1568 443 1553 536 1568 596 1545 647 1545 674 1568 762 1545 810 1563 828 1548 866 1568 903 1548 974 1558 1004 1543 1092 1545 1117 1565 1284 1565 1339 1540 1394 1563 1432 1548 1477 1563 1603 1548 1742 1563 1764 1540 1800 1540 1802 1510 1762 1502 1447 1487 1425 1502 1352 1480 1258 1505 1198 1482 1049 1482 1017 1502 888 1482 825 1507 684 1505 654 1485 455 1507 417 1518 417 1568"/></Shape>
            <String CONTENT="الى ابى العالي يحذره الخروج الى القا تابوت ابيه ويعرفه ما عزم عليه"
                    HPOS="417"
                    VPOS="1480"
                    WIDTH="1385"
                    HEIGHT="88"
                    ></String>
          </TextLine>
          <TextLine ID="eSc_line_02b88804"
                    TAGREFS="LT1"
                    BASELINE="410 1608 1805 1601" 
                    HPOS="410"
                    VPOS="1568"
                    WIDTH="1395"
                    HEIGHT="85">
            <Shape><Polygon POINTS="410 1653 450 1638 490 1653 521 1638 548 1653 616 1638 647 1653 856 1653 876 1636 936 1651 997 1636 1085 1636 1100 1651 1377 1633 1462 1648 1548 1633 1578 1648 1805 1643 1805 1601 1797 1593 1334 1568 1281 1596 1246 1570 1195 1570 1158 1596 1059 1596 1037 1575 898 1570 868 1598 790 1578 490 1598 410 1608 410 1653"/></Shape>
            <String CONTENT="تقي فلما قرب تقي كتب إليه بخبر التابوت
وأن يخرج لتلقيه فأظهر أبو "
                    HPOS="410"
                    VPOS="1568"
                    WIDTH="1395"
                    HEIGHT="85"
                    ></String>
          </TextLine>
          <TextLine ID="eSc_line_8fe95774"
                    TAGREFS="LT1"
                    BASELINE="425 1699 1797 1689" 
                    HPOS="425"
                    VPOS="1666"
                    WIDTH="1372"
                    HEIGHT="91">
            <Shape><Polygon POINTS="425 1757 551 1757 604 1732 659 1734 682 1757 720 1732 798 1749 888 1729 951 1754 992 1729 1072 1744 1117 1727 1148 1744 1281 1734 1334 1749 1357 1732 1425 1752 1455 1724 1503 1739 1588 1724 1611 1747 1669 1747 1797 1721 1797 1689 1795 1684 1593 1686 1555 1671 1505 1686 1460 1666 1430 1689 1218 1669 1190 1689 997 1671 966 1689 883 1671 845 1689 765 1671 652 1694 425 1694 425 1699 425 1757"/></Shape>
            <String CONTENT="المعالي علة وامتنع من الركوب وأخرج كل من في البلد
 لتلقيه و"
                    HPOS="425"
                    VPOS="1666"
                    WIDTH="1372"
                    HEIGHT="91"
                    ></String>
          </TextLine>
          <TextLine ID="eSc_line_3dff555e"
                    BASELINE="421 1674 531 1669" 
                    HPOS="420"
                    VPOS="1618"
                    WIDTH="108"
                    HEIGHT="66">
            <Shape><Polygon POINTS="420 1684 528 1674 528 1666 511 1618 435 1656 420 1671 420 1684"/></Shape>
            <String CONTENT="ضرب "
                    HPOS="420"
                    VPOS="1618"
                    WIDTH="108"
                    HEIGHT="66"
                    ></String>
          </TextLine>
          <TextLine ID="eSc_line_45f25bb1"
                    TAGREFS="LT1"
                    BASELINE="445 1797 1810 1787" 
                    HPOS="445"
                    VPOS="1757"
                    WIDTH="1365"
                    HEIGHT="80">
            <Shape><Polygon POINTS="445 1827 1125 1837 1223 1820 1465 1835 1807 1817 1810 1787 1770 1779 1558 1779 1528 1764 1420 1782 1384 1757 1321 1757 1233 1782 1019 1759 986 1784 959 1759 838 1759 813 1784 772 1762 654 1764 609 1784 561 1762 455 1787 445 1797 445 1827"/></Shape>
            <String CONTENT="تقي مضاربه ولم يدخل المدينة ووكل بأبوابها الرجال فطلع
بشارة "
                    HPOS="445"
                    VPOS="1757"
                    WIDTH="1365"
                    HEIGHT="80"
                    ></String>
          </TextLine>
          <TextLine ID="eSc_line_6f9d70fa"
                    BASELINE="424 1765 518 1755" 
                    HPOS="422"
                    VPOS="1732"
                    WIDTH="94"
                    HEIGHT="57">
            <Shape><Polygon POINTS="513 1744 480 1732 425 1757 422 1764 425 1789 516 1767 516 1754 513 1744"/></Shape>
            <String CONTENT="على "
                    HPOS="422"
                    VPOS="1732"
                    WIDTH="94"
                    HEIGHT="57"
                    ></String>
          </TextLine>
          <TextLine ID="eSc_line_ed07c9bc"
                    TAGREFS="LT1"
                    BASELINE="422 1875 1810 1870" 
                    HPOS="422"
                    VPOS="1845"
                    WIDTH="1388"
                    HEIGHT="78">
            <Shape><Polygon POINTS="422 1915 599 1905 654 1923 765 1905 795 1923 851 1905 929 1923 1004 1905 1112 1923 1341 1903 1362 1920 1520 1920 1545 1905 1679 1920 1754 1903 1807 1920 1810 1870 1805 1865 1717 1850 1696 1865 1586 1865 1566 1845 1515 1862 1498 1845 1417 1845 1394 1862 1364 1845 1349 1860 1216 1865 1195 1845 1112 1845 1027 1847 1004 1867 851 1847 815 1867 725 1852 702 1867 463 1867 422 1875 422 1915"/></Shape>
            <String CONTENT="السور وغلق الأبواب وخاطب أصحابه عن الأمير أبي المعالي بكل
جميل "
                    HPOS="422"
                    VPOS="1845"
                    WIDTH="1388"
                    HEIGHT="78"
                    ></String>
          </TextLine>
          <TextLine ID="eSc_line_bb2d2c22"
                    TAGREFS="LT1"
                    BASELINE="400 1963 1807 1963" 
                    HPOS="400"
                    VPOS="1938"
                    WIDTH="1407"
                    HEIGHT="81">
            <Shape><Polygon POINTS="400 1963 400 2019 531 2019 553 2001 800 2016 828 1998 891 2016 924 2001 944 2019 1009 2003 1032 2019 1049 2003 1153 2019 1185 1998 1246 2019 1399 2003 1417 2019 1555 2019 1576 1998 1601 2014 1807 1998 1807 1963 1807 1958 1782 1938 1686 1938 1666 1958 1634 1938 1422 1958 1226 1938 1206 1958 1153 1958 1002 1938 971 1958 954 1940 886 1938 765 1958 712 1938 669 1958 400 1958 400 1963"/></Shape>
            <String CONTENT="فانقلبوا عن تقي وبطل ما دبره وسار إلى منازكرد وكتب إلى أبي
المعالي "
                    HPOS="400"
                    VPOS="1938"
                    WIDTH="1407"
                    HEIGHT="81"
                    ></String>
          </TextLine>
          <TextLine ID="eSc_line_890532fb"
                    TAGREFS="LT1"
                    BASELINE="435 2059 1810 2051" 
                    HPOS="435"
                    VPOS="2031"
                    WIDTH="1375"
                    HEIGHT="76">
            <Shape><Polygon POINTS="435 2099 455 2087 548 2087 571 2107 886 2107 956 2084 1052 2104 1170 2084 1306 2099 1321 2084 1382 2097 1450 2081 1528 2102 1578 2084 1807 2084 1810 2051 1805 2046 1467 2031 1422 2049 1367 2031 1341 2051 1289 2034 1148 2051 1130 2034 1027 2034 944 2051 815 2036 765 2054 740 2036 715 2054 435 2054 435 2059 435 2099"/></Shape>
            <String CONTENT="يطلب منه الأمان فأمنه حتى حصل عنده فقبض عليه وسلمه إلى بشارة "
                    HPOS="435"
                    VPOS="2031"
                    WIDTH="1375"
                    HEIGHT="76"
                    ></String>
          </TextLine>
          <TextLine ID="eSc_line_f8abf89e"
                    TAGREFS="LT1"
                    BASELINE="450 2144 1810 2132" 
                    HPOS="450"
                    VPOS="2114"
                    WIDTH="1360"
                    HEIGHT="83">
            <Shape><Polygon POINTS="450 2187 569 2197 637 2175 689 2197 730 2180 808 2195 845 2170 916 2190 934 2172 1019 2170 1075 2192 1120 2170 1155 2187 1183 2167 1331 2165 1372 2190 1535 2190 1576 2172 1724 2182 1807 2162 1810 2132 1805 2127 1326 2114 1261 2132 1110 2117 1087 2132 760 2119 710 2137 488 2137 450 2144 450 2187"/></Shape>
            <String CONTENT="فقتله
 وسار إلى حلب في رجب منها ومعه بشارة
 فلم يزل عنده أثيرا إلى "
                    HPOS="450"
                    VPOS="2114"
                    WIDTH="1360"
                    HEIGHT="83"
                    ></String>
          </TextLine>
          <TextLine ID="eSc_line_f4b6ec30"
                    TAGREFS="LT1"
                    BASELINE="450 2230 1817 2220" 
                    HPOS="446"
                    VPOS="2202"
                    WIDTH="1371"
                    HEIGHT="83">
            <Shape><Polygon POINTS="446 2251 614 2268 783 2285 861 2263 931 2283 954 2260 1024 2280 1107 2263 1216 2280 1256 2258 1495 2258 1618 2278 1649 2255 1684 2273 1815 2255 1817 2220 1815 2220 1430 2205 1407 2222 1341 2222 1319 2202 1266 2202 1185 2222 1135 2202 1100 2225 1054 2210 1039 2225 974 2222 939 2205 856 2225 820 2205 790 2227 767 2207 697 2227 664 2207 523 2206 448 2227 450 2230"/></Shape>
            <String CONTENT="أن مات في رمضان سنة إحدى وثمانين وثلاثمائة
وبايع أجناده كلهم ابنه "
                    HPOS="446"
                    VPOS="2202"
                    WIDTH="1371"
                    HEIGHT="83"
                    ></String>
          </TextLine>
          <TextLine ID="eSc_line_6b0b3325"
                    TAGREFS="LT1"
                    BASELINE="453 2321 1807 2313" 
                    HPOS="453"
                    VPOS="2290"
                    WIDTH="1354"
                    HEIGHT="85">
            <Shape><Polygon POINTS="493 2365 591 2371 664 2353 689 2371 833 2356 959 2368 1032 2348 1153 2368 1252 2375 1483 2364 1526 2370 1576 2351 1641 2366 1805 2331 1807 2313 1805 2308 1606 2311 1576 2295 1379 2311 1352 2293 1326 2313 1243 2295 1049 2313 1032 2295 913 2295 888 2313 871 2298 752 2298 731 2290 694 2298 489 2293 453 2316 453 2321 453 2358"/></Shape>
            <String CONTENT="أبا الفضائل سعيد بن شريف إلا بشارة فإنه استأمن
إلى العزيز بالله نزا"
                    HPOS="453"
                    VPOS="2290"
                    WIDTH="1354"
                    HEIGHT="85"
                    ></String>
          </TextLine>
          <TextLine ID="eSc_line_e775f572"
                    BASELINE="441 2297 496 2283" 
                    HPOS="440"
                    VPOS="2260"
                    WIDTH="53"
                    HEIGHT="46">
            <Shape><Polygon POINTS="443 2306 493 2283 493 2280 485 2260 440 2285 440 2295 443 2306"/></Shape>
            <String CONTENT="ر "
                    HPOS="440"
                    VPOS="2260"
                    WIDTH="53"
                    HEIGHT="46"
                    ></String>
          </TextLine>
          <TextLine ID="eSc_line_d3309d66"
                    TAGREFS="LT1"
                    BASELINE="443 2396 1812 2406" 
                    HPOS="440"
                    VPOS="2374"
                    WIDTH="1372"
                    HEIGHT="95">
            <Shape><Polygon POINTS="440 2431 496 2464 667 2434 715 2462 752 2447 833 2467 1044 2454 1130 2469 1203 2441 1238 2469 1316 2439 1422 2454 1500 2441 1528 2464 1571 2447 1613 2469 1661 2441 1810 2441 1812 2406 1802 2399 1669 2381 1639 2399 1613 2381 1586 2399 1553 2384 1472 2399 1447 2379 1296 2379 1274 2396 1148 2381 1130 2396 883 2376 866 2394 788 2394 717 2391 697 2374 445 2391 443 2396 440 2431"/></Shape>
            <String CONTENT="ابن المعز لدين الله معد الفاطمي في نحو
أربعمائة غلام وقدم عليه بالقاهرة ومعه وفاء الصقلي أيضا "
                    HPOS="440"
                    VPOS="2374"
                    WIDTH="1372"
                    HEIGHT="95"
                    ></String>
          </TextLine>
          <TextLine ID="eSc_line_5c7e032f"
                    TAGREFS="LT1"
                    BASELINE="460 2504 1807 2494" 
                    HPOS="460"
                    VPOS="2469"
                    WIDTH="1347"
                    HEIGHT="83">
            <Shape><Polygon POINTS="460 2540 770 2552 808 2537 1009 2550 1072 2535 1122 2550 1165 2532 1455 2547 1475 2530 1691 2545 1805 2530 1807 2494 1772 2487 1545 2472 1503 2487 1397 2469 1286 2489 1198 2469 1127 2492 1085 2472 866 2472 528 2494 460 2504 460 2540"/></Shape>
            <String CONTENT="في ثلاثمائة
غلام فقبلهم العزيز وكان يميل إلى الأتراك أكثر من ه إلى المغاربة "
                    HPOS="460"
                    VPOS="2469"
                    WIDTH="1347"
                    HEIGHT="83"
                    ></String>
          </TextLine>
          <TextLine ID="eSc_line_9c9bdbf1"
                    TAGREFS="LT1"
                    BASELINE="463 2593 1810 2577" 
                    HPOS="463"
                    VPOS="2557"
                    WIDTH="1347"
                    HEIGHT="91">
            <Shape><Polygon POINTS="463 2648 689 2620 780 2645 949 2643 971 2620 1027 2643 1145 2620 1251 2640 1362 2613 1425 2633 1480 2615 1503 2638 1616 2635 1641 2615 1762 2623 1810 2608 1810 2577 1807 2572 1566 2560 1518 2577 1498 2557 1465 2575 1357 2557 1306 2580 1185 2580 1133 2560 1072 2562 1052 2582 999 2582 971 2562 944 2582 825 2565 682 2587 463 2587 463 2593 463 2648"/></Shape>
            <String CONTENT="لا
سيما الحمدانية لشدة بأسهم وفضل النجدة فيهم
 وولى بشارة طبرية "
                    HPOS="463"
                    VPOS="2557"
                    WIDTH="1347"
                    HEIGHT="91"
                    ></String>
          </TextLine>
          <TextLine ID="eSc_line_c1c9ac63"
                    TAGREFS="LT1"
                    BASELINE="465 2673 1807 2668" 
                    HPOS="465"
                    VPOS="2648"
                    WIDTH="1342"
                    HEIGHT="86">
            <Shape><Polygon POINTS="465 2716 606 2708 667 2734 702 2708 742 2708 883 2734 1047 2734 1085 2711 1133 2734 1369 2728 1417 2706 1450 2731 1493 2731 1533 2706 1578 2706 1623 2731 1719 2731 1754 2706 1807 2703 1807 2668 1802 2663 1364 2648 1309 2663 1251 2648 1193 2666 1168 2648 1150 2666 1102 2650 1072 2668 1014 2650 866 2668 760 2650 735 2668 465 2668 465 2673 465 2716"/></Shape>
            <String CONTENT="وولى وفاء ثغر عكا وولى رباحا قيسارية وذلك في سنة
إحدى "
                    HPOS="465"
                    VPOS="2648"
                    WIDTH="1342"
                    HEIGHT="86"
                    ></String>
          </TextLine>
        </TextBlock>
        <TextBlock HPOS="1786"
                   VPOS="626"
                   WIDTH="91"
                   HEIGHT="220"
                   ID="eSc_textblock_db5af47c"
                   TAGREFS="BT1063">
          <Shape><Polygon POINTS="1877 626 1877 846 1788 846 1786 626"/></Shape>
          <TextLine ID="eSc_line_53d628c7"
                    TAGREFS="LT220"
                    BASELINE="1806 670 1824 786" 
                    HPOS="1775"
                    VPOS="662"
                    WIDTH="78"
                    HEIGHT="125">
            <Shape><Polygon POINTS="1777 672 1775 737 1800 787 1822 785 1853 777 1845 662 1805 669"/></Shape>
            <String CONTENT="تقى ص"
                    HPOS="1775"
                    VPOS="662"
                    WIDTH="78"
                    HEIGHT="125"
                    ></String>
          </TextLine>
        </TextBlock>
        <TextBlock HPOS="87"
                   VPOS="2339"
                   WIDTH="330"
                   HEIGHT="132"
                   ID="eSc_textblock_189cf738"
                   TAGREFS="BT1063">
          <Shape><Polygon POINTS="90 2339 87 2471 400 2448 417 2342"/></Shape>
          <TextLine ID="eSc_line_7d9f64a1"
                    TAGREFS="LT1"
                    BASELINE="88 2396 400 2396" 
                    HPOS="85"
                    VPOS="2311"
                    WIDTH="312"
                    HEIGHT="138">
            <Shape><Polygon POINTS="85 2394 85 2426 143 2449 241 2429 302 2449 332 2426 397 2447 397 2394 397 2353 334 2348 281 2311 208 2311 135 2351 85 2353 85 2394"/></Shape>
            <String CONTENT="وقدم عليه بالقاهرة "
                    HPOS="85"
                    VPOS="2311"
                    WIDTH="312"
                    HEIGHT="138"
                    ></String>
          </TextLine>
        </TextBlock>
        <TextBlock HPOS="81"
                   VPOS="2313"
                   WIDTH="319"
                   HEIGHT="138"
                   ID="eSc_textblock_9f283d16"
                   >
          <Shape><Polygon POINTS="81 2313 81 2451 400 2451 400 2313"/></Shape>
        </TextBlock>
        <TextBlock HPOS="140"
                   VPOS="553"
                   WIDTH="28"
                   HEIGHT="18"
                   ID="eSc_textblock_f2a54ce7"
                   TAGREFS="BT1063">
          <Shape><Polygon POINTS="168 553 168 571 151 571 140 553"/></Shape>
        </TextBlock>
        <TextBlock HPOS="1379"
                   VPOS="433"
                   WIDTH="28"
                   HEIGHT="7"
                   ID="eSc_textblock_786925d8"
                   TAGREFS="BT2">
          <Shape><Polygon POINTS="1407 433 1407 440 1379 440 1384 433"/></Shape>
        </TextBlock>
      </PrintSpace>
    </Page>
  </Layout>
</alto>
