<?xml version="1.0" encoding="UTF-8"?>
<alto xmlns:xsi="http://www.w3.org/2001/XMLSchema-instance"
      xmlns="http://www.loc.gov/standards/alto/ns-v4#"
      xsi:schemaLocation="http://www.loc.gov/standards/alto/ns-v4# http://www.loc.gov/standards/alto/v4/alto-4-2.xsd">
  <Description>
    <MeasurementUnit>pixel</MeasurementUnit>
    <sourceImageInformation>
      <fileName>Muqaffa-or14533-3.pdf_page_80.png</fileName>
      <fileIdentifier>pdf//Muqaffa-or14533-3.pdf</fileIdentifier>
    </sourceImageInformation>
  </Description>
  <Tags>
    <OtherTag ID="BT1094" LABEL="text" DESCRIPTION="block type text"/><OtherTag ID="BT1066" LABEL="Chancery_Material" DESCRIPTION="block type Chancery_Material"/><OtherTag ID="BT1065" LABEL="Flyleaf" DESCRIPTION="block type Flyleaf"/><OtherTag ID="BT1064" LABEL="default" DESCRIPTION="block type default"/><OtherTag ID="BT1063" LABEL="Marginal_Material" DESCRIPTION="block type Marginal_Material"/><OtherTag ID="BT1062" LABEL="Catchword" DESCRIPTION="block type Catchword"/><OtherTag ID="BT4" LABEL="Illustration" DESCRIPTION="block type Illustration"/><OtherTag ID="BT3" LABEL="Commentary" DESCRIPTION="block type Commentary"/><OtherTag ID="BT2" LABEL="Main" DESCRIPTION="block type Main"/><OtherTag ID="BT1" LABEL="Title" DESCRIPTION="block type Title"/>
    <OtherTag ID="LT1" LABEL="Main" DESCRIPTION="line type Main"/><OtherTag ID="LT219" LABEL="default" DESCRIPTION="line type default"/><OtherTag ID="LT220" LABEL="Main-90" DESCRIPTION="line type Main-90"/><OtherTag ID="LT221" LABEL="Main-180" DESCRIPTION="line type Main-180"/><OtherTag ID="LT222" LABEL="Main-270" DESCRIPTION="line type Main-270"/>
  </Tags>
  <Layout>
    <Page WIDTH="3963"
          HEIGHT="3021"
          PHYSICAL_IMG_NR="276"
          ID="eSc_dummypage_">
      <PrintSpace HPOS="0"
                  VPOS="0"
                  WIDTH="3963"
                  HEIGHT="3021">
        <TextBlock HPOS="2344"
                   VPOS="292"
                   WIDTH="1153"
                   HEIGHT="127"
                   ID="eSc_textblock_49b4d6b1"
                   TAGREFS="BT2">
          <Shape><Polygon POINTS="3489 292 3497 384 2440 419 2344 308 3044 292"/></Shape>
          <TextLine ID="eSc_line_6058a486"
                    TAGREFS="LT1"
                    BASELINE="2416 363 3464 334" 
                    HPOS="2412"
                    VPOS="292"
                    WIDTH="1049"
                    HEIGHT="115">
            <Shape><Polygon POINTS="3444 292 3419 292 3393 292 3368 292 3343 292 3318 292 3293 292 3268 292 3263 292 3109 314 3064 299 2933 319 2746 319 2681 302 2658 317 2412 309 2414 362 2414 395 2585 407 2641 387 2676 405 2706 385 2736 402 2754 385 2983 395 3006 377 3096 392 3114 372 3197 390 3245 370 3371 385 3461 362 3461 332 3459 292 3444 292"/></Shape>
            <String CONTENT="العوجاي يام غتر الجرم سنة مست وتسعر وسهابه"
                    HPOS="2412"
                    VPOS="292"
                    WIDTH="1049"
                    HEIGHT="115"
                    ></String>
          </TextLine>
        </TextBlock>
        <TextBlock HPOS="2082"
                   VPOS="614"
                   WIDTH="1437"
                   HEIGHT="236"
                   ID="eSc_textblock_f95f7be1"
                   TAGREFS="BT2">
          <Shape><Polygon POINTS="3499 624 3519 772 3499 838 2559 850 2112 793 2082 712 2192 644 2842 614"/></Shape>
          <TextLine ID="eSc_line_44afe993"
                    TAGREFS="LT1"
                    BASELINE="2110 710 3142 684 3464 689" 
                    HPOS="2109"
                    VPOS="624"
                    WIDTH="1352"
                    HEIGHT="136">
            <Shape><Polygon POINTS="2122 682 2109 709 2109 745 2276 740 2318 757 2366 742 2394 760 2447 735 2522 735 2542 755 2762 752 2840 732 2918 747 2983 722 3089 745 3200 717 3348 735 3381 714 3461 735 3461 687 3459 624 3205 629 3147 646 2981 634 2913 659 2683 667 2653 652 2537 672 2467 672 2434 652 2384 674 2341 649 2313 677 2127 677 2122 682"/></Shape>
            <String CONTENT="بكنوت الغارسي ابلانا بكر ااب بدر الديا جوامر ابص لات مرسه"
                    HPOS="2109"
                    VPOS="624"
                    WIDTH="1352"
                    HEIGHT="136"
                    ></String>
          </TextLine>
          <TextLine ID="eSc_line_410e7c05"
                    TAGREFS="LT1"
                    BASELINE="2600 805 3472 772" 
                    HPOS="2598"
                    VPOS="750"
                    WIDTH="871"
                    HEIGHT="90">
            <Shape><Polygon POINTS="2598 838 2666 823 2860 830 2875 815 2915 840 2981 838 3006 813 3059 810 3134 833 3227 805 3328 825 3469 820 3469 770 3439 762 3263 767 3200 750 3174 770 3111 755 3041 777 3013 760 2930 760 2623 793 2598 803 2598 838"/></Shape>
            <String CONTENT="رسب مسنه أربع وسبعيف وببامه بالع"
                    HPOS="2598"
                    VPOS="750"
                    WIDTH="871"
                    HEIGHT="90"
                    ></String>
          </TextLine>
        </TextBlock>
        <TextBlock HPOS="3466"
                   VPOS="1017"
                   WIDTH="319"
                   HEIGHT="261"
                   ID="eSc_textblock_b085eb6a"
                   TAGREFS="BT1063">
          <Shape><Polygon POINTS="3660 1027 3779 1034 3785 1209 3757 1263 3750 1278 3574 1278 3556 1264 3482 1254 3466 1017"/></Shape>
          <TextLine ID="eSc_line_cedc54c7"
                    TAGREFS="LT221"
                    BASELINE="3474 1106 3634 1042" 
                    HPOS="3464"
                    VPOS="1022"
                    WIDTH="171"
                    HEIGHT="108">
            <Shape><Polygon POINTS="3618 1022 3464 1082 3464 1085 3472 1105 3482 1130 3635 1049 3633 1039 3623 1022 3618 1022"/></Shape>
            <String CONTENT="بوس ر"
                    HPOS="3464"
                    VPOS="1022"
                    WIDTH="171"
                    HEIGHT="108"
                    ></String>
          </TextLine>
          <TextLine ID="eSc_line_c7d68ae8"
                    TAGREFS="LT221"
                    BASELINE="3490 1170 3783 1090" 
                    HPOS="3472"
                    VPOS="1032"
                    WIDTH="312"
                    HEIGHT="156">
            <Shape><Polygon POINTS="3776 1080 3761 1054 3751 1044 3673 1067 3597 1032 3502 1062 3472 1102 3489 1168 3494 1188 3658 1160 3696 1127 3759 1125 3784 1102 3781 1087 3779 1085 3776 1080"/></Shape>
            <String CONTENT="لمس ق "
                    HPOS="3472"
                    VPOS="1032"
                    WIDTH="312"
                    HEIGHT="156"
                    ></String>
          </TextLine>
          <TextLine ID="eSc_line_7438ac4c"
                    TAGREFS="LT221"
                    BASELINE="3495 1239 3780 1179" 
                    HPOS="3472"
                    VPOS="1057"
                    WIDTH="312"
                    HEIGHT="221">
            <Shape><Polygon POINTS="3474 1147 3494 1238 3502 1278 3560 1276 3587 1251 3681 1251 3708 1226 3784 1210 3779 1178 3721 1057 3670 1097 3613 1080 3565 1117 3472 1135 3474 1147"/></Shape>
            <String CONTENT="ل"
                    HPOS="3472"
                    VPOS="1057"
                    WIDTH="312"
                    HEIGHT="221"
                    ></String>
          </TextLine>
        </TextBlock>
        <TextBlock HPOS="2135"
                   VPOS="1263"
                   WIDTH="1343"
                   HEIGHT="1483"
                   ID="eSc_textblock_7446928c"
                   TAGREFS="BT2">
          <Shape><Polygon POINTS="3478 1282 3474 1293 3474 1764 3472 1764 3472 1809 3465 1860 3446 2489 3435 2516 3458 2665 3344 2707 3280 2706 3140 2730 2955 2746 2138 2727 2161 2277 2140 2275 2140 1922 2148 1888 2135 1263 3459 1264"/></Shape>
          <TextLine ID="eSc_line_3eb3c25b"
                    TAGREFS="LT1"
                    BASELINE="2144 1320 3464 1311" 
                    HPOS="2142"
                    VPOS="1268"
                    WIDTH="1319"
                    HEIGHT="106">
            <Shape><Polygon POINTS="2142 1359 2462 1374 2623 1356 2676 1372 2704 1354 2744 1372 2802 1351 2835 1369 2872 1354 3061 1369 3132 1349 3351 1367 3459 1349 3461 1309 3434 1291 3298 1291 3270 1273 3225 1291 3192 1268 3134 1268 3117 1286 3046 1271 2996 1293 2857 1273 2696 1296 2673 1273 2626 1273 2605 1291 2588 1276 2505 1291 2447 1276 2404 1299 2336 1299 2301 1276 2190 1293 2142 1319 2142 1359"/></Shape>
            <String CONTENT="بكموت الفياح الام بدر الدين مر فى مى الخدر ان ازابع علبا من عنه"
                    HPOS="2142"
                    VPOS="1268"
                    WIDTH="1319"
                    HEIGHT="106"
                    ></String>
          </TextLine>
          <TextLine ID="eSc_line_23bb7442"
                    TAGREFS="LT1"
                    BASELINE="2144 1412 3472 1407" 
                    HPOS="2142"
                    VPOS="1372"
                    WIDTH="1327"
                    HEIGHT="93">
            <Shape><Polygon POINTS="2142 1450 2525 1465 2555 1447 2613 1465 2636 1445 2673 1460 2832 1442 2910 1462 2963 1445 3001 1462 3167 1447 3268 1462 3308 1442 3386 1457 3466 1442 3469 1404 3351 1392 2804 1372 2656 1389 2555 1374 2495 1394 2439 1374 2379 1394 2213 1377 2162 1394 2142 1409 2142 1450"/></Shape>
            <String CONTENT="تطود الكهر العاهم بحهر فلاو الى السلطنة ن بانيه وحمد الاولى ش"
                    HPOS="2142"
                    VPOS="1372"
                    WIDTH="1327"
                    HEIGHT="93"
                    ></String>
          </TextLine>
          <TextLine ID="eSc_line_becd8648"
                    TAGREFS="LT1"
                    BASELINE="2144 1509 3482 1497" 
                    HPOS="2142"
                    VPOS="1457"
                    WIDTH="1337"
                    HEIGHT="101">
            <Shape><Polygon POINTS="2142 1558 2187 1543 2407 1558 2593 1540 2646 1555 2709 1540 2777 1553 2792 1538 3479 1538 3479 1495 3320 1480 3084 1467 3006 1482 2945 1457 2872 1480 2819 1457 2726 1457 2694 1477 2671 1460 2558 1460 2525 1482 2500 1460 2442 1460 2404 1490 2210 1462 2152 1490 2142 1507 2142 1558"/></Shape>
            <String CONTENT="معر وسن مه مرعما اسرحانه اربعه نعى كتى الحو كعدار مععف الحور"
                    HPOS="2142"
                    VPOS="1457"
                    WIDTH="1337"
                    HEIGHT="101"
                    ></String>
          </TextLine>
          <TextLine ID="eSc_line_2ecf4b40"
                    TAGREFS="LT1"
                    BASELINE="2144 1595 3477 1583" 
                    HPOS="2142"
                    VPOS="1563"
                    WIDTH="1332"
                    HEIGHT="88">
            <Shape><Polygon POINTS="2142 1641 2344 1651 2407 1628 2427 1648 2480 1648 2517 1628 2537 1648 2558 1628 2585 1643 2608 1628 2631 1648 2799 1646 2824 1626 2935 1646 2965 1623 3041 1623 3066 1643 3132 1643 3207 1621 3230 1641 3373 1641 3401 1621 3472 1621 3474 1580 3472 1575 2671 1563 2527 1565 2482 1586 2389 1570 2364 1588 2142 1588 2142 1593 2142 1641"/></Shape>
            <String CONTENT="ععمه سبع وسببع ابه فلما سبلطن هرن الحاء تنبكر اخنصن به ألاب"
                    HPOS="2142"
                    VPOS="1563"
                    WIDTH="1332"
                    HEIGHT="88"
                    ></String>
          </TextLine>
          <TextLine ID="eSc_line_a61dbf8d"
                    TAGREFS="LT1"
                    BASELINE="2144 1688 3474 1669" 
                    HPOS="2142"
                    VPOS="1648"
                    WIDTH="1330"
                    HEIGHT="94">
            <Shape><Polygon POINTS="2142 1742 2351 1742 2381 1721 2447 1742 2500 1716 2638 1739 2686 1714 2739 1737 2842 1711 2998 1724 3033 1709 3111 1732 3142 1706 3164 1721 3265 1706 3303 1724 3472 1704 3472 1666 3469 1661 3290 1669 3268 1651 3220 1669 3195 1648 3139 1648 3111 1671 3069 1671 3049 1651 3001 1651 2948 1671 2804 1653 2759 1674 2688 1659 2633 1674 2618 1659 2585 1679 2497 1659 2464 1681 2147 1681 2142 1686 2142 1742"/></Shape>
            <String CONTENT="وق سعا كربقوعشورمضاف سعنه فع وسع مايه حم  معه الى اخفح"
                    HPOS="2142"
                    VPOS="1648"
                    WIDTH="1330"
                    HEIGHT="94"
                    ></String>
          </TextLine>
          <TextLine ID="eSc_line_f4228995"
                    TAGREFS="LT1"
                    BASELINE="2155 1777 3474 1754" 
                    HPOS="2155"
                    VPOS="1737"
                    WIDTH="1319"
                    HEIGHT="93">
            <Shape><Polygon POINTS="2155 1810 2263 1810 2288 1827 2339 1807 2449 1810 2588 1830 2638 1805 2668 1827 2686 1810 2769 1820 2822 1802 2877 1825 3031 1822 3099 1800 3179 1820 3288 1797 3343 1815 3373 1789 3474 1787 3474 1754 3472 1749 3278 1754 3217 1739 3142 1757 3094 1737 3026 1759 2996 1739 2885 1739 2807 1762 2477 1747 2155 1772 2155 1777 2155 1810"/></Shape>
            <String CONTENT="وسعاذ الى لميم ثمر موكر وحاكر الى العامه وفر اله منقر ا الكر الفاص ما لعلعه"
                    HPOS="2155"
                    VPOS="1737"
                    WIDTH="1319"
                    HEIGHT="93"
                    ></String>
          </TextLine>
          <TextLine ID="eSc_line_bf7be234"
                    TAGREFS="LT1"
                    BASELINE="2144 1867 3459 1842" 
                    HPOS="2142"
                    VPOS="1820"
                    WIDTH="1314"
                    HEIGHT="90">
            <Shape><Polygon POINTS="2142 1898 2273 1910 2298 1890 2344 1908 2474 1888 2636 1903 2691 1883 2792 1900 2860 1880 2930 1898 2960 1883 3038 1895 3086 1875 3106 1893 3185 1893 3200 1873 3454 1875 3456 1840 3454 1832 3179 1820 3154 1840 3049 1825 3003 1842 2837 1845 2784 1827 2656 1847 2522 1832 2459 1852 2432 1837 2381 1855 2172 1857 2142 1865 2142 1898"/></Shape>
            <String CONTENT="عا مشومه ورامع حليهم فه مصه حم والبا سخبه باما سسكن ممنان رم"
                    HPOS="2142"
                    VPOS="1820"
                    WIDTH="1314"
                    HEIGHT="90"
                    ></String>
          </TextLine>
          <TextLine ID="eSc_line_0dfd0321"
                    TAGREFS="LT1"
                    BASELINE="3071 1928 3459 1925" 
                    HPOS="3069"
                    VPOS="1903"
                    WIDTH="387"
                    HEIGHT="70">
            <Shape><Polygon POINTS="3069 1958 3089 1973 3232 1953 3376 1973 3399 1953 3454 1953 3456 1923 3451 1918 3190 1903 3081 1918 3069 1925 3069 1958"/></Shape>
            <String CONTENT="سع بما وعطسا فى"
                    HPOS="3069"
                    VPOS="1903"
                    WIDTH="387"
                    HEIGHT="70"
                    ></String>
          </TextLine>
          <TextLine ID="eSc_line_1d73bf11"
                    TAGREFS="LT1"
                    BASELINE="2145 1963 2658 1948" 
                    HPOS="2145"
                    VPOS="1928"
                    WIDTH="513"
                    HEIGHT="78">
            <Shape><Polygon POINTS="2145 2006 2268 1993 2313 2006 2364 1988 2399 2003 2522 1973 2595 1991 2658 1968 2658 1948 2651 1943 2525 1946 2492 1928 2439 1948 2311 1933 2157 1956 2145 1963 2145 2006"/></Shape>
            <String CONTENT="سفمة حووسبعبه لع افف"
                    HPOS="2145"
                    VPOS="1928"
                    WIDTH="513"
                    HEIGHT="78"
                    ></String>
          </TextLine>
          <TextLine ID="eSc_line_cd6fabcc"
                    TAGREFS="LT1"
                    BASELINE="2150 2044 3459 2015" 
                    HPOS="2147"
                    VPOS="1996"
                    WIDTH="1309"
                    HEIGHT="96">
            <Shape><Polygon POINTS="2147 2084 2253 2092 2321 2074 2356 2092 2454 2092 2472 2074 2563 2074 2621 2089 2666 2064 2706 2087 2774 2064 2978 2081 3091 2074 3147 2036 3456 2029 3456 2014 3454 2008 3174 2016 3142 1996 2978 1998 2872 2021 2762 2003 2661 2026 2558 2008 2537 2026 2507 2008 2464 2031 2147 2036 2147 2041 2147 2084"/></Shape>
            <String CONTENT="ملم القم ى الامر بدوالدين سوة عر الجده ان ب وك سعر"
                    HPOS="2147"
                    VPOS="1996"
                    WIDTH="1309"
                    HEIGHT="96"
                    ></String>
          </TextLine>
          <TextLine ID="eSc_line_c5620502"
                    TAGREFS="LT1"
                    BASELINE="2150 2124 3210 2112 3459 2101" 
                    HPOS="2147"
                    VPOS="2081"
                    WIDTH="1309"
                    HEIGHT="91">
            <Shape><Polygon POINTS="2147 2172 2467 2172 2500 2154 2555 2170 2598 2152 2696 2165 2714 2149 2772 2167 2948 2162 2968 2147 3069 2162 3094 2144 3456 2152 3456 2099 3454 2099 3174 2102 3122 2081 3084 2104 3023 2084 2968 2099 2918 2084 2895 2107 2709 2087 2623 2089 2603 2109 2485 2092 2394 2112 2177 2114 2147 2122 2147 2172"/></Shape>
            <String CONTENT="لهرا ومنم منو عوسا ع طوعابن بايب السوب ماكي سهر برمضر نه"
                    HPOS="2147"
                    VPOS="2081"
                    WIDTH="1309"
                    HEIGHT="91"
                    ></String>
          </TextLine>
          <TextLine ID="eSc_line_22e6f6b0"
                    TAGREFS="LT1"
                    BASELINE="2142 2217 3381 2205 3459 2207" 
                    HPOS="2140"
                    VPOS="2170"
                    WIDTH="1316"
                    HEIGHT="95">
            <Shape><Polygon POINTS="2140 2245 2198 2265 2268 2245 2341 2265 2548 2250 2638 2263 2686 2248 2709 2260 2734 2238 2862 2258 2986 2235 3127 2258 3149 2233 3373 2250 3454 2230 3456 2205 3451 2192 3401 2177 3373 2190 3348 2170 3293 2195 2885 2172 2764 2175 2716 2200 2681 2175 2633 2175 2575 2197 2500 2180 2474 2202 2432 2185 2379 2205 2203 2205 2140 2215 2140 2245"/></Shape>
            <String CONTENT="احد عمه وسنه حبايه وسبا رمع ابو م خما الدبن عوش ابل سنع"
                    HPOS="2140"
                    VPOS="2170"
                    WIDTH="1316"
                    HEIGHT="95"
                    ></String>
          </TextLine>
          <TextLine ID="eSc_line_623de0e3"
                    TAGREFS="LT1"
                    BASELINE="2157 2314 2208 2308 2762 2293 3459 2288" 
                    HPOS="2155"
                    VPOS="2217"
                    WIDTH="1301"
                    HEIGHT="144">
            <Shape><Polygon POINTS="2155 2361 2233 2338 2258 2358 2306 2358 2480 2356 2515 2336 2595 2353 2626 2331 2671 2348 2739 2328 2759 2343 2809 2326 2913 2326 2938 2348 2993 2323 3033 2343 3152 2321 3245 2321 3270 2341 3300 2321 3358 2338 3429 2318 3456 2328 3456 2285 3293 2273 3074 2275 2928 2248 2903 2273 2829 2278 2721 2217 2681 2245 2580 2220 2245 2225 2155 2313 2155 2361"/></Shape>
            <String CONTENT="احروف منايت اكرك م العام احريات ف الحر وعلمبه مسموح"
                    HPOS="2155"
                    VPOS="2217"
                    WIDTH="1301"
                    HEIGHT="144"
                    ></String>
          </TextLine>
          <TextLine ID="eSc_line_63e94e6b"
                    TAGREFS="LT1"
                    BASELINE="2157 2390 3044 2381 3459 2365" 
                    HPOS="2155"
                    VPOS="2348"
                    WIDTH="1301"
                    HEIGHT="99">
            <Shape><Polygon POINTS="2155 2429 2303 2441 2326 2426 2427 2447 2480 2424 2560 2444 2590 2424 2646 2441 2721 2421 2764 2439 2835 2424 2910 2439 2958 2416 2983 2434 3046 2416 3104 2436 3132 2414 3263 2434 3381 2416 3419 2431 3456 2409 3456 2363 3454 2363 3298 2353 3210 2368 3182 2351 3142 2368 3104 2348 2976 2351 2943 2374 2819 2353 2784 2376 2694 2356 2653 2376 2520 2379 2490 2358 2467 2381 2381 2366 2160 2384 2155 2389 2155 2429"/></Shape>
            <String CONTENT="بما قوبشر الى بايب الشاة وقدم د منوع راع غثره واستر الماف عرك"
                    HPOS="2155"
                    VPOS="2348"
                    WIDTH="1301"
                    HEIGHT="99"
                    ></String>
          </TextLine>
          <TextLine ID="eSc_line_11e4b1d7"
                    TAGREFS="LT1"
                    BASELINE="2157 2479 3119 2472 3459 2480" 
                    HPOS="2155"
                    VPOS="2396"
                    WIDTH="1301"
                    HEIGHT="131">
            <Shape><Polygon POINTS="2155 2527 2417 2527 2454 2512 2741 2527 2837 2507 3456 2522 3456 2479 3310 2464 3059 2447 2960 2462 2910 2436 2762 2467 2716 2452 2661 2396 2187 2396 2155 2477 2155 2527"/></Shape>
            <String CONTENT="والذتن يارع ا وابل سنة بال حتب ويعمر الر سابه الرحب عموض عريه"
                    HPOS="2155"
                    VPOS="2396"
                    WIDTH="1301"
                    HEIGHT="131"
                    ></String>
          </TextLine>
          <TextLine ID="eSc_line_41f27b2a"
                    TAGREFS="LT1"
                    BASELINE="3285 2560 3459 2562" 
                    HPOS="3280"
                    VPOS="2494"
                    WIDTH="176"
                    HEIGHT="106">
            <Shape><Polygon POINTS="3280 2600 3454 2580 3456 2560 3434 2494 3300 2545 3283 2557 3280 2600"/></Shape>
            <String CONTENT="ن وتف"
                    HPOS="3280"
                    VPOS="2494"
                    WIDTH="176"
                    HEIGHT="106"
                    ></String>
          </TextLine>
          <TextLine ID="eSc_line_73b82285"
                    TAGREFS="LT1"
                    BASELINE="2140 2570 3167 2560" 
                    HPOS="2140"
                    VPOS="2537"
                    WIDTH="1027"
                    HEIGHT="86">
            <Shape><Polygon POINTS="2140 2623 2266 2595 2356 2620 2399 2600 2449 2618 2626 2615 2681 2590 2762 2590 2837 2615 2895 2598 2950 2613 2988 2593 3081 2613 3164 2587 3167 2560 3162 2555 2945 2555 2870 2537 2850 2557 2809 2557 2774 2537 2671 2537 2631 2560 2605 2540 2457 2555 2409 2540 2311 2562 2172 2562 2140 2570 2140 2623"/></Shape>
            <String CONTENT="الارم شى م يقل المايه مصربعو اوهطا كرة سه"
                    HPOS="2140"
                    VPOS="2537"
                    WIDTH="1027"
                    HEIGHT="86"
                    ></String>
          </TextLine>
          <TextLine ID="eSc_line_557df272"
                    TAGREFS="LT1"
                    BASELINE="2140 2648 3451 2650" 
                    HPOS="2137"
                    VPOS="2623"
                    WIDTH="1314"
                    HEIGHT="85">
            <Shape><Polygon POINTS="2137 2688 2464 2708 2500 2686 2517 2703 2686 2708 2772 2686 2819 2708 2860 2686 2978 2686 3008 2706 3031 2691 3051 2708 3197 2708 3217 2691 3240 2708 3275 2686 3300 2708 3368 2708 3401 2686 3449 2686 3451 2650 3411 2643 2991 2643 2968 2623 2842 2623 2792 2643 2769 2623 2631 2623 2608 2638 2563 2623 2530 2643 2429 2625 2409 2643 2142 2643 2140 2648 2137 2688"/></Shape>
            <String CONTENT="سف ويحوارنه بع بحن بالا ببها درالبدراك وتعل الى انه من"
                    HPOS="2137"
                    VPOS="2623"
                    WIDTH="1314"
                    HEIGHT="85"
                    ></String>
          </TextLine>
        </TextBlock>
        <TextBlock HPOS="3268"
                   VPOS="1831"
                   WIDTH="543"
                   HEIGHT="1093"
                   ID="eSc_textblock_505e25df"
                   TAGREFS="BT1063">
          <Shape><Polygon POINTS="3443 2562 3480 1831 3542 1835 3542 1836 3797 1836 3811 1842 3780 2920 3291 2924 3268 2772 3412 2698 3473 2672"/></Shape>
          <TextLine ID="eSc_line_daa1f604"
                    TAGREFS="LT1"
                    BASELINE="3517 1857 3781 1865" 
                    HPOS="3514"
                    VPOS="1852"
                    WIDTH="267"
                    HEIGHT="41">
            <Shape><Polygon POINTS="3517 1857 3514 1890 3779 1893 3781 1865 3781 1852 3517 1852 3517 1857"/></Shape>
            <String CONTENT="امم عني"
                    HPOS="3514"
                    VPOS="1852"
                    WIDTH="267"
                    HEIGHT="41"
                    ></String>
          </TextLine>
          <TextLine ID="eSc_line_6db135b5"
                    TAGREFS="LT1"
                    BASELINE="3512 1925 3776 1923" 
                    HPOS="3509"
                    VPOS="1895"
                    WIDTH="265"
                    HEIGHT="78">
            <Shape><Polygon POINTS="3509 1973 3771 1971 3774 1920 3771 1905 3628 1895 3542 1910 3509 1923 3509 1973"/></Shape>
            <String CONTENT="ها كل ولا يشرم"
                    HPOS="3509"
                    VPOS="1895"
                    WIDTH="265"
                    HEIGHT="78"
                    ></String>
          </TextLine>
          <TextLine ID="eSc_line_dac9441a"
                    TAGREFS="LT1"
                    BASELINE="3512 2014 3784 2008" 
                    HPOS="3509"
                    VPOS="1971"
                    WIDTH="272"
                    HEIGHT="80">
            <Shape><Polygon POINTS="3509 2051 3779 2031 3781 2006 3779 1993 3731 1971 3660 1988 3602 1973 3522 2001 3509 2014 3509 2051"/></Shape>
            <String CONTENT="وانضوع اللبلة"
                    HPOS="3509"
                    VPOS="1971"
                    WIDTH="272"
                    HEIGHT="80"
                    ></String>
          </TextLine>
          <TextLine ID="eSc_line_7ad5f9ba"
                    TAGREFS="LT1"
                    BASELINE="3512 2099 3776 2087" 
                    HPOS="3509"
                    VPOS="2044"
                    WIDTH="265"
                    HEIGHT="78">
            <Shape><Polygon POINTS="3509 2107 3613 2122 3774 2094 3774 2084 3769 2044 3703 2046 3663 2074 3597 2061 3547 2079 3509 2097 3509 2107"/></Shape>
            <String CONTENT="هوى معوه"
                    HPOS="3509"
                    VPOS="2044"
                    WIDTH="265"
                    HEIGHT="78"
                    ></String>
          </TextLine>
          <TextLine ID="eSc_line_504a0341"
                    TAGREFS="LT1"
                    BASELINE="3512 2147 3789 2149" 
                    HPOS="3507"
                    VPOS="2122"
                    WIDTH="279"
                    HEIGHT="80">
            <Shape><Polygon POINTS="3509 2144 3507 2195 3643 2202 3703 2172 3784 2167 3786 2147 3759 2137 3509 2122 3509 2144"/></Shape>
            <String CONTENT="ومع وميضى خاب"
                    HPOS="3507"
                    VPOS="2122"
                    WIDTH="279"
                    HEIGHT="80"
                    ></String>
          </TextLine>
          <TextLine ID="eSc_line_4edf6212"
                    TAGREFS="LT1"
                    BASELINE="3475 2220 3781 2217" 
                    HPOS="3474"
                    VPOS="2192"
                    WIDTH="305"
                    HEIGHT="68">
            <Shape><Polygon POINTS="3474 2250 3748 2260 3779 2245 3779 2215 3776 2192 3497 2207 3474 2217 3474 2250"/></Shape>
            <String CONTENT="سمل مك مه قل ور"
                    HPOS="3474"
                    VPOS="2192"
                    WIDTH="305"
                    HEIGHT="68"
                    ></String>
          </TextLine>
          <TextLine ID="eSc_line_c6a0e4b0"
                    TAGREFS="LT1"
                    BASELINE="3472 2294 3786 2285" 
                    HPOS="3469"
                    VPOS="2258"
                    WIDTH="315"
                    HEIGHT="60">
            <Shape><Polygon POINTS="3469 2318 3781 2303 3784 2283 3781 2260 3542 2258 3497 2275 3469 2293 3469 2318"/></Shape>
            <String CONTENT="لفمب مكرك الصمع"
                    HPOS="3469"
                    VPOS="2258"
                    WIDTH="315"
                    HEIGHT="60"
                    ></String>
          </TextLine>
          <TextLine ID="eSc_line_8bb80ed4"
                    TAGREFS="LT1"
                    BASELINE="3470 2359 3784 2353" 
                    HPOS="3469"
                    VPOS="2331"
                    WIDTH="312"
                    HEIGHT="48">
            <Shape><Polygon POINTS="3469 2379 3779 2374 3781 2351 3776 2346 3691 2331 3673 2346 3572 2333 3482 2351 3469 2358 3469 2379"/></Shape>
            <String CONTENT="هه ذهممرككمنا"
                    HPOS="3469"
                    VPOS="2331"
                    WIDTH="312"
                    HEIGHT="48"
                    ></String>
          </TextLine>
          <TextLine ID="eSc_line_f9efe2c1"
                    TAGREFS="LT1"
                    BASELINE="3456 2416 3776 2419" 
                    HPOS="3451"
                    VPOS="2386"
                    WIDTH="323"
                    HEIGHT="76">
            <Shape><Polygon POINTS="3451 2452 3482 2462 3534 2441 3570 2462 3678 2462 3771 2441 3774 2416 3771 2409 3718 2386 3466 2406 3454 2414 3451 2452"/></Shape>
            <String CONTENT="ذنتحاعا كر بما خر اله"
                    HPOS="3451"
                    VPOS="2386"
                    WIDTH="323"
                    HEIGHT="76"
                    ></String>
          </TextLine>
          <TextLine ID="eSc_line_fd26ed05"
                    TAGREFS="LT1"
                    BASELINE="3451 2503 3779 2487" 
                    HPOS="3446"
                    VPOS="2479"
                    WIDTH="330"
                    HEIGHT="53">
            <Shape><Polygon POINTS="3449 2502 3449 2527 3681 2532 3776 2512 3776 2484 3774 2484 3446 2479 3449 2502"/></Shape>
            <String CONTENT="كسه ومر به ابلغ"
                    HPOS="3446"
                    VPOS="2479"
                    WIDTH="330"
                    HEIGHT="53"
                    ></String>
          </TextLine>
          <TextLine ID="eSc_line_4cbcb300"
                    TAGREFS="LT1"
                    BASELINE="3457 2568 3776 2565" 
                    HPOS="3456"
                    VPOS="2532"
                    WIDTH="318"
                    HEIGHT="73">
            <Shape><Polygon POINTS="3456 2590 3570 2605 3620 2587 3696 2603 3774 2587 3774 2562 3746 2552 3640 2532 3509 2550 3456 2567 3456 2590"/></Shape>
            <String CONTENT="ومكرر بجفه ما لبكهمن"
                    HPOS="3456"
                    VPOS="2532"
                    WIDTH="318"
                    HEIGHT="73"
                    ></String>
          </TextLine>
          <TextLine ID="eSc_line_5adb02dd"
                    TAGREFS="LT1"
                    BASELINE="3628 2630 3769 2633" 
                    HPOS="3625"
                    VPOS="2605"
                    WIDTH="144"
                    HEIGHT="58">
            <Shape><Polygon POINTS="3625 2663 3766 2650 3769 2633 3754 2620 3681 2605 3638 2620 3628 2630 3625 2663"/></Shape>
            <String CONTENT="وما ارع"
                    HPOS="3625"
                    VPOS="2605"
                    WIDTH="144"
                    HEIGHT="58"
                    ></String>
          </TextLine>
          <TextLine ID="eSc_line_285a1def"
                    TAGREFS="LT1"
                    BASELINE="3388 2712 3764 2693" 
                    HPOS="3386"
                    VPOS="2676"
                    WIDTH="375"
                    HEIGHT="50">
            <Shape><Polygon POINTS="3386 2726 3713 2723 3759 2708 3761 2691 3738 2683 3524 2676 3409 2701 3386 2711 3386 2726"/></Shape>
            <String CONTENT="ما رما الهما وم ملع مسة"
                    HPOS="3386"
                    VPOS="2676"
                    WIDTH="375"
                    HEIGHT="50"
                    ></String>
          </TextLine>
          <TextLine ID="eSc_line_5e27c1cf"
                    TAGREFS="LT1"
                    BASELINE="3334 2772 3766 2761" 
                    HPOS="3333"
                    VPOS="2728"
                    WIDTH="431"
                    HEIGHT="76">
            <Shape><Polygon POINTS="3333 2804 3512 2784 3555 2799 3665 2781 3764 2791 3764 2759 3754 2751 3587 2728 3366 2761 3333 2771 3333 2804"/></Shape>
            <String CONTENT="ح وحهك ابوات سعرعر"
                    HPOS="3333"
                    VPOS="2728"
                    WIDTH="431"
                    HEIGHT="76"
                    ></String>
          </TextLine>
          <TextLine ID="eSc_line_d169bcd2"
                    TAGREFS="LT1"
                    BASELINE="3296 2848 3759 2822" 
                    HPOS="3295"
                    VPOS="2794"
                    WIDTH="461"
                    HEIGHT="80">
            <Shape><Polygon POINTS="3295 2874 3756 2844 3756 2819 3746 2812 3698 2794 3567 2814 3499 2804 3472 2827 3323 2837 3295 2847 3295 2874"/></Shape>
            <String CONTENT="صراحوا كلحسان اكب اوم"
                    HPOS="3295"
                    VPOS="2794"
                    WIDTH="461"
                    HEIGHT="80"
                    ></String>
          </TextLine>
          <TextLine ID="eSc_line_6152a3c3"
                    TAGREFS="LT1"
                    BASELINE="3372 2902 3754 2882" 
                    HPOS="3371"
                    VPOS="2874"
                    WIDTH="380"
                    HEIGHT="58">
            <Shape><Polygon POINTS="3371 2932 3560 2932 3615 2912 3655 2927 3751 2905 3751 2880 3746 2874 3371 2895 3371 2900 3371 2932"/></Shape>
            <String CONTENT="بل لهمصمهس هو مسن لقح همر سر"
                    HPOS="3371"
                    VPOS="2874"
                    WIDTH="380"
                    HEIGHT="58"
                    ></String>
          </TextLine>
        </TextBlock>
        <TextBlock HPOS="2017"
                   VPOS="1047"
                   WIDTH="143"
                   HEIGHT="855"
                   ID="eSc_textblock_4c7794ea"
                   TAGREFS="BT1063">
          <Shape><Polygon POINTS="2036 1902 2031 1309 2017 1050 2160 1047 2151 1086 2130 1157 2147 1902"/></Shape>
          <TextLine ID="eSc_line_7a7cd557"
                    TAGREFS="LT222"
                    BASELINE="2125 1862 2073 1062" 
                    HPOS="2021"
                    VPOS="1057"
                    WIDTH="134"
                    HEIGHT="803">
            <Shape><Polygon POINTS="2140 1505 2145 1502 2147 1500 2142 1437 2117 1409 2114 1291 2132 1261 2104 1057 2072 1059 2021 1059 2059 1437 2041 1487 2057 1505 2044 1782 2122 1860 2145 1857 2137 1727 2155 1701 2155 1618 2127 1558 2145 1505 2140 1505"/></Shape>
            <String CONTENT="هدم ه "
                    HPOS="2021"
                    VPOS="1057"
                    WIDTH="134"
                    HEIGHT="803"
                    ></String>
          </TextLine>
        </TextBlock>
        <TextBlock HPOS="402"
                   VPOS="312"
                   WIDTH="1418"
                   HEIGHT="2333"
                   ID="eSc_textblock_4deec182"
                   TAGREFS="BT2">
          <Shape><Polygon POINTS="1820 332 1820 2635 422 2645 402 553 433 342 569 312"/></Shape>
          <TextLine ID="eSc_line_67a74806"
                    TAGREFS="LT1"
                    BASELINE="445 380 1767 354" 
                    HPOS="443"
                    VPOS="322"
                    WIDTH="1324"
                    HEIGHT="105">
            <Shape><Polygon POINTS="1752 329 1727 329 1702 329 1676 329 1656 327 1407 334 1316 322 1299 322 1274 322 1248 322 1243 322 1100 342 1014 322 941 337 838 324 785 344 647 344 629 329 443 337 445 380 445 407 538 410 566 427 579 412 664 425 704 407 825 422 848 400 903 420 974 400 1049 417 1107 395 1160 415 1251 397 1294 412 1389 390 1485 410 1553 387 1767 382 1767 354 1764 329 1752 329"/></Shape>
            <String CONTENT="فبعيه ابام بكرايب الشام الى سسن ى سنة أربع وغر د خض"
                    HPOS="443"
                    VPOS="322"
                    WIDTH="1324"
                    HEIGHT="105"
                    ></String>
          </TextLine>
          <TextLine ID="eSc_line_c88709b1"
                    TAGREFS="LT1"
                    BASELINE="448 453 873 463 1759 440" 
                    HPOS="448"
                    VPOS="425"
                    WIDTH="1311"
                    HEIGHT="73">
            <Shape><Polygon POINTS="448 468 727 470 767 455 969 470 1057 455 1135 498 1216 498 1513 493 1659 470 1676 483 1759 448 1759 440 1757 440 1513 425 1457 445 1437 425 1377 425 1296 427 1276 448 1216 427 1120 430 1059 453 747 455 730 438 682 455 616 438 551 458 448 450 448 453 448 468"/></Shape>
            <String CONTENT="علها فاسعضه بمرار اله ان سوحرالتىف"
                    HPOS="448"
                    VPOS="425"
                    WIDTH="1311"
                    HEIGHT="73"
                    ></String>
          </TextLine>
          <TextLine ID="eSc_line_9ff158bc"
                    TAGREFS="LT1"
                    BASELINE="430 548 1233 546 1762 526" 
                    HPOS="430"
                    VPOS="438"
                    WIDTH="1332"
                    HEIGHT="163">
            <Shape><Polygon POINTS="1258 455 1233 455 1208 455 1193 455 1163 455 1158 458 1153 458 1072 463 1052 460 1032 460 1007 460 981 460 956 463 931 463 913 463 901 468 840 463 830 463 805 463 780 463 755 460 730 460 704 460 679 460 654 458 629 458 604 458 579 458 553 458 528 455 503 455 478 455 453 455 445 438 443 438 430 548 430 579 498 591 533 576 579 601 674 581 752 594 772 579 979 596 1185 576 1294 591 1435 568 1467 589 1508 563 1558 576 1759 558 1762 526 1631 506 1354 508 1279 453 1258 455"/></Shape>
            <String CONTENT="من حد سيفه وسحسه بالر رس ابعق راو ودوصا لما السالطان"
                    HPOS="430"
                    VPOS="438"
                    WIDTH="1332"
                    HEIGHT="163"
                    ></String>
          </TextLine>
          <TextLine ID="eSc_line_7595ec79"
                    TAGREFS="LT1"
                    BASELINE="445 649 1782 611" 
                    HPOS="445"
                    VPOS="591"
                    WIDTH="1337"
                    HEIGHT="108">
            <Shape><Polygon POINTS="445 694 511 699 538 677 591 697 644 677 674 694 712 672 745 694 856 672 976 689 1067 682 1082 664 1107 684 1228 682 1276 657 1425 677 1523 649 1782 641 1782 611 1780 606 1566 611 1550 596 1425 591 1347 611 1246 596 1218 621 1155 624 1120 624 1097 601 1059 624 941 629 901 606 820 631 715 611 679 636 561 616 455 641 445 649 445 694"/></Shape>
            <String CONTENT="ن متابة أب حمله الى قلعه وشو معيدا وسحنهه وتنعم ماسرمه بمل الاب"
                    HPOS="445"
                    VPOS="591"
                    WIDTH="1337"
                    HEIGHT="108"
                    ></String>
          </TextLine>
          <TextLine ID="eSc_line_39e01bdd"
                    TAGREFS="LT1"
                    BASELINE="440 730 1777 702" 
                    HPOS="440"
                    VPOS="672"
                    WIDTH="1337"
                    HEIGHT="108">
            <Shape><Polygon POINTS="440 780 503 780 528 760 581 777 644 760 712 772 727 757 803 775 863 757 1047 770 1138 750 1168 767 1309 742 1412 762 1472 742 1777 735 1777 702 1754 694 1608 697 1553 672 1349 697 1329 677 1286 677 1206 694 1170 679 1138 694 1007 684 969 709 918 692 896 712 762 697 677 717 498 720 440 730 440 780"/></Shape>
            <String CONTENT="سعهاث كدمن فوطاب الصلاى بابت طر ابلس فسحب بها فليلا يمر اخرح"
                    HPOS="440"
                    VPOS="672"
                    WIDTH="1337"
                    HEIGHT="108"
                    ></String>
          </TextLine>
          <TextLine ID="eSc_line_e15b5ebb"
                    TAGREFS="LT1"
                    BASELINE="468 818 1770 782" 
                    HPOS="468"
                    VPOS="767"
                    WIDTH="1302"
                    HEIGHT="104">
            <Shape><Polygon POINTS="468 871 536 850 611 863 634 848 662 866 757 843 820 863 1027 843 1304 850 1329 833 1387 848 1414 825 1513 823 1538 840 1601 820 1770 815 1770 782 1767 777 1555 770 1518 785 1402 767 1256 790 1211 772 1097 798 866 782 798 785 772 805 727 790 707 808 468 813 468 818 468 871"/></Shape>
            <String CONTENT="مهيد اومكارمه وحمل على البرية ال القامه وسف فى الا سبكنة ومه صب"
                    HPOS="468"
                    VPOS="767"
                    WIDTH="1302"
                    HEIGHT="104"
                    ></String>
          </TextLine>
          <TextLine ID="eSc_line_ac64cbbf"
                    TAGREFS="LT1"
                    BASELINE="1618 888 1775 888" 
                    HPOS="1618"
                    VPOS="850"
                    WIDTH="157"
                    HEIGHT="81">
            <Shape><Polygon POINTS="1618 931 1775 903 1775 888 1759 873 1707 850 1626 873 1618 888 1618 931"/></Shape>
            <String CONTENT="والم"
                    HPOS="1618"
                    VPOS="850"
                    WIDTH="157"
                    HEIGHT="81"
                    ></String>
          </TextLine>
          <TextLine ID="eSc_line_d42a11c8"
                    TAGREFS="LT1"
                    BASELINE="458 908 1535 896" 
                    HPOS="458"
                    VPOS="868"
                    WIDTH="1077"
                    HEIGHT="96">
            <Shape><Polygon POINTS="458 959 488 944 516 959 538 946 581 964 657 949 712 961 767 941 800 961 840 941 886 961 986 939 1019 959 1231 939 1316 956 1533 933 1535 896 1530 891 1425 891 1387 868 1311 893 1226 871 1102 871 1009 878 989 896 888 873 480 901 458 908 458 959"/></Shape>
            <String CONTENT="الأبوبكري وسنجر الجاولي فسجنوا بها 
"
                    HPOS="458"
                    VPOS="868"
                    WIDTH="1077"
                    HEIGHT="96"
                    ></String>
          </TextLine>
          <TextLine ID="eSc_line_b475919c"
                    TAGREFS="LT1"
                    BASELINE="455 1001 1772 979" 
                    HPOS="455"
                    VPOS="956"
                    WIDTH="1317"
                    HEIGHT="98">
            <Shape><Polygon POINTS="455 1039 609 1037 654 1054 682 1029 715 1047 757 1029 798 1047 861 1032 924 1049 1170 1049 1211 1024 1284 1024 1331 1047 1379 1029 1437 1044 1533 1017 1583 1034 1634 1012 1772 1009 1772 979 1767 974 1659 956 1616 976 1591 959 1553 976 1394 961 1364 979 1281 964 1180 984 1037 966 1002 986 906 969 858 989 755 971 485 994 455 1001 455 1039"/></Shape>
            <String CONTENT="بعد سبع سنين وأشهر في صفر سنة أربع وثلاثين وخلع عليه
"
                    HPOS="455"
                    VPOS="956"
                    WIDTH="1317"
                    HEIGHT="98"
                    ></String>
          </TextLine>
          <TextLine ID="eSc_line_0fb94799"
                    TAGREFS="LT1"
                    BASELINE="450 1090 1775 1064" 
                    HPOS="450"
                    VPOS="1034"
                    WIDTH="1325"
                    HEIGHT="103">
            <Shape><Polygon POINTS="450 1137 704 1137 725 1122 845 1135 989 1115 1075 1130 1148 1115 1372 1125 1659 1102 1699 1117 1775 1100 1775 1064 1767 1059 1636 1034 1578 1054 1558 1037 1377 1042 1341 1067 1175 1067 1138 1044 1097 1072 871 1049 828 1072 788 1057 704 1080 662 1067 480 1082 450 1090 450 1137"/></Shape>
            <String CONTENT="من جملة أمراء الطبلخاناه ورسم بجلوسه في مجلس الملك الناصر محمد ه"
                    HPOS="450"
                    VPOS="1034"
                    WIDTH="1325"
                    HEIGHT="103"
                    ></String>
          </TextLine>
          <TextLine ID="eSc_line_87e6be62"
                    TAGREFS="LT1"
                    BASELINE="438 1178 1780 1165" 
                    HPOS="438"
                    VPOS="1127"
                    WIDTH="1342"
                    HEIGHT="101">
            <Shape><Polygon POINTS="438 1208 496 1228 543 1205 757 1226 793 1203 851 1223 926 1210 971 1226 1039 1200 1070 1218 1120 1200 1143 1218 1236 1205 1284 1220 1326 1198 1399 1220 1508 1220 1561 1203 1601 1213 1651 1195 1686 1215 1707 1198 1777 1195 1780 1165 1762 1153 1674 1135 1603 1153 1550 1127 1503 1150 1480 1130 1369 1130 1324 1150 1248 1130 1211 1155 1072 1132 1047 1155 936 1160 851 1135 818 1160 730 1160 699 1135 611 1137 586 1163 468 1163 438 1178 438 1208"/></Shape>
            <String CONTENT="كهرووامر تحاثر والام طقصبا الطاهر وارخصروا ى السور"
                    HPOS="438"
                    VPOS="1127"
                    WIDTH="1342"
                    HEIGHT="101"
                    ></String>
          </TextLine>
          <TextLine ID="eSc_line_e176462a"
                    TAGREFS="LT1"
                    BASELINE="430 1258 1782 1248" 
                    HPOS="430"
                    VPOS="1213"
                    WIDTH="1352"
                    HEIGHT="93">
            <Shape><Polygon POINTS="430 1306 468 1288 599 1306 626 1283 805 1299 830 1281 1054 1281 1102 1299 1183 1278 1286 1301 1722 1299 1780 1276 1782 1248 1770 1236 1732 1213 1548 1213 1515 1231 1457 1218 1432 1238 1347 1215 1314 1238 1261 1215 1100 1215 1067 1231 1017 1218 984 1241 883 1223 810 1241 576 1243 430 1258 430 1306"/></Shape>
            <String CONTENT="وهمر امر اطبلح اناه ولم يول عا وكهر من اتت للا يحو سبعه سفع ولر"
                    HPOS="430"
                    VPOS="1213"
                    WIDTH="1352"
                    HEIGHT="93"
                    ></String>
          </TextLine>
          <TextLine ID="eSc_line_8dc10fe3"
                    TAGREFS="LT1"
                    BASELINE="430 1336 1782 1326" 
                    HPOS="430"
                    VPOS="1306"
                    WIDTH="1352"
                    HEIGHT="81">
            <Shape><Polygon POINTS="430 1374 621 1387 644 1372 740 1384 823 1369 840 1384 941 1384 1004 1369 1077 1384 1105 1367 1208 1382 1261 1367 1402 1382 1430 1367 1525 1379 1606 1364 1623 1379 1729 1379 1782 1361 1782 1326 1780 1321 1540 1324 1505 1309 1470 1324 1442 1306 1417 1326 1359 1306 1148 1306 1085 1329 951 1309 893 1329 863 1309 838 1329 770 1316 747 1331 430 1331 430 1336 430 1374"/></Shape>
            <String CONTENT="وسفوعنه ورم تله الباالمك المموربه ملاون واسم الهم ضبهوه"
                    HPOS="430"
                    VPOS="1306"
                    WIDTH="1352"
                    HEIGHT="81"
                    ></String>
          </TextLine>
          <TextLine ID="eSc_line_5ea93a40"
                    TAGREFS="LT1"
                    BASELINE="448 1422 1777 1402" 
                    HPOS="448"
                    VPOS="1384"
                    WIDTH="1329"
                    HEIGHT="96">
            <Shape><Polygon POINTS="448 1465 518 1450 611 1480 687 1455 861 1445 891 1475 1057 1472 1102 1445 1140 1470 1248 1470 1279 1447 1326 1465 1420 1440 1505 1465 1538 1445 1598 1462 1777 1429 1777 1402 1775 1397 1143 1384 1107 1409 1047 1409 1024 1387 944 1387 843 1412 798 1399 775 1414 674 1402 448 1417 448 1422 448 1465"/></Shape>
            <String CONTENT="ملكه الايه مملمف الدين مركه السور والاوف لاسم الصرالحع لما"
                    HPOS="448"
                    VPOS="1384"
                    WIDTH="1329"
                    HEIGHT="96"
                    ></String>
          </TextLine>
          <TextLine ID="eSc_line_52746b25"
                    TAGREFS="LT1"
                    BASELINE="417 1507 1787 1490" 
                    HPOS="417"
                    VPOS="1457"
                    WIDTH="1370"
                    HEIGHT="106">
            <Shape><Polygon POINTS="417 1545 465 1563 659 1540 803 1558 1188 1555 1258 1538 1326 1553 1372 1533 1490 1530 1518 1545 1787 1525 1787 1490 1777 1477 1732 1457 1629 1480 1404 1460 1112 1487 1090 1470 997 1465 961 1490 775 1470 757 1487 609 1492 574 1475 458 1495 417 1507 417 1545"/></Shape>
            <String CONTENT="وماطسه فلالات الصالح أريجعوا ألى البرح في كانف وولم البربية"
                    HPOS="417"
                    VPOS="1457"
                    WIDTH="1370"
                    HEIGHT="106"
                    ></String>
          </TextLine>
          <TextLine ID="eSc_line_ef285251"
                    TAGREFS="LT1"
                    BASELINE="458 1608 1792 1588" 
                    HPOS="458"
                    VPOS="1560"
                    WIDTH="1334"
                    HEIGHT="104">
            <Shape><Polygon POINTS="458 1638 621 1664 684 1636 772 1661 818 1638 873 1656 959 1631 1155 1648 1246 1628 1286 1653 1455 1651 1538 1633 1664 1646 1699 1621 1792 1618 1792 1588 1790 1583 1528 1583 1508 1568 1440 1588 1387 1560 1296 1560 1251 1591 961 1565 946 1580 893 1570 851 1596 730 1570 674 1573 626 1601 513 1573 465 1598 458 1608 458 1638"/></Shape>
            <String CONTENT="قام من عدم مهم ان اراسفضب ذوله الطفر يفس امرمح عدراد"
                    HPOS="458"
                    VPOS="1560"
                    WIDTH="1334"
                    HEIGHT="104"
                    ></String>
          </TextLine>
          <TextLine ID="eSc_line_d0ee6e96"
                    TAGREFS="LT1"
                    BASELINE="450 1694 1797 1694" 
                    HPOS="450"
                    VPOS="1661"
                    WIDTH="1347"
                    HEIGHT="88">
            <Shape><Polygon POINTS="450 1694 450 1747 883 1749 913 1727 1019 1727 1052 1749 1107 1727 1266 1742 1344 1727 1477 1749 1528 1727 1563 1742 1596 1727 1797 1727 1797 1694 1797 1689 1666 1689 1644 1674 1623 1689 1566 1661 1510 1689 1279 1689 1218 1661 1087 1661 1065 1681 916 1689 876 1669 818 1684 777 1664 712 1681 667 1661 523 1661 450 1689 450 1694"/></Shape>
            <String CONTENT="الرراوس بدمق وحديف له ع حهره ه مه وهو سحف احعا طهر"
                    HPOS="450"
                    VPOS="1661"
                    WIDTH="1347"
                    HEIGHT="88"
                    ></String>
          </TextLine>
          <TextLine ID="eSc_line_076197f2"
                    TAGREFS="LT1"
                    BASELINE="407 1800 1785 1784" 
                    HPOS="407"
                    VPOS="1747"
                    WIDTH="1378"
                    HEIGHT="98">
            <Shape><Polygon POINTS="407 1845 448 1827 626 1845 654 1825 845 1825 876 1840 986 1822 1072 1840 1140 1820 1243 1837 1465 1835 1510 1817 1548 1835 1601 1815 1724 1832 1782 1815 1785 1784 1780 1772 1742 1747 1623 1747 1586 1767 1500 1749 1452 1777 1414 1749 1344 1767 1314 1749 1223 1774 1122 1752 1022 1754 989 1779 944 1754 861 1782 810 1764 788 1784 710 1772 508 1787 407 1800 407 1845"/></Shape>
            <String CONTENT="صها مكرا ومع كرقه له وعطر سعا وته لاترال مفلف لهفوالطلب"
                    HPOS="407"
                    VPOS="1747"
                    WIDTH="1378"
                    HEIGHT="98"
                    ></String>
          </TextLine>
          <TextLine ID="eSc_line_8ab04383"
                    TAGREFS="LT1"
                    BASELINE="412 1880 1792 1875" 
                    HPOS="412"
                    VPOS="1840"
                    WIDTH="1380"
                    HEIGHT="95">
            <Shape><Polygon POINTS="412 1913 485 1913 526 1935 692 1915 750 1935 795 1913 820 1930 944 1935 992 1913 1019 1935 1085 1935 1107 1910 1198 1928 1316 1910 1561 1933 1618 1910 1699 1928 1719 1910 1792 1908 1792 1875 1785 1867 1712 1860 1691 1840 1636 1867 1545 1840 1462 1855 1407 1840 1331 1865 1122 1840 1077 1870 946 1842 891 1870 780 1870 750 1845 727 1867 692 1855 664 1870 619 1847 556 1870 450 1870 412 1880 412 1913"/></Shape>
            <String CONTENT="وبعات عمل اللعمات وهو السحن وكمر عده حرابب وكارفاحا"
                    HPOS="412"
                    VPOS="1840"
                    WIDTH="1380"
                    HEIGHT="95"
                    ></String>
          </TextLine>
          <TextLine ID="eSc_line_bbe4d8ef"
                    TAGREFS="LT1"
                    BASELINE="1138 1971 1797 1971" 
                    HPOS="1138"
                    VPOS="1930"
                    WIDTH="659"
                    HEIGHT="96">
            <Shape><Polygon POINTS="1138 2026 1392 2003 1482 2026 1616 2026 1641 2008 1797 2003 1797 1971 1762 1961 1641 1961 1583 1935 1301 1930 1253 1961 1211 1938 1150 1961 1138 1971 1138 2026"/></Shape>
            <String CONTENT="فارسطا من اصار مما البص الابراح"
                    HPOS="1138"
                    VPOS="1930"
                    WIDTH="659"
                    HEIGHT="96"
                    ></String>
          </TextLine>
          <TextLine ID="eSc_line_11ee7da4"
                    TAGREFS="LT1"
                    BASELINE="430 2069 1457 2064 1493 2064 1782 2056" 
                    HPOS="428"
                    VPOS="2036"
                    WIDTH="1352"
                    HEIGHT="83">
            <Shape><Polygon POINTS="428 2099 480 2112 533 2097 574 2119 727 2102 752 2119 770 2104 810 2119 896 2102 916 2117 1206 2117 1304 2109 1321 2092 1467 2114 1608 2089 1777 2089 1780 2054 1777 2054 1671 2036 1593 2056 1206 2039 1150 2059 992 2041 916 2059 886 2041 813 2061 428 2061 428 2066 428 2099"/></Shape>
            <String CONTENT="سمو مسه الزقع كن لام بدم لهرين ول متعر االرواوس"
                    HPOS="428"
                    VPOS="2036"
                    WIDTH="1352"
                    HEIGHT="83"
                    ></String>
          </TextLine>
          <TextLine ID="eSc_line_c1ae9704"
                    TAGREFS="LT1"
                    BASELINE="450 2154 1792 2137" 
                    HPOS="450"
                    VPOS="2119"
                    WIDTH="1342"
                    HEIGHT="93">
            <Shape><Polygon POINTS="450 2187 546 2185 574 2210 629 2210 654 2182 694 2182 745 2212 866 2195 1022 2210 1072 2187 1153 2207 1185 2185 1213 2205 1309 2187 1407 2205 1445 2187 1510 2197 1563 2172 1792 2167 1792 2137 1790 2132 1543 2122 1518 2137 1414 2124 1399 2139 1309 2139 1268 2119 1248 2137 1122 2122 1102 2142 999 2144 951 2127 871 2144 830 2124 450 2149 450 2154 450 2187"/></Shape>
            <String CONTENT="س الام الطاصرهرس ويحور فى الام السعع موجه وون سم ال بجعة الام"
                    HPOS="450"
                    VPOS="2119"
                    WIDTH="1342"
                    HEIGHT="93"
                    ></String>
          </TextLine>
          <TextLine ID="eSc_line_064d26fc"
                    TAGREFS="LT1"
                    BASELINE="453 2245 1352 2235 1800 2212" 
                    HPOS="453"
                    VPOS="2202"
                    WIDTH="1347"
                    HEIGHT="101">
            <Shape><Polygon POINTS="453 2288 501 2303 589 2275 629 2293 704 2275 770 2298 808 2278 979 2295 1080 2270 1133 2290 1203 2275 1377 2288 1457 2260 1518 2278 1538 2258 1586 2275 1800 2253 1800 2212 1797 2207 1392 2202 1369 2220 1256 2205 1218 2222 1203 2207 1112 2207 1087 2225 964 2212 949 2227 755 2230 735 2215 702 2233 503 2233 453 2245 453 2288"/></Shape>
            <String CONTENT="الممصمور فلا وفوكان وا لا حمرالابعبا رسعبوى سعه ارع"
                    HPOS="453"
                    VPOS="2202"
                    WIDTH="1347"
                    HEIGHT="101"
                    ></String>
          </TextLine>
          <TextLine ID="eSc_line_11b3da65"
                    TAGREFS="LT1"
                    BASELINE="1019 2328 1797 2306" 
                    HPOS="1019"
                    VPOS="2283"
                    WIDTH="778"
                    HEIGHT="93">
            <Shape><Polygon POINTS="1019 2376 1107 2358 1170 2376 1226 2348 1263 2371 1309 2353 1336 2368 1377 2346 1457 2366 1488 2341 1538 2338 1583 2363 1669 2346 1696 2361 1724 2333 1797 2331 1797 2306 1767 2298 1558 2283 1528 2303 1447 2283 1054 2318 1019 2328 1019 2376"/></Shape>
            <String CONTENT="رعر ومنها تععما العلاء الوب اي"
                    HPOS="1019"
                    VPOS="2283"
                    WIDTH="778"
                    HEIGHT="93"
                    ></String>
          </TextLine>
          <TextLine ID="eSc_line_7548d460"
                    TAGREFS="LT1"
                    BASELINE="445 2421 1785 2399" 
                    HPOS="445"
                    VPOS="2368"
                    WIDTH="1340"
                    HEIGHT="101">
            <Shape><Polygon POINTS="445 2464 483 2447 621 2469 684 2452 740 2469 891 2467 926 2444 956 2464 1160 2462 1208 2434 1296 2434 1319 2457 1377 2431 1472 2447 1548 2429 1639 2449 1782 2426 1785 2399 1777 2394 1540 2374 1503 2394 1430 2368 1339 2368 1321 2386 1291 2371 1062 2374 1014 2406 891 2379 851 2409 785 2394 735 2411 480 2414 445 2421 445 2464"/></Shape>
            <String CONTENT="مو مست الخر ف الامر بدر الايق سره اسبا من اللحع لاس"
                    HPOS="445"
                    VPOS="2368"
                    WIDTH="1340"
                    HEIGHT="101"
                    ></String>
          </TextLine>
          <TextLine ID="eSc_line_c992d2a8"
                    TAGREFS="LT1"
                    BASELINE="513 2499 1812 2477" 
                    HPOS="513"
                    VPOS="2459"
                    WIDTH="1299"
                    HEIGHT="96">
            <Shape><Polygon POINTS="513 2530 604 2555 740 2552 760 2537 798 2552 908 2537 1087 2547 1155 2514 1289 2512 1369 2542 1417 2509 1455 2530 1540 2509 1618 2532 1676 2504 1812 2502 1812 2477 1810 2472 1523 2462 1430 2477 1354 2459 1324 2479 1226 2482 1200 2462 1095 2462 1067 2484 891 2467 737 2489 662 2469 558 2472 513 2494 513 2499 513 2530"/></Shape>
            <String CONTENT="سنا حعال وفان السعر من ا بطهى يجرمع االمخفسى المابك"
                    HPOS="513"
                    VPOS="2459"
                    WIDTH="1299"
                    HEIGHT="96"
                    ></String>
          </TextLine>
          <TextLine ID="eSc_line_4faccfa0"
                    TAGREFS="LT1"
                    BASELINE="443 2593 1807 2567" 
                    HPOS="443"
                    VPOS="2532"
                    WIDTH="1364"
                    HEIGHT="126">
            <Shape><Polygon POINTS="443 2633 556 2658 589 2628 715 2655 840 2638 961 2650 1014 2630 1092 2643 1221 2618 1261 2638 1284 2615 1503 2613 1530 2633 1606 2638 1714 2613 1807 2625 1807 2567 1800 2560 1714 2532 1689 2550 1641 2535 1447 2550 1389 2537 1362 2555 1253 2540 1190 2572 1153 2555 1115 2575 873 2577 835 2555 800 2575 775 2560 715 2580 684 2567 473 2585 443 2593 443 2633"/></Shape>
            <String CONTENT="اواعل لليل رسفان الحوالك من حور دموان اى لكنه بحله لل"
                    HPOS="443"
                    VPOS="2532"
                    WIDTH="1364"
                    HEIGHT="126"
                    ></String>
          </TextLine>
        </TextBlock>
        <TextBlock HPOS="2040"
                   VPOS="2275"
                   WIDTH="114"
                   HEIGHT="216"
                   ID="eSc_textblock_dc825a28"
                   TAGREFS="BT1063">
          <Shape><Polygon POINTS="2092 2491 2065 2414 2040 2275 2133 2275 2154 2485"/></Shape>
          <TextLine ID="eSc_line_b3508fb1"
                    TAGREFS="LT222"
                    BASELINE="2132 2475 2093 2296" 
                    HPOS="2051"
                    VPOS="2285"
                    WIDTH="114"
                    HEIGHT="194">
            <Shape><Polygon POINTS="2092 2295 2051 2303 2092 2479 2130 2474 2165 2464 2137 2384 2135 2285 2092 2295"/></Shape>
            <String CONTENT="الك "
                    HPOS="2051"
                    VPOS="2285"
                    WIDTH="114"
                    HEIGHT="194"
                    ></String>
          </TextLine>
        </TextBlock>
      </PrintSpace>
    </Page>
  </Layout>
</alto>
