<?xml version="1.0" encoding="UTF-8"?>
<alto xmlns:xsi="http://www.w3.org/2001/XMLSchema-instance"
      xmlns="http://www.loc.gov/standards/alto/ns-v4#"
      xsi:schemaLocation="http://www.loc.gov/standards/alto/ns-v4# http://www.loc.gov/standards/alto/v4/alto-4-2.xsd">
  <Description>
    <MeasurementUnit>pixel</MeasurementUnit>
    <sourceImageInformation>
      <fileName>Muqaffa-or14533-3.pdf_page_68.png</fileName>
      <fileIdentifier>pdf//Muqaffa-or14533-3.pdf</fileIdentifier>
    </sourceImageInformation>
  </Description>
  <Tags>
    <OtherTag ID="BT1094" LABEL="text" DESCRIPTION="block type text"/><OtherTag ID="BT1066" LABEL="Chancery_Material" DESCRIPTION="block type Chancery_Material"/><OtherTag ID="BT1065" LABEL="Flyleaf" DESCRIPTION="block type Flyleaf"/><OtherTag ID="BT1064" LABEL="default" DESCRIPTION="block type default"/><OtherTag ID="BT1063" LABEL="Marginal_Material" DESCRIPTION="block type Marginal_Material"/><OtherTag ID="BT1062" LABEL="Catchword" DESCRIPTION="block type Catchword"/><OtherTag ID="BT4" LABEL="Illustration" DESCRIPTION="block type Illustration"/><OtherTag ID="BT3" LABEL="Commentary" DESCRIPTION="block type Commentary"/><OtherTag ID="BT2" LABEL="Main" DESCRIPTION="block type Main"/><OtherTag ID="BT1" LABEL="Title" DESCRIPTION="block type Title"/>
    <OtherTag ID="LT1" LABEL="Main" DESCRIPTION="line type Main"/><OtherTag ID="LT219" LABEL="default" DESCRIPTION="line type default"/><OtherTag ID="LT220" LABEL="Main-90" DESCRIPTION="line type Main-90"/><OtherTag ID="LT221" LABEL="Main-180" DESCRIPTION="line type Main-180"/><OtherTag ID="LT222" LABEL="Main-270" DESCRIPTION="line type Main-270"/>
  </Tags>
  <Layout>
    <Page WIDTH="3991"
          HEIGHT="3021"
          PHYSICAL_IMG_NR="264"
          ID="eSc_dummypage_">
      <PrintSpace HPOS="0"
                  VPOS="0"
                  WIDTH="3991"
                  HEIGHT="3021">
        <TextBlock HPOS="2092"
                   VPOS="251"
                   WIDTH="1402"
                   HEIGHT="2455"
                   ID="eSc_textblock_2b29f428"
                   TAGREFS="BT2">
          <Shape><Polygon POINTS="2112 2696 2092 352 2102 271 2145 251 3494 301 3452 2122 3462 2524 3494 2706"/></Shape>
          <TextLine ID="eSc_line_e3774a8f"
                    TAGREFS="LT1"
                    BASELINE="2113 304 2201 301" 
                    HPOS="2110"
                    VPOS="259"
                    WIDTH="90"
                    HEIGHT="63">
            <Shape><Polygon POINTS="2110 261 2112 302 2112 322 2200 322 2200 299 2188 289 2115 259 2110 261"/></Shape>
            <String CONTENT="سلح"
                    HPOS="2110"
                    VPOS="259"
                    WIDTH="90"
                    HEIGHT="63"
                    ></String>
          </TextLine>
          <TextLine ID="eSc_line_785b9d46"
                    TAGREFS="LT1"
                    BASELINE="2135 360 3489 354" 
                    HPOS="2135"
                    VPOS="269"
                    WIDTH="1354"
                    HEIGHT="136">
            <Shape><Polygon POINTS="3467 299 3454 297 3419 297 3416 297 3391 297 3374 294 3351 294 3293 312 3263 292 3245 292 3207 314 3177 299 3162 314 2910 314 2865 292 2784 307 2467 269 2268 269 2135 360 2135 400 2178 385 2228 405 2444 405 2472 390 2520 405 2769 405 2883 382 2991 400 3024 382 3190 382 3278 402 3487 382 3489 354 3487 299 3467 299"/></Shape>
            <String CONTENT="لس
 فلما سلم ب قلت الأمير!
 "
                    HPOS="2135"
                    VPOS="269"
                    WIDTH="1354"
                    HEIGHT="136"
                    ></String>
          </TextLine>
          <TextLine ID="eSc_line_03785318"
                    TAGREFS="LT1"
                    BASELINE="2117 450 3492 443" 
                    HPOS="2117"
                    VPOS="412"
                    WIDTH="1375"
                    HEIGHT="88">
            <Shape><Polygon POINTS="2117 480 2256 500 2306 483 2397 500 2444 480 2545 495 2603 480 2628 495 2658 478 2971 498 3331 475 3406 495 3492 473 3492 443 3487 438 3046 412 3019 440 2976 417 2830 440 2805 420 2759 435 2726 415 2598 415 2530 438 2502 420 2392 443 2152 443 2117 450 2117 480"/></Shape>
            <String CONTENT="فاركه اعف وعلج با فبكو وصف علك تفارفه احترهف مبلك ف"
                    HPOS="2117"
                    VPOS="412"
                    WIDTH="1375"
                    HEIGHT="88"
                    ></String>
          </TextLine>
          <TextLine ID="eSc_line_55b24574"
                    TAGREFS="LT1"
                    BASELINE="2127 533 3487 538" 
                    HPOS="2125"
                    VPOS="508"
                    WIDTH="1362"
                    HEIGHT="78">
            <Shape><Polygon POINTS="2125 561 2263 563 2321 584 2608 563 2714 584 2762 566 2873 586 2983 586 3008 566 3127 586 3200 566 3233 586 3389 586 3484 566 3487 538 3449 531 2971 511 2905 531 2888 513 2807 508 2598 508 2558 528 2472 508 2444 528 2364 513 2130 528 2127 533 2125 561"/></Shape>
            <String CONTENT="كا سعف منة وقد اعتفتى ارك تكلفة النعر مف لبلا عاب"
                    HPOS="2125"
                    VPOS="508"
                    WIDTH="1362"
                    HEIGHT="78"
                    ></String>
          </TextLine>
          <TextLine ID="eSc_line_2feaea27"
                    TAGREFS="LT1"
                    BASELINE="2170 614 3487 626" 
                    HPOS="2167"
                    VPOS="596"
                    WIDTH="1320"
                    HEIGHT="86">
            <Shape><Polygon POINTS="2170 614 2167 644 2233 672 2379 657 2434 674 2568 657 2596 674 2706 677 2784 652 2810 677 2847 677 2870 654 2946 652 3114 679 3177 657 3298 657 3336 682 3484 657 3487 626 3477 621 3258 621 3195 601 3155 619 3129 601 3079 616 3024 601 2973 619 2913 599 2817 616 2749 599 2701 616 2674 596 2565 596 2548 614 2452 614 2434 596 2402 611 2170 609 2170 614"/></Shape>
            <String CONTENT="معدها احكام محف افه  اممو فاى سخ قان مانت مريض"
                    HPOS="2167"
                    VPOS="596"
                    WIDTH="1320"
                    HEIGHT="86"
                    ></String>
          </TextLine>
          <TextLine ID="eSc_line_9802328f"
                    TAGREFS="LT1"
                    BASELINE="2157 712 3487 717" 
                    HPOS="2155"
                    VPOS="689"
                    WIDTH="1332"
                    HEIGHT="73">
            <Shape><Polygon POINTS="2155 740 2248 760 2346 742 2387 760 2434 742 2477 757 2591 742 2628 760 2792 742 2827 762 2880 745 2943 762 2968 745 2996 762 3046 745 3439 762 3484 745 3487 717 3469 709 3175 692 3155 709 3084 709 2971 692 2953 709 2880 709 2810 689 2714 707 2512 689 2462 707 2392 692 2160 707 2157 712 2155 740"/></Shape>
            <String CONTENT="رملعد النعا ما ميف من ابعه عزم صاعم مب وقدوابه مسحت لل"
                    HPOS="2155"
                    VPOS="689"
                    WIDTH="1332"
                    HEIGHT="73"
                    ></String>
          </TextLine>
          <TextLine ID="eSc_line_0c60e8c1"
                    TAGREFS="LT1"
                    BASELINE="2155 798 3482 803" 
                    HPOS="2152"
                    VPOS="775"
                    WIDTH="1330"
                    HEIGHT="73">
            <Shape><Polygon POINTS="2155 798 2152 823 2200 845 2502 845 2598 828 2719 845 2742 825 2787 825 2925 840 3049 828 3107 848 3338 848 3358 830 3396 848 3479 828 3482 803 3479 798 3296 798 3260 782 3235 795 3172 777 3016 780 2998 795 2971 777 2890 777 2865 798 2817 775 2618 775 2598 795 2369 780 2341 795 2155 793 2155 798"/></Shape>
            <String CONTENT="مالسلام حم جت مف عنق معاله ما وال لك معت عليه فوام"
                    HPOS="2152"
                    VPOS="775"
                    WIDTH="1330"
                    HEIGHT="73"
                    ></String>
          </TextLine>
          <TextLine ID="eSc_line_5f9e1c4c"
                    TAGREFS="LT1"
                    BASELINE="2122 898 3479 881" 
                    HPOS="2122"
                    VPOS="855"
                    WIDTH="1357"
                    HEIGHT="96">
            <Shape><Polygon POINTS="2122 941 2183 926 2218 951 2258 928 2306 951 2371 933 2417 949 2636 946 2747 923 2840 944 2860 923 2910 931 2930 916 3061 916 3127 939 3177 913 3409 936 3437 911 3477 911 3479 881 3472 876 3411 855 3369 873 3285 855 3225 878 3175 858 3087 858 2998 881 2903 860 2878 878 2855 863 2704 863 2648 886 2497 888 2457 871 2437 886 2157 891 2122 898 2122 941"/></Shape>
            <String CONTENT="ففنح فاف معلبا مد مف والعل اد لنعا بيف به ابعه قريب وافير"
                    HPOS="2122"
                    VPOS="855"
                    WIDTH="1357"
                    HEIGHT="96"
                    ></String>
          </TextLine>
          <TextLine ID="eSc_line_c5e1be22"
                    TAGREFS="LT1"
                    BASELINE="2135 989 3472 976" 
                    HPOS="2135"
                    VPOS="951"
                    WIDTH="1337"
                    HEIGHT="88">
            <Shape><Polygon POINTS="2135 1022 2208 1022 2225 1039 2303 1024 2384 1034 2404 1017 2497 1037 2699 1034 2737 1014 2792 1034 2933 1034 3001 1012 3469 1022 3472 976 3467 971 3167 954 3147 974 3109 951 2933 951 2852 976 2754 954 2734 974 2648 979 2515 956 2490 979 2455 961 2429 976 2167 981 2135 989 2135 1022"/></Shape>
            <String CONTENT="ال شيخ فان وعليل أ مدنف ولعل الالتقاء بين
"
                    HPOS="2135"
                    VPOS="951"
                    WIDTH="1337"
                    HEIGHT="88"
                    ></String>
          </TextLine>
          <TextLine ID="eSc_line_f4e17c50"
                    TAGREFS="LT1"
                    BASELINE="2112 1074 3474 1067" 
                    HPOS="2112"
                    VPOS="1034"
                    WIDTH="1362"
                    HEIGHT="73">
            <Shape><Polygon POINTS="2112 1105 3474 1107 3474 1067 3464 1057 3014 1034 2973 1052 2956 1037 2900 1052 2830 1037 2807 1059 2711 1059 2641 1037 2580 1057 2530 1039 2497 1062 2427 1047 2218 1062 2112 1074 2112 1105"/></Shape>
            <String CONTENT="ووكله ببابها وأطلق له ابني أخيه ومن أحب إليه
"
                    HPOS="2112"
                    VPOS="1034"
                    WIDTH="1362"
                    HEIGHT="73"
                    ></String>
          </TextLine>
          <TextLine ID="eSc_line_8ae6cecd"
                    TAGREFS="LT1"
                    BASELINE="2127 1158 3482 1153" 
                    HPOS="2127"
                    VPOS="1122"
                    WIDTH="1355"
                    HEIGHT="81">
            <Shape><Polygon POINTS="2127 1188 2704 1203 2734 1188 2850 1200 2878 1183 2920 1200 2963 1183 3084 1183 3127 1200 3160 1183 3353 1200 3376 1183 3449 1200 3479 1183 3482 1153 3439 1145 3160 1145 3079 1125 3026 1145 2973 1122 2928 1145 2860 1122 2837 1142 2805 1127 2774 1147 2719 1125 2540 1125 2480 1147 2447 1125 2273 1125 2251 1147 2157 1147 2127 1158 2127 1188"/></Shape>
            <String CONTENT="ريت دارا في قماحي الم"
                    HPOS="2127"
                    VPOS="1122"
                    WIDTH="1355"
                    HEIGHT="81"
                    ></String>
          </TextLine>
          <TextLine ID="eSc_line_c667ae41"
                    TAGREFS="LT1"
                    BASELINE="2117 1243 3477 1243" 
                    HPOS="2117"
                    VPOS="1215"
                    WIDTH="1360"
                    HEIGHT="73">
            <Shape><Polygon POINTS="2117 1243 2117 1273 2188 1288 2296 1288 2314 1273 2387 1288 2477 1273 2636 1288 3477 1273 3477 1243 3477 1238 3034 1215 2996 1238 2941 1238 2855 1215 2812 1238 2767 1215 2616 1215 2583 1238 2117 1238 2117 1243"/></Shape>
            <String CONTENT="بعد احمد طم لع ما قلر مف عزن بع وكاب سسبب ولف كلزب"
                    HPOS="2117"
                    VPOS="1215"
                    WIDTH="1360"
                    HEIGHT="73"
                    ></String>
          </TextLine>
          <TextLine ID="eSc_line_1a09004f"
                    TAGREFS="LT1"
                    BASELINE="2110 1334 3479 1329" 
                    HPOS="2110"
                    VPOS="1301"
                    WIDTH="1369"
                    HEIGHT="86">
            <Shape><Polygon POINTS="2110 1369 2701 1387 3144 1364 3170 1384 3313 1367 3406 1384 3477 1364 3479 1329 3472 1321 3447 1301 3414 1321 3358 1301 3220 1321 3197 1301 3144 1301 3054 1321 3019 1301 2840 1301 2787 1324 2553 1304 2482 1324 2432 1309 2185 1324 2110 1334 2110 1369"/></Shape>
            <String CONTENT="امبر العمنيف لعنم جلى امه اى العباس احهب المنوحك كا نت انمه"
                    HPOS="2110"
                    VPOS="1301"
                    WIDTH="1369"
                    HEIGHT="86"
                    ></String>
          </TextLine>
          <TextLine ID="eSc_line_72c0a0ff"
                    TAGREFS="LT1"
                    BASELINE="2120 1432 3469 1422" 
                    HPOS="2120"
                    VPOS="1397"
                    WIDTH="1349"
                    HEIGHT="85">
            <Shape><Polygon POINTS="2120 1472 2291 1482 2346 1462 2371 1482 2444 1482 2487 1460 2792 1480 2930 1460 3265 1455 3379 1475 3399 1455 3469 1452 3469 1422 3464 1417 3220 1402 3162 1417 3129 1397 3056 1417 3021 1399 2802 1399 2752 1422 2719 1402 2656 1419 2475 1402 2442 1422 2175 1424 2120 1432 2120 1472"/></Shape>
            <String CONTENT="مصطرمه الاخوال محبلغه الند سر كتب العزل والنعكيه بدسير الوب"
                    HPOS="2120"
                    VPOS="1397"
                    WIDTH="1349"
                    HEIGHT="85"
                    ></String>
          </TextLine>
          <TextLine ID="eSc_line_52581a66"
                    TAGREFS="LT1"
                    BASELINE="2130 1520 3472 1513" 
                    HPOS="2130"
                    VPOS="1487"
                    WIDTH="1342"
                    HEIGHT="86">
            <Shape><Polygon POINTS="2130 1550 2308 1573 2384 1555 2447 1573 2507 1553 2533 1573 2676 1570 2716 1548 2777 1548 2807 1570 2918 1548 2993 1560 3087 1545 3109 1560 3185 1545 3215 1568 3361 1568 3394 1548 3452 1568 3472 1550 3472 1513 3467 1507 3210 1507 3190 1492 3165 1507 3134 1487 3046 1487 3011 1510 2981 1490 2850 1510 2784 1490 2601 1490 2583 1507 2472 1492 2165 1513 2130 1520 2130 1550"/></Shape>
            <String CONTENT="علينهم عليه فقام اخوه المعمف ببيه ابوا حم طلحه اللغب الوب"
                    HPOS="2130"
                    VPOS="1487"
                    WIDTH="1342"
                    HEIGHT="86"
                    ></String>
          </TextLine>
          <TextLine ID="eSc_line_1fcba678"
                    TAGREFS="LT1"
                    BASELINE="2137 1611 3462 1603" 
                    HPOS="2137"
                    VPOS="1583"
                    WIDTH="1325"
                    HEIGHT="76">
            <Shape><Polygon POINTS="2137 1643 2230 1659 2291 1643 2502 1659 2578 1641 2611 1656 2658 1641 2991 1656 3046 1638 3311 1653 3462 1636 3462 1603 3459 1598 3225 1586 3122 1601 3066 1583 3036 1601 2752 1586 2686 1601 2633 1586 2616 1601 2575 1586 2515 1606 2137 1606 2137 1611 2137 1643"/></Shape>
            <String CONTENT="بابعه ماالننصر والمنعور ما يحلا فه احسيف قمام وم له الغير العهد"
                    HPOS="2137"
                    VPOS="1583"
                    WIDTH="1325"
                    HEIGHT="76"
                    ></String>
          </TextLine>
          <TextLine ID="eSc_line_46d6ada8"
                    TAGREFS="LT1"
                    BASELINE="2152 1709 3459 1696" 
                    HPOS="2152"
                    VPOS="1674"
                    WIDTH="1307"
                    HEIGHT="83">
            <Shape><Polygon POINTS="2152 1747 2412 1757 2495 1737 2598 1754 2724 1734 2769 1752 2935 1752 2963 1732 3087 1747 3200 1729 3303 1747 3416 1729 3437 1747 3459 1727 3459 1696 3454 1691 2933 1674 2880 1694 2850 1676 2812 1696 2732 1676 2669 1699 2621 1679 2588 1696 2568 1679 2477 1679 2409 1701 2384 1686 2210 1701 2152 1709 2152 1747"/></Shape>
            <String CONTENT="بعفه م حلب اله بدل عى المناء يومكات يعال البهين اصلح اجمير"
                    HPOS="2152"
                    VPOS="1674"
                    WIDTH="1307"
                    HEIGHT="83"
                    ></String>
          </TextLine>
          <TextLine ID="eSc_line_63b6be44"
                    TAGREFS="LT1"
                    BASELINE="2162 1792 3474 1792" 
                    HPOS="2162"
                    VPOS="1762"
                    WIDTH="1312"
                    HEIGHT="78">
            <Shape><Polygon POINTS="2162 1840 2248 1825 2281 1840 2349 1825 2382 1840 2482 1825 2608 1840 3474 1825 3474 1792 3434 1784 3137 1784 3117 1764 3056 1762 3016 1779 2958 1762 2822 1784 2784 1762 2719 1784 2686 1762 2585 1779 2553 1762 2248 1762 2218 1784 2170 1784 2162 1792 2162 1840"/></Shape>
            <String CONTENT="الناصر لدنف ابعه ابا احه العفف باسه ولر عهه البل اخااب المعب"
                    HPOS="2162"
                    VPOS="1762"
                    WIDTH="1312"
                    HEIGHT="78"
                    ></String>
          </TextLine>
          <TextLine ID="eSc_line_8a9e567e"
                    TAGREFS="LT1"
                    BASELINE="2162 1878 3467 1873" 
                    HPOS="2162"
                    VPOS="1847"
                    WIDTH="1305"
                    HEIGHT="78">
            <Shape><Polygon POINTS="2162 1925 2346 1923 2361 1908 2762 1923 2815 1905 2915 1905 2930 1920 2991 1905 3414 1920 3464 1905 3467 1873 3464 1867 2812 1847 2747 1865 2721 1850 2674 1873 2646 1850 2631 1865 2578 1850 2543 1873 2439 1855 2162 1873 2162 1878 2162 1925"/></Shape>
            <String CONTENT="م ارسف المعنهر معه م ابحلو فه االوسم بحتت لم سعد له ومسع لبيو"
                    HPOS="2162"
                    VPOS="1847"
                    WIDTH="1305"
                    HEIGHT="78"
                    ></String>
          </TextLine>
          <TextLine ID="eSc_line_161919f2"
                    TAGREFS="LT1"
                    BASELINE="2155 1953 3459 1961" 
                    HPOS="2152"
                    VPOS="1925"
                    WIDTH="1307"
                    HEIGHT="89">
            <Shape><Polygon POINTS="2152 1988 2238 2008 2379 1993 2462 2006 2492 1991 2510 2008 2563 1996 2598 2011 2807 2011 2830 1993 2867 2011 2935 1993 3006 2008 3024 1993 3102 2011 3137 1996 3215 2014 3235 1996 3291 2014 3361 1996 3457 2014 3459 1961 3429 1951 3313 1928 3233 1928 3197 1951 3061 1930 2991 1946 2971 1925 2908 1943 2885 1925 2739 1925 2696 1943 2671 1925 2601 1943 2455 1930 2417 1946 2198 1946 2155 1953 2152 1988"/></Shape>
            <String CONTENT="ماحقيه مضحرمف ذاف وكسب لى احه بطولع سر ا سلوا مراجيه"
                    HPOS="2152"
                    VPOS="1925"
                    WIDTH="1307"
                    HEIGHT="89"
                    ></String>
          </TextLine>
          <TextLine ID="eSc_line_a157f1af"
                    TAGREFS="LT1"
                    BASELINE="2155 2039 3453 2065" 
                    HPOS="2150"
                    VPOS="2021"
                    WIDTH="1302"
                    HEIGHT="91">
            <Shape><Polygon POINTS="2152 2036 2150 2074 2417 2092 2500 2074 2548 2094 2606 2079 2631 2097 2807 2081 2862 2102 2908 2084 2951 2102 3056 2087 3109 2107 3212 2089 3386 2112 3449 2094 3452 2064 3452 2059 3172 2054 3097 2034 3066 2046 2842 2029 2752 2046 2734 2029 2591 2041 2570 2024 2485 2039 2417 2021 2379 2036 2152 2031 2152 2036"/></Shape>
            <String CONTENT="لمم مف فاسار عليه اب بحف مصر وعقه بالنعنة له واحرح س"
                    HPOS="2150"
                    VPOS="2021"
                    WIDTH="1302"
                    HEIGHT="91"
                    ></String>
          </TextLine>
          <TextLine ID="eSc_line_35e43658"
                    TAGREFS="LT1"
                    BASELINE="2167 2139 3447 2153" 
                    HPOS="2162"
                    VPOS="2112"
                    WIDTH="1282"
                    HEIGHT="83">
            <Shape><Polygon POINTS="2162 2177 2230 2162 2266 2182 2568 2165 2596 2187 2762 2165 3021 2192 3119 2170 3197 2185 3270 2172 3298 2195 3442 2177 3444 2152 3416 2144 3235 2144 3170 2124 3036 2142 3014 2117 2867 2139 2805 2114 2664 2137 2591 2112 2535 2112 2517 2129 2475 2114 2437 2132 2167 2132 2165 2137 2162 2177"/></Shape>
            <String CONTENT="مصب  السهام عسار الى الرمة ستطر وب وصول العنهر الهر فاعس"
                    HPOS="2162"
                    VPOS="2112"
                    WIDTH="1282"
                    HEIGHT="83"
                    ></String>
          </TextLine>
          <TextLine ID="eSc_line_479048fd"
                    TAGREFS="LT1"
                    BASELINE="2174 2249 3438 2235" 
                    HPOS="2173"
                    VPOS="2202"
                    WIDTH="1264"
                    HEIGHT="83">
            <Shape><Polygon POINTS="2173 2268 2228 2285 2311 2268 2339 2285 2424 2283 2447 2260 2568 2283 2626 2258 2805 2255 3434 2273 3437 2233 3432 2227 3260 2215 3202 2230 3119 2205 3071 2227 3024 2202 2981 2227 2946 2205 2714 2207 2681 2230 2638 2207 2598 2212 2575 2238 2538 2220 2497 2235 2205 2240 2173 2248 2173 2268"/></Shape>
            <String CONTENT="المهنم تكسببه الوحف عنه ممسا لت كلفى اسفكى مسر ع سبيف"
                    HPOS="2173"
                    VPOS="2202"
                    WIDTH="1264"
                    HEIGHT="83"
                    ></String>
          </TextLine>
          <TextLine ID="eSc_line_7ad2fbac"
                    TAGREFS="LT1"
                    BASELINE="2125 2318 3450 2334" 
                    HPOS="2120"
                    VPOS="2283"
                    WIDTH="1329"
                    HEIGHT="88">
            <Shape><Polygon POINTS="2120 2353 2596 2371 2704 2348 2732 2368 2779 2368 2799 2348 2878 2366 3069 2351 3447 2368 3449 2333 3442 2323 3399 2298 3361 2323 3280 2323 3240 2306 3223 2321 3157 2313 3114 2290 3031 2311 3008 2288 2878 2285 2719 2285 2628 2313 2568 2283 2492 2311 2404 2311 2387 2293 2356 2311 2281 2308 2256 2285 2135 2308 2122 2316 2120 2353"/></Shape>
            <String CONTENT="وما متبيف ومعه جماعة من المواو منهم ابر هبمبل لوموم احه خافان"
                    HPOS="2120"
                    VPOS="2283"
                    WIDTH="1329"
                    HEIGHT="88"
                    ></String>
          </TextLine>
          <TextLine ID="eSc_line_ba7176a7"
                    TAGREFS="LT1"
                    BASELINE="2147 2411 3444 2420" 
                    HPOS="2142"
                    VPOS="2386"
                    WIDTH="1300"
                    HEIGHT="76">
            <Shape><Polygon POINTS="2142 2441 2470 2457 2616 2441 2714 2457 2749 2441 2842 2457 2946 2444 2973 2459 3149 2447 3170 2462 3439 2447 3442 2419 3409 2411 3165 2411 3104 2391 2953 2409 2918 2391 2759 2391 2737 2406 2646 2389 2570 2406 2553 2389 2467 2386 2409 2404 2147 2404 2145 2409 2142 2441"/></Shape>
            <String CONTENT=" ثمان وخمسين وستمائة منهم آقوش الموصلي
قتال ا"
                    HPOS="2142"
                    VPOS="2386"
                    WIDTH="1300"
                    HEIGHT="76"
                    ></String>
          </TextLine>
          <TextLine ID="eSc_line_829b4bbf"
                    TAGREFS="LT1"
                    BASELINE="2152 2497 3446 2512" 
                    HPOS="2147"
                    VPOS="2467"
                    WIDTH="1297"
                    HEIGHT="85">
            <Shape><Polygon POINTS="2147 2535 2271 2522 2427 2542 2530 2542 2548 2525 2623 2545 2686 2545 2704 2527 2767 2542 2797 2527 2900 2542 3074 2532 3230 2552 3442 2540 3444 2509 3411 2502 3175 2484 3137 2499 3112 2479 3039 2499 2998 2472 2903 2487 2870 2472 2830 2489 2794 2469 2679 2484 2623 2469 2603 2484 2580 2467 2399 2467 2366 2492 2283 2474 2152 2489 2150 2494 2147 2535"/></Shape>
            <String CONTENT="يحف من شيداخبف عا ط لوسل وعامة ابجر سه فكنب لممف"
                    HPOS="2147"
                    VPOS="2467"
                    WIDTH="1297"
                    HEIGHT="85"
                    ></String>
          </TextLine>
          <TextLine ID="eSc_line_c82e8e29"
                    TAGREFS="LT1"
                    BASELINE="2155 2577 3464 2590" 
                    HPOS="2152"
                    VPOS="2555"
                    WIDTH="1312"
                    HEIGHT="88">
            <Shape><Polygon POINTS="2152 2613 2314 2633 2359 2610 2419 2635 2472 2620 2553 2635 2578 2618 2598 2635 2641 2615 2721 2638 2764 2608 2797 2638 2837 2608 2941 2608 2991 2638 3071 2613 3122 2640 3202 2620 3238 2643 3275 2613 3316 2643 3351 2643 3389 2613 3462 2613 3464 2590 3426 2582 3205 2582 3137 2562 2991 2580 2941 2560 2772 2577 2679 2557 2653 2575 2616 2557 2467 2575 2319 2555 2286 2572 2157 2572 2155 2577 2152 2613"/></Shape>
            <String CONTENT="صون البعه عل خرمب صنا حبب ميح كسب لي اسحق بحبه أن هم"
                    HPOS="2152"
                    VPOS="2555"
                    WIDTH="1312"
                    HEIGHT="88"
                    ></String>
          </TextLine>
          <TextLine ID="eSc_line_195b99f6"
                    TAGREFS="LT1"
                    BASELINE="2155 2671 3464 2676" 
                    HPOS="2152"
                    VPOS="2650"
                    WIDTH="1312"
                    HEIGHT="78">
            <Shape><Polygon POINTS="2152 2701 2213 2706 2235 2726 2291 2726 2321 2703 2417 2721 2507 2703 2601 2726 2797 2703 2827 2723 2910 2706 2941 2728 2971 2713 3011 2728 3243 2728 3301 2711 3379 2728 3462 2706 3464 2676 3452 2671 3228 2671 3190 2653 3167 2671 3139 2653 3049 2653 3031 2671 2958 2671 2938 2653 2689 2668 2618 2650 2563 2668 2540 2650 2157 2666 2155 2671 2152 2701"/></Shape>
            <String CONTENT="فصم اعهر من طولف مات ومل مص بحبنت حف الغلوى جى يغلب"
                    HPOS="2152"
                    VPOS="2650"
                    WIDTH="1312"
                    HEIGHT="78"
                    ></String>
          </TextLine>
        </TextBlock>
        <TextBlock HPOS="3493"
                   VPOS="1533"
                   WIDTH="316"
                   HEIGHT="236"
                   ID="eSc_textblock_87bde104"
                   TAGREFS="BT2">
          <Shape><Polygon POINTS="3809 1550 3790 1769 3493 1767 3493 1533 3685 1541"/></Shape>
          <TextLine ID="eSc_line_86766640"
                    TAGREFS="LT1"
                    BASELINE="3527 1586 3787 1593" 
                    HPOS="3525"
                    VPOS="1545"
                    WIDTH="262"
                    HEIGHT="78">
            <Shape><Polygon POINTS="3525 1623 3784 1618 3787 1593 3774 1545 3552 1575 3527 1586 3525 1623"/></Shape>
            <String CONTENT="ومار الحلر اليه"
                    HPOS="3525"
                    VPOS="1545"
                    WIDTH="262"
                    HEIGHT="78"
                    ></String>
          </TextLine>
          <TextLine ID="eSc_line_d233513b"
                    TAGREFS="LT1"
                    BASELINE="3499 1653 3789 1653" 
                    HPOS="3499"
                    VPOS="1626"
                    WIDTH="290"
                    HEIGHT="70">
            <Shape><Polygon POINTS="3499 1696 3641 1679 3724 1696 3789 1679 3789 1653 3789 1626 3525 1638 3499 1653 3499 1696"/></Shape>
            <String CONTENT="تحمى اسلا مع الرشله"
                    HPOS="3499"
                    VPOS="1626"
                    WIDTH="290"
                    HEIGHT="70"
                    ></String>
          </TextLine>
          <TextLine ID="eSc_line_a644329b"
                    TAGREFS="LT1"
                    BASELINE="3590 1724 3771 1719" 
                    HPOS="3590"
                    VPOS="1701"
                    WIDTH="181"
                    HEIGHT="63">
            <Shape><Polygon POINTS="3590 1764 3771 1747 3771 1719 3766 1716 3703 1701 3661 1721 3605 1714 3590 1724 3590 1764"/></Shape>
            <String CONTENT="يمن "
                    HPOS="3590"
                    VPOS="1701"
                    WIDTH="181"
                    HEIGHT="63"
                    ></String>
          </TextLine>
        </TextBlock>
        <TextBlock HPOS="3458"
                   VPOS="2036"
                   WIDTH="361"
                   HEIGHT="218"
                   ID="eSc_textblock_8c500323"
                   TAGREFS="BT2">
          <Shape><Polygon POINTS="3819 2233 3803 2254 3458 2242 3464 2036 3804 2044"/></Shape>
          <TextLine ID="eSc_line_660a3529"
                    TAGREFS="LT1"
                    BASELINE="3482 2069 3796 2083" 
                    HPOS="3477"
                    VPOS="2036"
                    WIDTH="317"
                    HEIGHT="63">
            <Shape><Polygon POINTS="3479 2066 3477 2097 3792 2099 3794 2081 3782 2064 3764 2044 3703 2061 3630 2036 3479 2049 3479 2066"/></Shape>
            <String CONTENT="رخم من سفيه من مصر"
                    HPOS="3477"
                    VPOS="2036"
                    WIDTH="317"
                    HEIGHT="63"
                    ></String>
          </TextLine>
          <TextLine ID="eSc_line_8318ae13"
                    TAGREFS="LT1"
                    BASELINE="3487 2133 3789 2132" 
                    HPOS="3484"
                    VPOS="2099"
                    WIDTH="303"
                    HEIGHT="71">
            <Shape><Polygon POINTS="3484 2154 3510 2170 3595 2154 3787 2167 3787 2129 3766 2119 3688 2117 3668 2099 3505 2102 3484 2132 3484 2154"/></Shape>
            <String CONTENT="بر مصر الص الصعم فراو"
                    HPOS="3484"
                    VPOS="2099"
                    WIDTH="303"
                    HEIGHT="71"
                    ></String>
          </TextLine>
          <TextLine ID="eSc_line_674d9fcd"
                    TAGREFS="LT1"
                    BASELINE="3470 2211 3792 2197" 
                    HPOS="3469"
                    VPOS="2172"
                    WIDTH="320"
                    HEIGHT="66">
            <Shape><Polygon POINTS="3469 2238 3789 2215 3789 2195 3787 2172 3641 2172 3499 2197 3469 2210 3469 2238"/></Shape>
            <String CONTENT="وهر مسق م معرهم الم"
                    HPOS="3469"
                    VPOS="2172"
                    WIDTH="320"
                    HEIGHT="66"
                    ></String>
          </TextLine>
        </TextBlock>
        <TextBlock HPOS="191"
                   VPOS="458"
                   WIDTH="1677"
                   HEIGHT="1805"
                   ID="eSc_textblock_84b028e4"
                   TAGREFS="BT1065">
          <Shape><Polygon POINTS="564 463 1828 493 1868 2001 1797 2263 443 2253 382 735 349 641 221 621 191 571 196 503 466 503 466 459 554 459 554 458"/></Shape>
          <TextLine ID="eSc_line_6356ebda"
                    TAGREFS="LT1"
                    BASELINE="450 541 1790 526" 
                    HPOS="450"
                    VPOS="455"
                    WIDTH="1340"
                    HEIGHT="131">
            <Shape><Polygon POINTS="1782 490 1757 490 1732 490 1719 488 1399 495 1243 478 1228 478 1203 478 1178 475 1153 475 1128 475 1112 475 1102 480 1044 473 1027 473 1002 473 976 470 951 470 926 470 901 470 898 470 876 475 866 468 851 468 825 468 808 468 793 473 780 468 775 468 750 465 725 465 699 465 674 465 649 463 624 463 599 463 574 463 548 458 546 455 538 458 450 541 450 586 614 568 707 584 752 566 868 581 954 563 1039 581 1175 566 1339 579 1437 558 1530 576 1566 556 1787 556 1790 526 1787 490 1782 490"/></Shape>
            <String CONTENT="دار السلطان استنويم ا جهد مطر لوف على امن لم تبق سبلر معش الموالي"
                    HPOS="450"
                    VPOS="455"
                    WIDTH="1340"
                    HEIGHT="131"
                    ></String>
          </TextLine>
          <TextLine ID="eSc_line_ab131684"
                    TAGREFS="LT1"
                    BASELINE="203 546 372 546" 
                    HPOS="203"
                    VPOS="516"
                    WIDTH="169"
                    HEIGHT="88">
            <Shape><Polygon POINTS="203 604 372 604 372 546 362 533 251 516 219 533 203 546 203 604"/></Shape>
            <String CONTENT="وذلك"
                    HPOS="203"
                    VPOS="516"
                    WIDTH="169"
                    HEIGHT="88"
                    ></String>
          </TextLine>
          <TextLine ID="eSc_line_14bb9f80"
                    TAGREFS="LT1"
                    BASELINE="445 621 1795 616" 
                    HPOS="445"
                    VPOS="589"
                    WIDTH="1350"
                    HEIGHT="70">
            <Shape><Polygon POINTS="445 659 1792 646 1795 616 1790 611 1442 589 1389 611 1367 591 1304 589 1256 611 1218 589 1158 604 1117 589 1019 591 971 614 810 614 788 591 717 591 659 611 637 599 470 614 445 621 445 659"/></Shape>
            <String CONTENT="اساب وما شبله ابعة لنا جود الغنايه في خوم حه معاع اسحق مكن"
                    HPOS="445"
                    VPOS="589"
                    WIDTH="1350"
                    HEIGHT="70"
                    ></String>
          </TextLine>
          <TextLine ID="eSc_line_fb6c9847"
                    TAGREFS="LT1"
                    BASELINE="478 712 1792 697" 
                    HPOS="478"
                    VPOS="677"
                    WIDTH="1314"
                    HEIGHT="68">
            <Shape><Polygon POINTS="478 745 1790 735 1792 697 1790 692 1505 677 1483 697 1412 682 1347 699 1321 679 1253 699 1223 679 1133 679 989 684 969 702 919 684 891 704 795 704 775 687 689 707 478 707 478 712 478 745"/></Shape>
            <String CONTENT="ما صم ف سح به ممتعه ات ا مطاقوا لاحدمت مع المعرم العمون"
                    HPOS="478"
                    VPOS="677"
                    WIDTH="1314"
                    HEIGHT="68"
                    ></String>
          </TextLine>
          <TextLine ID="eSc_line_32dd5a6e"
                    TAGREFS="LT1"
                    BASELINE="448 790 1795 782" 
                    HPOS="448"
                    VPOS="760"
                    WIDTH="1347"
                    HEIGHT="78">
            <Shape><Polygon POINTS="448 823 604 838 705 820 747 838 825 820 858 838 1049 818 1342 835 1500 815 1543 833 1603 815 1656 830 1792 815 1795 782 1790 777 1480 760 1410 777 1342 760 1289 780 1102 762 1085 780 1044 762 976 780 717 767 483 782 448 790 448 823"/></Shape>
            <String CONTENT="ساممم حد العتد س لع صار والخدسه قضر منه معرمه وونه وركب"
                    HPOS="448"
                    VPOS="760"
                    WIDTH="1347"
                    HEIGHT="78"
                    ></String>
          </TextLine>
          <TextLine ID="eSc_line_d9d3c9e2"
                    TAGREFS="LT1"
                    BASELINE="448 876 1802 876" 
                    HPOS="448"
                    VPOS="855"
                    WIDTH="1354"
                    HEIGHT="76">
            <Shape><Polygon POINTS="448 876 448 918 632 931 684 913 825 931 951 911 999 931 1049 913 1389 931 1475 911 1535 931 1561 911 1646 926 1802 911 1802 876 1802 873 1586 871 1556 855 1493 873 1452 855 1427 871 1238 873 1185 855 1155 873 1082 858 992 873 954 855 936 873 883 873 830 855 788 873 765 855 657 855 619 873 599 855 531 855 448 873 448 876"/></Shape>
            <String CONTENT="بب مرا مضرم المعتهرف عيواف بشعربه احده اسحايه محرح اليه"
                    HPOS="448"
                    VPOS="855"
                    WIDTH="1354"
                    HEIGHT="76"
                    ></String>
          </TextLine>
          <TextLine ID="eSc_line_b5b0f23b"
                    TAGREFS="LT1"
                    BASELINE="460 971 1797 964" 
                    HPOS="460"
                    VPOS="944"
                    WIDTH="1337"
                    HEIGHT="80">
            <Shape><Polygon POINTS="460 1009 820 1024 853 1007 903 1024 1306 1004 1349 1022 1795 1001 1797 964 1792 959 1578 959 1538 944 1470 961 1432 944 1387 961 1357 944 1326 964 1274 946 1163 964 1145 946 903 946 858 966 485 966 460 971 460 1009"/></Shape>
            <String CONTENT="اخادم وسر عليه واسبا ذت له مدخل على احه ومعه ابنه ررت"
                    HPOS="460"
                    VPOS="944"
                    WIDTH="1337"
                    HEIGHT="80"
                    ></String>
          </TextLine>
          <TextLine ID="eSc_line_b3f777ef"
                    TAGREFS="LT1"
                    BASELINE="453 1057 1797 1057" 
                    HPOS="453"
                    VPOS="1032"
                    WIDTH="1344"
                    HEIGHT="75">
            <Shape><Polygon POINTS="453 1087 647 1087 679 1107 745 1107 765 1090 805 1107 886 1090 939 1107 1153 1107 1196 1087 1236 1102 1316 1105 1334 1090 1369 1107 1452 1087 1510 1107 1646 1107 1797 1087 1797 1057 1777 1049 1407 1032 1392 1047 1286 1049 1269 1032 1178 1032 1140 1049 1092 1032 1052 1049 1019 1032 961 1049 944 1032 878 1047 795 1032 755 1047 491 1049 453 1057 453 1087"/></Shape>
            <String CONTENT="استكف وح عه من وجبعه اسى يه فسلم ووفف باسى به فعال له"
                    HPOS="453"
                    VPOS="1032"
                    WIDTH="1344"
                    HEIGHT="75"
                    ></String>
          </TextLine>
          <TextLine ID="eSc_line_b58d239e"
                    TAGREFS="LT1"
                    BASELINE="491 1147 1802 1153" 
                    HPOS="488"
                    VPOS="1120"
                    WIDTH="1314"
                    HEIGHT="83">
            <Shape><Polygon POINTS="488 1175 548 1200 657 1183 697 1200 1024 1200 1057 1180 1092 1200 1168 1188 1183 1203 1248 1180 1309 1200 1427 1188 1442 1203 1538 1203 1561 1180 1692 1203 1717 1180 1800 1180 1802 1153 1767 1145 1498 1145 1480 1127 1452 1145 1407 1125 1357 1145 1334 1122 1264 1137 1145 1120 1087 1137 1067 1120 1039 1140 992 1120 873 1120 851 1142 682 1122 639 1142 493 1142 491 1147 488 1175"/></Shape>
            <String CONTENT="لمعفهرما تحق لم منعت الحسرم الدخول الى المعصل فعال"
                    HPOS="488"
                    VPOS="1120"
                    WIDTH="1314"
                    HEIGHT="83"
                    ></String>
          </TextLine>
          <TextLine ID="eSc_line_b84645a4"
                    TAGREFS="LT1"
                    BASELINE="468 1251 1797 1238" 
                    HPOS="468"
                    VPOS="1210"
                    WIDTH="1329"
                    HEIGHT="83">
            <Shape><Polygon POINTS="468 1276 863 1273 919 1293 961 1273 1092 1273 1115 1291 1218 1291 1324 1271 1352 1288 1528 1288 1795 1266 1797 1238 1792 1233 1671 1233 1646 1213 1586 1210 1538 1226 1505 1213 1483 1236 1369 1213 1304 1236 1128 1215 1065 1238 961 1241 924 1218 868 1218 732 1228 720 1243 503 1243 468 1251 468 1276"/></Shape>
            <String CONTENT="وما معنى دخول الحشم الموصل
 "
                    HPOS="468"
                    VPOS="1210"
                    WIDTH="1329"
                    HEIGHT="83"
                    ></String>
          </TextLine>
          <TextLine ID="eSc_line_64389c48"
                    TAGREFS="LT1"
                    BASELINE="478 1326 1800 1331" 
                    HPOS="475"
                    VPOS="1304"
                    WIDTH="1325"
                    HEIGHT="78">
            <Shape><Polygon POINTS="475 1356 516 1379 689 1364 755 1379 838 1361 941 1361 966 1379 1102 1359 1140 1382 1797 1361 1800 1331 1797 1326 1430 1306 1377 1326 1296 1326 1261 1306 1007 1324 964 1304 883 1304 863 1324 760 1304 702 1324 662 1304 480 1321 478 1326 475 1356"/></Shape>
            <String CONTENT="لع مسن الم خلف م مسبل اخوفي وجه العم وم لست بخرر"
                    HPOS="475"
                    VPOS="1304"
                    WIDTH="1325"
                    HEIGHT="78"
                    ></String>
          </TextLine>
          <TextLine ID="eSc_line_202f62eb"
                    TAGREFS="LT1"
                    BASELINE="480 1422 1795 1414" 
                    HPOS="480"
                    VPOS="1394"
                    WIDTH="1315"
                    HEIGHT="76">
            <Shape><Polygon POINTS="480 1470 591 1470 626 1452 710 1470 823 1452 878 1452 896 1470 919 1452 1049 1467 1178 1450 1269 1467 1357 1447 1407 1465 1626 1447 1654 1465 1792 1447 1795 1414 1792 1409 1596 1412 1558 1394 1349 1414 1324 1394 1211 1394 1185 1412 1148 1394 1017 1394 992 1409 916 1394 841 1417 735 1399 483 1417 480 1422 480 1470"/></Shape>
            <String CONTENT="اومسسقر مه منه ابايف وليف سح هذا عنفه ليم خععف"
                    HPOS="480"
                    VPOS="1394"
                    WIDTH="1315"
                    HEIGHT="76"
                    ></String>
          </TextLine>
          <TextLine ID="eSc_line_6a415fde"
                    TAGREFS="LT1"
                    BASELINE="483 1507 1782 1502" 
                    HPOS="483"
                    VPOS="1477"
                    WIDTH="1299"
                    HEIGHT="71">
            <Shape><Polygon POINTS="483 1545 662 1533 689 1548 1100 1548 1145 1530 1175 1545 1218 1530 1246 1545 1304 1530 1362 1545 1485 1530 1666 1545 1780 1530 1782 1502 1777 1497 1201 1477 1175 1495 1052 1480 1032 1500 992 1480 946 1497 929 1480 873 1480 828 1500 518 1500 483 1507 483 1545"/></Shape>
            <String CONTENT="سع ومه الحا م ج سب تعلب لعد وبحام أرمل عاب وهدا كبام"
                    HPOS="483"
                    VPOS="1477"
                    WIDTH="1299"
                    HEIGHT="71"
                    ></String>
          </TextLine>
          <TextLine ID="eSc_line_ee323129"
                    TAGREFS="LT1"
                    BASELINE="468 1588 1795 1593" 
                    HPOS="465"
                    VPOS="1558"
                    WIDTH="1330"
                    HEIGHT="83">
            <Shape><Polygon POINTS="465 1631 526 1638 569 1618 604 1638 712 1638 825 1621 856 1638 1055 1638 1125 1618 1155 1638 1173 1623 1231 1641 1261 1621 1596 1621 1676 1641 1792 1621 1795 1593 1765 1580 1687 1560 1551 1560 1500 1580 1440 1560 1412 1580 1352 1580 1296 1560 1251 1580 1223 1560 1128 1558 941 1560 908 1578 803 1558 765 1578 506 1578 468 1588 465 1631"/></Shape>
            <String CONTENT="اخببكر فعال له انف علاضى اوغلا راحى ول كانبا على بهبام المو"
                    HPOS="465"
                    VPOS="1558"
                    WIDTH="1330"
                    HEIGHT="83"
                    ></String>
          </TextLine>
          <TextLine ID="eSc_line_5b277826"
                    TAGREFS="LT1"
                    BASELINE="475 1684 1795 1676" 
                    HPOS="475"
                    VPOS="1651"
                    WIDTH="1320"
                    HEIGHT="76">
            <Shape><Polygon POINTS="475 1711 883 1727 1047 1706 1087 1724 1102 1709 1266 1724 1309 1706 1364 1721 1405 1704 1473 1721 1712 1721 1792 1704 1795 1676 1790 1671 1578 1671 1561 1656 1513 1671 1359 1651 1291 1674 1218 1674 1198 1653 919 1653 513 1676 475 1684 475 1711"/></Shape>
            <String CONTENT="اطعت ابيه فاداعصينه فلاطا عة اف علينا قال مما عصنه"
                    HPOS="475"
                    VPOS="1651"
                    WIDTH="1320"
                    HEIGHT="76"
                    ></String>
          </TextLine>
          <TextLine ID="eSc_line_9c51368a"
                    TAGREFS="LT1"
                    BASELINE="458 1774 1797 1757" 
                    HPOS="458"
                    VPOS="1721"
                    WIDTH="1339"
                    HEIGHT="99">
            <Shape><Polygon POINTS="458 1820 485 1802 609 1820 677 1800 765 1817 783 1800 873 1797 1029 1815 1075 1794 1191 1812 1223 1792 1392 1810 1450 1789 1598 1807 1636 1787 1749 1805 1797 1784 1797 1757 1787 1742 1767 1727 1739 1744 1717 1721 1656 1744 1457 1724 1392 1742 1311 1727 1279 1749 1211 1727 1128 1729 1097 1752 1032 1737 1004 1749 976 1732 594 1759 458 1774 458 1820"/></Shape>
            <String CONTENT="قال اسحق تخلج وارحلافه ابابع ونريار اخا وعن عدو و"
                    HPOS="458"
                    VPOS="1721"
                    WIDTH="1339"
                    HEIGHT="99"
                    ></String>
          </TextLine>
          <TextLine ID="eSc_line_773c2b13"
                    TAGREFS="LT1"
                    BASELINE="453 1860 1790 1850" 
                    HPOS="453"
                    VPOS="1827"
                    WIDTH="1337"
                    HEIGHT="88">
            <Shape><Polygon POINTS="453 1895 498 1915 672 1915 699 1900 745 1915 861 1913 886 1895 951 1913 976 1890 1168 1890 1203 1910 1253 1888 1296 1905 1455 1885 1510 1885 1538 1905 1641 1885 1717 1908 1787 1885 1790 1850 1787 1845 1571 1827 1520 1847 1337 1850 1233 1830 1178 1850 1130 1830 1067 1850 1007 1832 984 1852 929 1852 896 1832 876 1852 798 1835 460 1855 453 1860 453 1895"/></Shape>
            <String CONTENT="م منعم عن مسعوت و نفرمه أرو عاجب لريب م خرج م الصب"
                    HPOS="453"
                    VPOS="1827"
                    WIDTH="1337"
                    HEIGHT="88"
                    ></String>
          </TextLine>
          <TextLine ID="eSc_line_af8a8d0c"
                    TAGREFS="LT222"
                    BASELINE="1818 2064 1816 1882" 
                    HPOS="1782"
                    VPOS="1880"
                    WIDTH="63"
                    HEIGHT="181">
            <Shape><Polygon POINTS="1785 2061 1817 2061 1845 2059 1828 1880 1815 1880 1782 1880"/></Shape>
            <String CONTENT="فرخلواحم"
                    HPOS="1782"
                    VPOS="1880"
                    WIDTH="63"
                    HEIGHT="181"
                    ></String>
          </TextLine>
          <TextLine ID="eSc_line_249ca34e"
                    TAGREFS="LT1"
                    BASELINE="465 1958 1780 1953" 
                    HPOS="463"
                    VPOS="1933"
                    WIDTH="1314"
                    HEIGHT="65">
            <Shape><Polygon POINTS="463 1998 858 1998 873 1983 903 1998 961 1983 984 1998 1060 1983 1112 1998 1258 1981 1319 1996 1410 1981 1676 1996 1775 1981 1777 1951 1772 1946 1201 1933 1097 1948 493 1948 463 1956 463 1998"/></Shape>
            <String CONTENT="معر احامه الدمف معه ووهف تحابب الضرسب ومعت رد"
                    HPOS="463"
                    VPOS="1933"
                    WIDTH="1314"
                    HEIGHT="65"
                    ></String>
          </TextLine>
          <TextLine ID="eSc_line_d2488cb1"
                    TAGREFS="LT1"
                    BASELINE="458 2051 1777 2041" 
                    HPOS="455"
                    VPOS="2011"
                    WIDTH="1320"
                    HEIGHT="83">
            <Shape><Polygon POINTS="455 2089 843 2079 971 2094 1115 2076 1412 2092 1445 2074 1503 2089 1671 2074 1707 2089 1775 2071 1775 2039 1770 2034 1442 2011 1382 2036 1208 2014 1163 2036 1112 2014 1052 2016 1027 2039 961 2024 825 2039 790 2021 730 2041 491 2041 455 2049 455 2089"/></Shape>
            <String CONTENT="ال صنهر مسباله أن يبعث اليه خطا رمشق وتفتف حتى نباطرم"
                    HPOS="455"
                    VPOS="2011"
                    WIDTH="1320"
                    HEIGHT="83"
                    ></String>
          </TextLine>
          <TextLine ID="eSc_line_4ec9c5e1"
                    TAGREFS="LT1"
                    BASELINE="475 2139 1787 2122" 
                    HPOS="475"
                    VPOS="2104"
                    WIDTH="1312"
                    HEIGHT="88">
            <Shape><Polygon POINTS="475 2190 513 2172 662 2192 742 2172 808 2190 851 2167 931 2185 1004 2167 1029 2187 1117 2165 1180 2185 1299 2182 1344 2162 1384 2182 1697 2157 1787 2167 1787 2122 1785 2117 1543 2122 1523 2107 1397 2124 1377 2104 1319 2104 1284 2124 1236 2104 1085 2124 1034 2107 480 2134 475 2139 475 2190"/></Shape>
            <String CONTENT="صبعت بهم اليه مع اخيه ابى عمسى با لتوكم وابوهي ن الدمسن"
                    HPOS="475"
                    VPOS="2104"
                    WIDTH="1312"
                    HEIGHT="88"
                    ></String>
          </TextLine>
          <TextLine ID="eSc_line_3c716eee"
                    TAGREFS="LT1"
                    BASELINE="475 2225 1777 2202" 
                    HPOS="475"
                    VPOS="2185"
                    WIDTH="1302"
                    HEIGHT="95">
            <Shape><Polygon POINTS="475 2270 737 2280 818 2260 906 2278 959 2258 1049 2275 1163 2253 1233 2270 1462 2253 1485 2268 1578 2245 1709 2255 1777 2240 1777 2202 1775 2197 1571 2202 1538 2187 1415 2205 1362 2185 1339 2207 1269 2207 1203 2187 1183 2202 1062 2190 1002 2210 916 2195 903 2210 825 2195 775 2197 757 2217 702 2202 682 2217 475 2220 475 2225 475 2270"/></Shape>
            <String CONTENT="مل وخلع امصرب اسحق قال لهم جن على اا سلاه اخد"
                    HPOS="475"
                    VPOS="2185"
                    WIDTH="1302"
                    HEIGHT="95"
                    ></String>
          </TextLine>
        </TextBlock>
        <TextBlock HPOS="3468"
                   VPOS="2366"
                   WIDTH="306"
                   HEIGHT="214"
                   ID="eSc_textblock_0d2a4728"
                   TAGREFS="BT2">
          <Shape><Polygon POINTS="3774 2576 3566 2580 3513 2580 3496 2524 3468 2495 3472 2419 3513 2366 3772 2368"/></Shape>
          <TextLine ID="eSc_line_792ec2ad"
                    TAGREFS="LT1"
                    BASELINE="3485 2407 3744 2406" 
                    HPOS="3484"
                    VPOS="2376"
                    WIDTH="257"
                    HEIGHT="60">
            <Shape><Polygon POINTS="3484 2424 3739 2436 3741 2404 3734 2394 3515 2376 3494 2394 3484 2406 3484 2424"/></Shape>
            <String CONTENT=" أخيه عيسى "
                    HPOS="3484"
                    VPOS="2376"
                    WIDTH="257"
                    HEIGHT="60"
                    ></String>
          </TextLine>
          <TextLine ID="eSc_line_6892d20f"
                    TAGREFS="LT1"
                    BASELINE="3483 2463 3746 2464" 
                    HPOS="3482"
                    VPOS="2431"
                    WIDTH="262"
                    HEIGHT="66">
            <Shape><Polygon POINTS="3482 2497 3744 2487 3744 2462 3739 2452 3724 2436 3630 2452 3595 2431 3512 2431 3487 2452 3482 2462 3482 2497"/></Shape>
            <String CONTENT="ها مسف على صل"
                    HPOS="3482"
                    VPOS="2431"
                    WIDTH="262"
                    HEIGHT="66"
                    ></String>
          </TextLine>
          <TextLine ID="eSc_line_c6f3f434"
                    TAGREFS="LT1"
                    BASELINE="3561 2532 3744 2525" 
                    HPOS="3560"
                    VPOS="2517"
                    WIDTH="181"
                    HEIGHT="58">
            <Shape><Polygon POINTS="3560 2575 3741 2565 3741 2522 3734 2517 3583 2517 3560 2530 3560 2575"/></Shape>
            <String CONTENT="س مطيف م"
                    HPOS="3560"
                    VPOS="2517"
                    WIDTH="181"
                    HEIGHT="58"
                    ></String>
          </TextLine>
        </TextBlock>
        <TextBlock HPOS="2181"
                   VPOS="2740"
                   WIDTH="156"
                   HEIGHT="107"
                   ID="eSc_textblock_c342bdf1"
                   TAGREFS="BT1062">
          <Shape><Polygon POINTS="2337 2740 2337 2823 2188 2847 2181 2740"/></Shape>
          <TextLine ID="eSc_line_1ecca07a"
                    TAGREFS="LT1"
                    BASELINE="2196 2801 2322 2776" 
                    HPOS="2195"
                    VPOS="2741"
                    WIDTH="129"
                    HEIGHT="96">
            <Shape><Polygon POINTS="2314 2741 2198 2749 2195 2799 2203 2837 2324 2791 2321 2774 2314 2741"/></Shape>
            <String CONTENT="وان"
                    HPOS="2195"
                    VPOS="2741"
                    WIDTH="129"
                    HEIGHT="96"
                    ></String>
          </TextLine>
        </TextBlock>
      </PrintSpace>
    </Page>
  </Layout>
</alto>
