<?xml version="1.0" encoding="UTF-8"?>
<alto xmlns:xsi="http://www.w3.org/2001/XMLSchema-instance"
      xmlns="http://www.loc.gov/standards/alto/ns-v4#"
      xsi:schemaLocation="http://www.loc.gov/standards/alto/ns-v4# http://www.loc.gov/standards/alto/v4/alto-4-2.xsd">
  <Description>
    <MeasurementUnit>pixel</MeasurementUnit>
    <sourceImageInformation>
      <fileName>Muqaffa-or14533-3.pdf_page_92.png</fileName>
      <fileIdentifier>pdf//Muqaffa-or14533-3.pdf</fileIdentifier>
    </sourceImageInformation>
  </Description>
  <Tags>
    <OtherTag ID="BT1094" LABEL="text" DESCRIPTION="block type text"/><OtherTag ID="BT1066" LABEL="Chancery_Material" DESCRIPTION="block type Chancery_Material"/><OtherTag ID="BT1065" LABEL="Flyleaf" DESCRIPTION="block type Flyleaf"/><OtherTag ID="BT1064" LABEL="default" DESCRIPTION="block type default"/><OtherTag ID="BT1063" LABEL="Marginal_Material" DESCRIPTION="block type Marginal_Material"/><OtherTag ID="BT1062" LABEL="Catchword" DESCRIPTION="block type Catchword"/><OtherTag ID="BT4" LABEL="Illustration" DESCRIPTION="block type Illustration"/><OtherTag ID="BT3" LABEL="Commentary" DESCRIPTION="block type Commentary"/><OtherTag ID="BT2" LABEL="Main" DESCRIPTION="block type Main"/><OtherTag ID="BT1" LABEL="Title" DESCRIPTION="block type Title"/>
    <OtherTag ID="LT1" LABEL="Main" DESCRIPTION="line type Main"/><OtherTag ID="LT219" LABEL="default" DESCRIPTION="line type default"/><OtherTag ID="LT220" LABEL="Main-90" DESCRIPTION="line type Main-90"/><OtherTag ID="LT221" LABEL="Main-180" DESCRIPTION="line type Main-180"/><OtherTag ID="LT222" LABEL="Main-270" DESCRIPTION="line type Main-270"/>
  </Tags>
  <Layout>
    <Page WIDTH="3963"
          HEIGHT="3021"
          PHYSICAL_IMG_NR="288"
          ID="eSc_dummypage_">
      <PrintSpace HPOS="0"
                  VPOS="0"
                  WIDTH="3963"
                  HEIGHT="3021">
        <TextBlock HPOS="2109"
                   VPOS="279"
                   WIDTH="1400"
                   HEIGHT="1153"
                   ID="eSc_textblock_123df7fb"
                   TAGREFS="BT2">
          <Shape><Polygon POINTS="2127 819 2125 615 2127 615 2127 563 2124 563 2124 538 2124 535 2134 279 3479 302 3509 372 3493 1422 2121 1432 2110 867 2109 857"/></Shape>
          <TextLine ID="eSc_line_d948fd39"
                    TAGREFS="LT1"
                    BASELINE="2122 319 2228 319" 
                    HPOS="2119"
                    VPOS="279"
                    WIDTH="106"
                    HEIGHT="75">
            <Shape><Polygon POINTS="2119 317 2119 354 2225 352 2225 317 2220 307 2172 279 2119 307 2119 317"/></Shape>
            <String CONTENT="ب "
                    HPOS="2119"
                    VPOS="279"
                    WIDTH="106"
                    HEIGHT="75"
                    ></String>
          </TextLine>
          <TextLine ID="eSc_line_f3275d97"
                    TAGREFS="LT1"
                    BASELINE="2182 375 3449 362" 
                    HPOS="2182"
                    VPOS="289"
                    WIDTH="1267"
                    HEIGHT="136">
            <Shape><Polygon POINTS="3439 299 3414 299 3388 299 3363 299 3338 299 3313 299 3293 297 3232 297 3185 314 3119 294 3111 294 3091 294 3059 314 2658 317 2537 307 2520 289 2260 292 2182 375 2182 425 2235 407 2339 422 2721 402 2772 417 2840 402 3006 415 3038 400 3258 412 3308 397 3446 412 3449 362 3446 299 3439 299"/></Shape>
            <String CONTENT="من
"
                    HPOS="2182"
                    VPOS="289"
                    WIDTH="1267"
                    HEIGHT="136"
                    ></String>
          </TextLine>
          <TextLine ID="eSc_line_a8b3a4f7"
                    TAGREFS="LT1"
                    BASELINE="2128 467 3472 450" 
                    HPOS="2127"
                    VPOS="410"
                    WIDTH="1342"
                    HEIGHT="108">
            <Shape><Polygon POINTS="2127 518 2198 495 2316 516 2550 511 2570 490 2850 508 2910 485 2996 506 3016 485 3152 503 3222 483 3260 503 3288 480 3466 480 3469 448 3446 435 3283 410 3240 438 3137 438 3086 412 3061 440 3006 417 2948 417 2915 440 2827 417 2764 443 2696 417 2648 420 2613 445 2505 420 2414 448 2323 425 2258 450 2155 450 2127 465 2127 518"/></Shape>
            <String CONTENT="وحواشيه فوجد له
"
                    HPOS="2127"
                    VPOS="410"
                    WIDTH="1342"
                    HEIGHT="108"
                    ></String>
          </TextLine>
          <TextLine ID="eSc_line_fbf11084"
                    TAGREFS="LT1"
                    BASELINE="2122 541 2540 551 3472 538" 
                    HPOS="2119"
                    VPOS="516"
                    WIDTH="1353"
                    HEIGHT="85">
            <Shape><Polygon POINTS="2122 541 2122 584 2167 601 2260 601 2281 584 2469 601 2505 586 2603 599 2621 581 2792 599 2827 579 2900 596 3142 596 3169 576 3225 591 3252 576 3469 576 3472 538 3469 536 3197 521 3164 541 3104 541 3069 516 3041 538 2991 541 2935 516 2824 516 2724 518 2699 543 2646 543 2608 518 2459 546 2414 526 2389 546 2296 526 2119 536 2122 541"/></Shape>
            <String CONTENT="واللحض عع كسرصدا ووجهله لما يور تاريه فماتمير من وروحهور"
                    HPOS="2119"
                    VPOS="516"
                    WIDTH="1353"
                    HEIGHT="85"
                    ></String>
          </TextLine>
          <TextLine ID="eSc_line_e6d50b7a"
                    TAGREFS="LT1"
                    BASELINE="2122 640 3464 626" 
                    HPOS="2119"
                    VPOS="606"
                    WIDTH="1342"
                    HEIGHT="86">
            <Shape><Polygon POINTS="2119 684 2777 692 2963 672 3001 689 3044 669 3202 684 3237 667 3459 667 3461 624 3456 621 3099 606 3081 621 2837 626 2787 609 2563 611 2537 631 2482 619 2119 634 2119 639 2119 684"/></Shape>
            <String CONTENT="بس بع حسر الهب وبسب ثم فباع لعلم جع با سع شر ربيع الاوكر"
                    HPOS="2119"
                    VPOS="606"
                    WIDTH="1342"
                    HEIGHT="86"
                    ></String>
          </TextLine>
          <TextLine ID="eSc_line_5d06da86"
                    TAGREFS="LT1"
                    BASELINE="2122 734 3479 717" 
                    HPOS="2112"
                    VPOS="682"
                    WIDTH="1365"
                    HEIGHT="100">
            <Shape><Polygon POINTS="2112 760 2238 782 2364 780 2404 762 2500 780 2565 757 2595 777 2696 777 2903 750 3016 750 3036 770 3056 757 3084 772 3200 747 3386 760 3477 742 3477 714 3461 702 3401 682 3298 702 3270 684 3132 684 3079 707 2978 687 2875 709 2840 694 2729 709 2515 692 2485 714 2371 694 2306 714 2230 697 2210 717 2130 717 2112 732 2112 760"/></Shape>
            <String CONTENT="وكاف مثلا حلو الوجه وهذه صيف زايد لنته لانكل اسناذاره وكاببه"
                    HPOS="2112"
                    VPOS="682"
                    WIDTH="1365"
                    HEIGHT="100"
                    ></String>
          </TextLine>
          <TextLine ID="eSc_line_74e907e2"
                    TAGREFS="LT1"
                    BASELINE="2125 818 2628 818 3484 795" 
                    HPOS="2119"
                    VPOS="770"
                    WIDTH="1363"
                    HEIGHT="101">
            <Shape><Polygon POINTS="2122 815 2122 863 2485 871 2573 850 2631 868 2767 845 2835 863 2855 843 2998 860 3054 838 3142 853 3172 835 3247 855 3482 830 3482 793 3424 785 3149 790 3132 772 3054 770 2827 798 2777 775 2658 800 2532 780 2505 805 2434 805 2404 782 2316 785 2296 805 2271 787 2160 787 2119 810 2122 815"/></Shape>
            <String CONTENT="الابه قمان كعر السق يحلى عمع ذللا وايد ويمكف من السلطاوك طلو"
                    HPOS="2119"
                    VPOS="770"
                    WIDTH="1363"
                    HEIGHT="101"
                    ></String>
          </TextLine>
          <TextLine ID="eSc_line_8826464a"
                    TAGREFS="LT1"
                    BASELINE="2114 911 3484 883" 
                    HPOS="2112"
                    VPOS="860"
                    WIDTH="1370"
                    HEIGHT="101">
            <Shape><Polygon POINTS="2112 949 2356 961 2610 939 2724 954 2865 933 2983 949 3061 931 3222 944 3482 928 3482 881 3477 876 3237 878 3179 863 3147 881 3106 860 2950 886 2865 866 2845 888 2731 868 2615 871 2598 891 2505 873 2457 896 2422 878 2142 901 2112 908 2112 949"/></Shape>
            <String CONTENT="ساسن اله ا كما ويطلع بجبره عايد وبالغ ى العطاء له يحش اهم لهع رفعه"
                    HPOS="2112"
                    VPOS="860"
                    WIDTH="1370"
                    HEIGHT="101"
                    ></String>
          </TextLine>
          <TextLine ID="eSc_line_8dfe516e"
                    TAGREFS="LT1"
                    BASELINE="2107 1001 3482 979" 
                    HPOS="2107"
                    VPOS="959"
                    WIDTH="1375"
                    HEIGHT="95">
            <Shape><Polygon POINTS="2107 1034 2187 1034 2213 1054 2391 1052 2432 1032 2472 1049 2548 1049 2575 1029 2631 1047 2678 1027 2870 1044 2948 1027 3086 1039 3174 1017 3207 1032 3479 1014 3482 979 3477 974 3222 976 3192 961 3167 979 3142 961 3028 959 3008 981 2716 964 2688 986 2588 966 2137 994 2107 1001 2107 1034"/></Shape>
            <String CONTENT="واتتله بالف لف درهم للسعس بها بينا من ساصل رملة له وكان راسه"
                    HPOS="2107"
                    VPOS="959"
                    WIDTH="1375"
                    HEIGHT="95"
                    ></String>
          </TextLine>
          <TextLine ID="eSc_line_d88183c6"
                    TAGREFS="LT1"
                    BASELINE="2127 1082 3479 1067" 
                    HPOS="2127"
                    VPOS="1044"
                    WIDTH="1352"
                    HEIGHT="91">
            <Shape><Polygon POINTS="2127 1135 2203 1117 2328 1135 2474 1115 2522 1135 2578 1112 2608 1132 2631 1112 3026 1130 3096 1110 3207 1127 3479 1107 3479 1067 3477 1062 3124 1067 3076 1044 3028 1067 3003 1047 2882 1047 2792 1072 2719 1049 2580 1049 2555 1069 2495 1052 2472 1074 2127 1077 2127 1082 2127 1135"/></Shape>
            <String CONTENT="كل يوم بوسم مسوا القح كس اللحم عم ردرها مها دنبار مصره وسامر"
                    HPOS="2127"
                    VPOS="1044"
                    WIDTH="1352"
                    HEIGHT="91"
                    ></String>
          </TextLine>
          <TextLine ID="eSc_line_2b2391ba"
                    TAGREFS="LT1"
                    BASELINE="2119 1168 3477 1160" 
                    HPOS="2119"
                    VPOS="1130"
                    WIDTH="1358"
                    HEIGHT="93">
            <Shape><Polygon POINTS="2119 1210 2281 1223 2356 1200 2414 1220 2439 1200 2542 1200 2610 1218 2671 1200 2726 1220 2797 1198 3028 1215 3147 1195 3197 1218 3315 1218 3341 1195 3434 1210 3474 1195 3477 1160 3474 1155 3074 1130 3046 1158 2993 1132 2950 1160 2880 1160 2852 1132 2787 1132 2688 1160 2658 1132 2568 1132 2525 1135 2497 1163 2414 1142 2389 1163 2359 1147 2339 1163 2119 1163 2119 1168 2119 1210"/></Shape>
            <String CONTENT="مرهاذمباط فكان راسه ح كار موم سماطه مسمن راس بحن برحا"
                    HPOS="2119"
                    VPOS="1130"
                    WIDTH="1358"
                    HEIGHT="93"
                    ></String>
          </TextLine>
          <TextLine ID="eSc_line_a798bc12"
                    TAGREFS="LT1"
                    BASELINE="2132 1263 3472 1246" 
                    HPOS="2132"
                    VPOS="1223"
                    WIDTH="1340"
                    HEIGHT="96">
            <Shape><Polygon POINTS="2132 1319 2570 1319 2593 1304 2706 1319 2920 1299 3089 1314 3149 1296 3200 1311 3416 1309 3472 1293 3472 1246 3466 1241 3172 1243 3129 1223 3084 1246 3064 1226 2923 1226 2890 1243 2719 1228 2610 1251 2512 1231 2439 1251 2165 1256 2132 1263 2132 1319"/></Shape>
            <String CONTENT="هح فرس سع في الدابح والاور وللوكعبر اوهوا وامر امسك من"
                    HPOS="2132"
                    VPOS="1223"
                    WIDTH="1340"
                    HEIGHT="96"
                    ></String>
          </TextLine>
          <TextLine ID="eSc_line_052d5bd4"
                    TAGREFS="LT1"
                    BASELINE="2593 1351 3444 1346" 
                    HPOS="2593"
                    VPOS="1319"
                    WIDTH="851"
                    HEIGHT="90">
            <Shape><Polygon POINTS="2593 1407 2663 1389 2812 1409 2842 1394 2930 1409 2955 1389 3013 1407 3169 1407 3185 1392 3255 1407 3285 1387 3320 1402 3393 1387 3444 1404 3444 1346 3439 1341 3210 1324 3182 1341 3154 1319 3069 1334 3016 1319 2960 1336 2870 1321 2842 1341 2615 1344 2593 1351 2593 1407"/></Shape>
            <String CONTENT="س سوى الدجاج والإوز وهو كثير جدا
 وهو أ"
                    HPOS="2593"
                    VPOS="1319"
                    WIDTH="851"
                    HEIGHT="90"
                    ></String>
          </TextLine>
        </TextBlock>
        <TextBlock HPOS="2031"
                   VPOS="80"
                   WIDTH="162"
                   HEIGHT="483"
                   ID="eSc_textblock_a975f692"
                   TAGREFS="BT1063">
          <Shape><Polygon POINTS="2191 80 2187 188 2193 198 2122 213 2119 563 2031 563 2031 312 2036 101"/></Shape>
          <TextLine ID="eSc_line_3af1f252"
                    TAGREFS="LT220"
                    BASELINE="2123 104 2163 193" 
                    HPOS="2097"
                    VPOS="90"
                    WIDTH="85"
                    HEIGHT="111">
            <Shape><Polygon POINTS="2182 171 2165 153 2157 90 2122 103 2097 113 2132 201 2162 191 2182 181 2182 171"/></Shape>
            <String CONTENT="لهم"
                    HPOS="2097"
                    VPOS="90"
                    WIDTH="85"
                    HEIGHT="111"
                    ></String>
          </TextLine>
          <TextLine ID="eSc_line_440000ed"
                    TAGREFS="LT220"
                    BASELINE="2079 138 2091 544" 
                    HPOS="2046"
                    VPOS="135"
                    WIDTH="68"
                    HEIGHT="408">
            <Shape><Polygon POINTS="2051 135 2046 460 2069 543 2089 543 2114 541 2112 208 2077 135 2051 135"/></Shape>
            <String CONTENT="له امد عسر العكر ويتعد"
                    HPOS="2046"
                    VPOS="135"
                    WIDTH="68"
                    HEIGHT="408"
                    ></String>
          </TextLine>
        </TextBlock>
        <TextBlock HPOS="2031"
                   VPOS="615"
                   WIDTH="103"
                   HEIGHT="235"
                   ID="eSc_textblock_a9142655"
                   TAGREFS="BT1063">
          <Shape><Polygon POINTS="2117 850 2032 850 2031 782 2031 615 2119 615 2134 788"/></Shape>
          <TextLine ID="eSc_line_5eb9429e"
                    TAGREFS="LT222"
                    BASELINE="2089 838 2088 622" 
                    HPOS="2039"
                    VPOS="621"
                    WIDTH="86"
                    HEIGHT="214">
            <Shape><Polygon POINTS="2087 621 2069 667 2069 712 2039 745 2039 830 2087 835 2112 833 2125 621 2087 621"/></Shape>
            <String CONTENT="عن مفيدن"
                    HPOS="2039"
                    VPOS="621"
                    WIDTH="86"
                    HEIGHT="214"
                    ></String>
          </TextLine>
        </TextBlock>
        <TextBlock HPOS="473"
                   VPOS="228"
                   WIDTH="1477"
                   HEIGHT="302"
                   ID="eSc_textblock_46c5031f"
                   TAGREFS="BT2">
          <Shape><Polygon POINTS="705 266 763 292 1326 312 1484 273 1707 228 1950 272 1921 450 1829 530 720 499 522 460 473 440 473 266 613 236 633 232"/></Shape>
          <TextLine ID="eSc_line_eaec35a8"
                    TAGREFS="LT1"
                    BASELINE="503 375 1231 372 1717 337 1812 337" 
                    HPOS="501"
                    VPOS="276"
                    WIDTH="1309"
                    HEIGHT="162">
            <Shape><Polygon POINTS="1178 304 1173 304 1153 322 1097 302 1077 302 1052 302 1039 299 1037 302 1027 299 1027 299 1002 299 976 299 951 297 926 297 901 294 893 294 868 299 861 294 851 294 825 292 800 292 775 292 750 284 737 279 715 276 501 372 501 407 611 438 699 412 742 435 825 407 866 433 911 433 1014 415 1294 422 1387 387 1508 397 1573 382 1598 400 1631 380 1810 377 1810 334 1727 327 1440 332 1387 312 1339 332 1258 314 1241 327 1185 304 1178 304"/></Shape>
            <String CONTENT="سبك بن مروان الجار لى العاص راميب عيد"
                    HPOS="501"
                    VPOS="276"
                    WIDTH="1309"
                    HEIGHT="162"
                    ></String>
          </TextLine>
          <TextLine ID="eSc_line_8f4f7a0d"
                    TAGREFS="LT1"
                    BASELINE="493 317 616 314" 
                    HPOS="490"
                    VPOS="274"
                    WIDTH="126"
                    HEIGHT="73">
            <Shape><Polygon POINTS="611 274 490 312 493 317 493 347 616 339 616 314 614 279 611 274"/></Shape>
            <String CONTENT="مممععق"
                    HPOS="490"
                    VPOS="274"
                    WIDTH="126"
                    HEIGHT="73"
                    ></String>
          </TextLine>
          <TextLine ID="eSc_line_fa37c8ad"
                    TAGREFS="LT1"
                    BASELINE="856 473 1462 443 1830 438" 
                    HPOS="856"
                    VPOS="347"
                    WIDTH="974"
                    HEIGHT="171">
            <Shape><Polygon POINTS="856 503 916 518 1231 506 1359 478 1387 495 1422 475 1477 490 1553 470 1747 478 1827 460 1830 438 1754 347 1523 357 1490 382 1389 395 1347 425 1296 417 1256 438 1233 422 1165 453 1059 440 1027 458 891 463 856 473 856 503"/></Shape>
            <String CONTENT="ابز عيد مناز المرشي الامواك ابومروانام"
                    HPOS="856"
                    VPOS="347"
                    WIDTH="974"
                    HEIGHT="171"
                    ></String>
          </TextLine>
        </TextBlock>
        <TextBlock HPOS="461"
                   VPOS="568"
                   WIDTH="1460"
                   HEIGHT="411"
                   ID="eSc_textblock_a11fe264"
                   TAGREFS="BT2">
          <Shape><Polygon POINTS="1921 597 1892 976 503 979 470 810 461 568"/></Shape>
          <TextLine ID="eSc_line_024f0920"
                    TAGREFS="LT1"
                    BASELINE="493 636 1830 609" 
                    HPOS="490"
                    VPOS="475"
                    WIDTH="1340"
                    HEIGHT="217">
            <Shape><Polygon POINTS="516 546 490 546 493 636 493 669 543 692 579 669 687 689 969 667 1012 684 1221 682 1387 674 1425 654 1467 674 1530 649 1641 664 1679 646 1830 641 1830 609 1621 475 1490 480 1221 533 1158 521 1090 551 533 543 516 546"/></Shape>
            <String CONTENT="وصع مع ابيه يالى بسر وير اربع اخيه مبد الغب سروان ره و"
                    HPOS="490"
                    VPOS="475"
                    WIDTH="1340"
                    HEIGHT="217"
                    ></String>
          </TextLine>
          <TextLine ID="eSc_line_0c6df148"
                    TAGREFS="LT1"
                    BASELINE="485 725 1148 720 1827 692" 
                    HPOS="483"
                    VPOS="677"
                    WIDTH="1344"
                    HEIGHT="100">
            <Shape><Polygon POINTS="485 725 485 757 601 757 642 777 704 757 732 772 810 760 830 777 1178 770 1268 750 1304 767 1399 765 1513 730 1679 727 1699 745 1714 725 1825 722 1827 692 1825 689 1623 677 1326 702 1309 684 1198 687 1092 709 916 712 891 694 823 714 727 699 483 720 485 725"/></Shape>
            <String CONTENT="فاعام عمده ممس ثمر سحص سا الشام وحر مع اخبه بحبه الكهب"
                    HPOS="483"
                    VPOS="677"
                    WIDTH="1344"
                    HEIGHT="100"
                    ></String>
          </TextLine>
          <TextLine ID="eSc_line_caa24b73"
                    TAGREFS="LT1"
                    BASELINE="493 816 1080 810 1815 787" 
                    HPOS="490"
                    VPOS="772"
                    WIDTH="1322"
                    HEIGHT="94">
            <Shape><Polygon POINTS="490 850 720 863 833 843 911 866 1017 863 1052 838 1122 860 1498 850 1523 828 1631 848 1669 823 1812 820 1812 785 1810 782 1566 790 1440 772 1404 795 1281 798 1228 777 1170 800 1100 787 929 805 805 787 493 810 490 815 490 850"/></Shape>
            <String CONTENT="وانت ف العم اف ي سنه اسه وسبعيوموله الطوفة لعد قعكر"
                    HPOS="490"
                    VPOS="772"
                    WIDTH="1322"
                    HEIGHT="94"
                    ></String>
          </TextLine>
          <TextLine ID="eSc_line_2108eb0c"
                    TAGREFS="LT1"
                    BASELINE="493 909 853 911 1812 883" 
                    HPOS="488"
                    VPOS="858"
                    WIDTH="1322"
                    HEIGHT="111">
            <Shape><Polygon POINTS="490 908 490 949 702 946 788 969 840 951 906 964 921 949 961 964 1022 946 1135 959 1221 933 1241 954 1384 954 1810 916 1810 881 1797 876 1578 858 1457 886 1379 863 1178 893 1067 896 1029 873 979 898 936 876 813 896 783 878 710 903 488 906 490 908"/></Shape>
            <String CONTENT="صرصب من لويعومص اليه لبصد حوصا عن تال معبد الله العسم"
                    HPOS="488"
                    VPOS="858"
                    WIDTH="1322"
                    HEIGHT="111"
                    ></String>
          </TextLine>
        </TextBlock>
        <TextBlock HPOS="426"
                   VPOS="1311"
                   WIDTH="1428"
                   HEIGHT="1486"
                   ID="eSc_textblock_4912df73"
                   TAGREFS="BT2">
          <Shape><Polygon POINTS="1854 2740 640 2797 653 2724 653 2304 473 2288 426 2119 503 2101 490 2104 501 1311 1827 1311 1832 1468 1834 1601 1833 2553 1840 2553"/></Shape>
          <TextLine ID="eSc_line_d18db442"
                    TAGREFS="LT1"
                    BASELINE="518 1357 1274 1351" 
                    HPOS="516"
                    VPOS="1311"
                    WIDTH="755"
                    HEIGHT="96">
            <Shape><Polygon POINTS="516 1397 551 1407 606 1387 631 1407 697 1407 767 1387 788 1404 848 1404 886 1384 979 1384 1017 1404 1054 1382 1105 1402 1268 1384 1271 1349 1263 1339 1213 1339 1188 1319 1117 1339 1080 1311 1019 1311 974 1341 861 1314 762 1314 704 1344 601 1324 579 1344 528 1344 516 1356 516 1397"/></Shape>
            <String CONTENT="
كلاب 
 وقدم مع أبيه إلى مصر "
                    HPOS="516"
                    VPOS="1311"
                    WIDTH="755"
                    HEIGHT="96"
                    ></String>
          </TextLine>
          <TextLine ID="eSc_line_79965400"
                    TAGREFS="LT1"
                    BASELINE="518 1442 609 1445 1835 1417" 
                    HPOS="516"
                    VPOS="1392"
                    WIDTH="1316"
                    HEIGHT="98">
            <Shape><Polygon POINTS="516 1490 727 1490 790 1467 851 1487 888 1467 936 1480 974 1465 1059 1482 1158 1465 1190 1480 1238 1457 1304 1477 1357 1455 1495 1465 1696 1447 1742 1462 1832 1445 1832 1414 1759 1407 1440 1409 1402 1392 1309 1414 1281 1399 1233 1412 1198 1392 1042 1422 997 1397 856 1402 828 1427 757 1402 647 1427 563 1407 516 1434 516 1440 516 1490"/></Shape>
            <String CONTENT="كرسارسف بحوارح وتبعه شبر منكص عنه وكنه لعاه ماتم النهر ان"
                    HPOS="516"
                    VPOS="1392"
                    WIDTH="1316"
                    HEIGHT="98"
                    ></String>
          </TextLine>
          <TextLine ID="eSc_line_d6725517"
                    TAGREFS="LT1"
                    BASELINE="531 1528 845 1528 1835 1492" 
                    HPOS="528"
                    VPOS="1480"
                    WIDTH="1307"
                    HEIGHT="103">
            <Shape><Polygon POINTS="531 1528 531 1575 624 1565 642 1583 762 1580 815 1555 997 1573 1032 1550 1067 1570 1148 1553 1349 1560 1440 1538 1835 1523 1835 1492 1832 1490 1601 1480 1518 1500 1460 1482 1359 1505 1331 1492 984 1518 921 1500 881 1520 838 1502 805 1523 735 1525 712 1507 528 1525 531 1528"/></Shape>
            <String CONTENT="الفعف الفه لهمعع وفعله وهوم من معه وحتم من الصابريه بن لغ"
                    HPOS="528"
                    VPOS="1480"
                    WIDTH="1307"
                    HEIGHT="103"
                    ></String>
          </TextLine>
          <TextLine ID="eSc_line_f0b15ed0"
                    TAGREFS="LT1"
                    BASELINE="518 1626 621 1618 1822 1586" 
                    HPOS="516"
                    VPOS="1296"
                    WIDTH="1304"
                    HEIGHT="380">
            <Shape><Polygon POINTS="1795 1492 1671 1510 1649 1497 1644 1497 1467 1505 1341 1507 1115 1518 989 1520 838 1528 536 1528 521 1296 516 1299 516 1676 735 1651 810 1671 861 1646 1019 1666 1052 1643 1112 1653 1233 1628 1384 1643 1452 1623 1515 1651 1578 1618 1639 1621 1694 1648 1742 1613 1820 1611 1815 1492 1795 1492"/></Shape>
            <String CONTENT=""
                    HPOS="516"
                    VPOS="1296"
                    WIDTH="1304"
                    HEIGHT="380"
                    ></String>
          </TextLine>
          <TextLine ID="eSc_line_7137b202"
                    TAGREFS="LT1"
                    BASELINE="503 1728 1830 1672" 
                    HPOS="501"
                    VPOS="1661"
                    WIDTH="1326"
                    HEIGHT="111">
            <Shape><Polygon POINTS="501 1759 561 1772 609 1769 624 1749 692 1759 742 1744 820 1759 941 1742 1044 1752 1122 1729 1143 1747 1404 1737 1470 1714 1525 1732 1649 1706 1767 1721 1827 1701 1827 1671 1825 1666 1515 1679 1498 1661 1425 1676 1357 1661 1304 1664 1279 1689 1226 1666 1100 1696 1042 1674 992 1676 969 1701 911 1704 886 1686 838 1704 803 1684 516 1719 501 1727 501 1759"/></Shape>
            <String CONTENT="تحاكمه لهحث ليه اشوفقكه وات سر با لبصن وهقر مقامه بما سهرت"
                    HPOS="501"
                    VPOS="1661"
                    WIDTH="1326"
                    HEIGHT="111"
                    ></String>
          </TextLine>
          <TextLine ID="eSc_line_58fa2d42"
                    TAGREFS="LT1"
                    BASELINE="496 1827 1834 1791" 
                    HPOS="493"
                    VPOS="1716"
                    WIDTH="1339"
                    HEIGHT="144">
            <Shape><Polygon POINTS="493 1860 614 1857 629 1842 755 1855 780 1837 873 1852 1072 1830 1246 1842 1354 1822 1832 1820 1832 1789 1651 1716 1462 1721 1341 1747 1286 1737 1188 1769 1160 1754 1102 1792 1047 1772 1029 1787 994 1774 868 1800 647 1805 493 1825 493 1860"/></Shape>
            <String CONTENT="وهو اول من احدث اذان والاقامه ورفع الدديرع العيد ينجل س"
                    HPOS="493"
                    VPOS="1716"
                    WIDTH="1339"
                    HEIGHT="144"
                    ></String>
          </TextLine>
          <TextLine ID="eSc_line_07114c78"
                    TAGREFS="LT1"
                    BASELINE="504 1888 584 1895 1840 1868" 
                    HPOS="503"
                    VPOS="1835"
                    WIDTH="1334"
                    HEIGHT="113">
            <Shape><Polygon POINTS="503 1928 541 1948 687 1933 745 1946 911 1923 944 1940 1044 1918 1112 1938 1384 1918 1518 1930 1561 1908 1704 1920 1719 1905 1837 1903 1837 1867 1832 1857 1644 1835 1558 1837 1503 1865 1437 1865 1414 1847 1329 1865 1304 1847 1253 1870 1203 1845 1110 1873 1072 1847 1017 1847 971 1875 863 1852 823 1878 697 1880 626 1855 508 1880 503 1885 503 1928"/></Shape>
            <String CONTENT="الرا سوذ لك اللروه وديواول من عاقب فى التحلف على العوو ودكه ال ارص"
                    HPOS="503"
                    VPOS="1835"
                    WIDTH="1334"
                    HEIGHT="113"
                    ></String>
          </TextLine>
          <TextLine ID="eSc_line_123b3e5e"
                    TAGREFS="LT1"
                    BASELINE="504 1984 1840 1959" 
                    HPOS="503"
                    VPOS="1940"
                    WIDTH="1334"
                    HEIGHT="94">
            <Shape><Polygon POINTS="503 2019 896 2034 1837 1993 1837 1958 1835 1953 1636 1958 1568 1940 1467 1961 1301 1946 1236 1966 1087 1968 1054 1951 898 1973 793 1956 775 1973 503 1978 503 1983 503 2019"/></Shape>
            <String CONTENT="كان ذا احك موجهه الذ يكبب لبي ومن عمر وتحمر رب انهه بحفها بوعت"
                    HPOS="503"
                    VPOS="1940"
                    WIDTH="1334"
                    HEIGHT="94"
                    ></String>
          </TextLine>
          <TextLine ID="eSc_line_2774927f"
                    TAGREFS="LT1"
                    BASELINE="504 2073 1165 2071 1840 2049" 
                    HPOS="503"
                    VPOS="2031"
                    WIDTH="1334"
                    HEIGHT="86">
            <Shape><Polygon POINTS="503 2117 1294 2114 1404 2094 1460 2109 1495 2087 1616 2097 1837 2079 1837 2046 1835 2044 1654 2034 1616 2049 1558 2031 1510 2051 1445 2039 1359 2054 1306 2036 1289 2056 1163 2039 1135 2059 1022 2061 992 2044 939 2061 898 2044 883 2059 785 2046 725 2049 707 2066 526 2066 503 2071 503 2117"/></Shape>
            <String CONTENT="مامضه ونقاح للماس وبسهم امن وهال وسعمهد اعنب واوسافامه ف"
                    HPOS="503"
                    VPOS="2031"
                    WIDTH="1334"
                    HEIGHT="86"
                    ></String>
          </TextLine>
          <TextLine ID="eSc_line_7737c96a"
                    TAGREFS="LT1"
                    BASELINE="504 2154 1296 2154 1840 2132" 
                    HPOS="503"
                    VPOS="2119"
                    WIDTH="1334"
                    HEIGHT="103">
            <Shape><Polygon POINTS="503 2222 581 2195 637 2215 720 2192 876 2220 913 2190 974 2217 1135 2190 1188 2215 1271 2192 1301 2212 1480 2190 1500 2210 1561 2210 1644 2175 1837 2172 1837 2129 1830 2124 1440 2119 1321 2137 1291 2122 1180 2139 1110 2124 1062 2142 918 2127 835 2144 730 2129 674 2147 513 2147 503 2152 503 2222"/></Shape>
            <String CONTENT="روس ماللحى فلما ول يشرراوفيه قصار رفع الرطر حر الارض وبس"
                    HPOS="503"
                    VPOS="2119"
                    WIDTH="1334"
                    HEIGHT="103"
                    ></String>
          </TextLine>
          <TextLine ID="eSc_line_d4fba9bf"
                    TAGREFS="LT1"
                    BASELINE="448 2135 500 2252 930 2268 1840 2224" 
                    HPOS="445"
                    VPOS="2134"
                    WIDTH="1392"
                    HEIGHT="174">
            <Shape><Polygon POINTS="445 2278 506 2278 538 2298 616 2283 652 2308 735 2308 906 2290 1019 2303 1049 2283 1130 2300 1216 2273 1387 2295 1485 2260 1555 2283 1631 2258 1835 2255 1837 2222 1835 2217 1759 2190 1659 2212 1616 2195 1573 2230 1508 2230 1480 2210 1457 2225 1425 2205 1377 2233 1281 2205 1185 2210 1115 2238 1059 2205 992 2240 936 2197 911 2220 803 2205 652 2245 574 2192 468 2195 445 2134 445 2278"/></Shape>
            <String CONTENT="في يديه بمسمارين في حائط فربما مات وربما
"
                    HPOS="445"
                    VPOS="2134"
                    WIDTH="1392"
                    HEIGHT="174"
                    ></String>
          </TextLine>
          <TextLine ID="eSc_line_b198b7f4"
                    TAGREFS="LT1"
                    BASELINE="793 2348 1289 2336 1807 2303" 
                    HPOS="793"
                    VPOS="2293"
                    WIDTH="1014"
                    HEIGHT="113">
            <Shape><Polygon POINTS="793 2394 848 2406 961 2376 1007 2399 1082 2376 1117 2394 1294 2386 1341 2363 1389 2376 1460 2356 1515 2368 1576 2348 1807 2338 1807 2303 1792 2298 1629 2293 1603 2313 1460 2300 1402 2323 1354 2306 1336 2326 1236 2311 1216 2331 1127 2316 1107 2336 1077 2323 1065 2338 793 2343 793 2348 793 2394"/></Shape>
            <String CONTENT="ولهتخامه كشوا وحصونه وان يبوطع كع كسمار"
                    HPOS="793"
                    VPOS="2293"
                    WIDTH="1014"
                    HEIGHT="113"
                    ></String>
          </TextLine>
          <TextLine ID="eSc_line_8937946a"
                    TAGREFS="LT1"
                    BASELINE="800 2447 992 2447 1550 2404 1840 2390" 
                    HPOS="798"
                    VPOS="2374"
                    WIDTH="1039"
                    HEIGHT="120">
            <Shape><Polygon POINTS="1822 2384 1593 2389 1566 2374 1538 2399 1387 2384 1276 2406 1193 2396 1127 2426 1085 2406 1032 2434 798 2439 798 2444 800 2489 888 2494 936 2477 956 2492 1039 2469 1075 2487 1158 2464 1193 2479 1417 2464 1442 2447 1488 2459 1550 2439 1837 2431 1837 2389 1822 2384"/></Shape>
            <String CONTENT="والعط لبعم ال مروريك ان المحب لمن بهواهم ار"
                    HPOS="798"
                    VPOS="2374"
                    WIDTH="1039"
                    HEIGHT="120"
                    ></String>
          </TextLine>
          <TextLine ID="eSc_line_b46ee028"
                    TAGREFS="LT1"
                    BASELINE="654 2531 1863 2484" 
                    HPOS="652"
                    VPOS="2454"
                    WIDTH="1208"
                    HEIGHT="123">
            <Shape><Polygon POINTS="652 2557 712 2557 737 2577 979 2547 1004 2567 1097 2565 1117 2545 1138 2560 1407 2552 1482 2525 1540 2547 1616 2522 1860 2512 1860 2482 1832 2472 1732 2454 1699 2477 1611 2479 1540 2457 1359 2464 1321 2487 1263 2472 1221 2497 1185 2479 1155 2499 1059 2502 1032 2482 896 2509 840 2487 798 2504 732 2489 667 2517 652 2530 652 2557"/></Shape>
            <String CONTENT="وكان تشر سهلا الحاب لين لولايه وله تهول اعتب من شبعبان"
                    HPOS="652"
                    VPOS="2454"
                    WIDTH="1208"
                    HEIGHT="123"
                    ></String>
          </TextLine>
          <TextLine ID="eSc_line_874cce7b"
                    TAGREFS="LT1"
                    BASELINE="735 2629 1858 2575" 
                    HPOS="732"
                    VPOS="2560"
                    WIDTH="1123"
                    HEIGHT="108">
            <Shape><Polygon POINTS="1853 2567 1661 2562 1583 2580 1545 2560 1482 2585 1460 2567 1422 2585 1402 2570 1291 2570 1160 2577 1085 2605 986 2590 946 2610 929 2598 752 2620 732 2628 735 2668 800 2645 1039 2655 1085 2635 1133 2650 1216 2628 1344 2640 1412 2615 1437 2635 1498 2633 1550 2608 1805 2615 1855 2595 1855 2572 1853 2567"/></Shape>
            <String CONTENT="كرابعا سلا احونه بسر ا من لغتبا ف سبد عبمار متحم"
                    HPOS="732"
                    VPOS="2560"
                    WIDTH="1123"
                    HEIGHT="108"
                    ></String>
          </TextLine>
          <TextLine ID="eSc_line_4620669f"
                    TAGREFS="LT1"
                    BASELINE="746 2710 1845 2663" 
                    HPOS="745"
                    VPOS="2650"
                    WIDTH="1098"
                    HEIGHT="109">
            <Shape><Polygon POINTS="745 2744 868 2759 929 2734 969 2756 1077 2739 1208 2746 1336 2716 1379 2739 1452 2711 1490 2734 1553 2731 1616 2703 1717 2716 1742 2698 1777 2711 1843 2693 1843 2660 1840 2655 1618 2650 1548 2666 1513 2650 1472 2671 1452 2653 1379 2655 1349 2678 1263 2660 1158 2686 1095 2671 1075 2691 1024 2691 992 2673 954 2696 745 2703 745 2708 745 2744"/></Shape>
            <String CONTENT="وعصيد من قمو ال من ولس ولصبه خيره ابقارك"
                    HPOS="745"
                    VPOS="2650"
                    WIDTH="1098"
                    HEIGHT="109"
                    ></String>
          </TextLine>
        </TextBlock>
        <TextBlock HPOS="1836"
                   VPOS="1575"
                   WIDTH="105"
                   HEIGHT="846"
                   ID="eSc_textblock_fead326d"
                   TAGREFS="BT1063">
          <Shape><Polygon POINTS="1928 2077 1941 2419 1836 2421 1839 1578 1886 1575 1937 1585"/></Shape>
          <TextLine ID="eSc_line_63f79ebe"
                    TAGREFS="LT222"
                    BASELINE="1875 2413 1872 1595" 
                    HPOS="1837"
                    VPOS="1591"
                    WIDTH="126"
                    HEIGHT="820">
            <Shape><Polygon POINTS="1870 1593 1840 1593 1837 2411 1873 2411 1963 2409 1963 2074 1908 1948 1921 1686 1905 1591 1870 1593"/></Shape>
            <String CONTENT="قملب دفعه اسه وهواه لام على البصفه لات"
                    HPOS="1837"
                    VPOS="1591"
                    WIDTH="126"
                    HEIGHT="820"
                    ></String>
          </TextLine>
        </TextBlock>
        <TextBlock HPOS="70"
                   VPOS="566"
                   WIDTH="428"
                   HEIGHT="2029"
                   ID="eSc_textblock_4b11257d"
                   TAGREFS="BT1063">
          <Shape><Polygon POINTS="492 2571 430 2595 90 2545 70 1631 109 566 275 627 493 861 495 1004 491 1265 480 1265 493 2096 423 2115 458 2257 498 2338"/></Shape>
          <TextLine ID="eSc_line_0c6401f8"
                    TAGREFS="LT1"
                    BASELINE="127 611 248 679" 
                    HPOS="108"
                    VPOS="579"
                    WIDTH="163"
                    HEIGHT="120">
            <Shape><Polygon POINTS="259 624 196 599 188 596 176 591 161 584 143 579 125 609 108 641 231 699 246 677 271 629 259 624"/></Shape>
            <String CONTENT="المومين"
                    HPOS="108"
                    VPOS="579"
                    WIDTH="163"
                    HEIGHT="120"
                    ></String>
          </TextLine>
          <TextLine ID="eSc_line_ccfbb9d0"
                    TAGREFS="LT1"
                    BASELINE="132 668 484 932" 
                    HPOS="115"
                    VPOS="594"
                    WIDTH="370"
                    HEIGHT="350">
            <Shape><Polygon POINTS="485 878 433 813 344 775 324 722 276 702 266 654 183 594 130 667 115 687 473 944 483 931 485 898 485 878"/></Shape>
            <String CONTENT="ركيب الرا لم بعد فايراخوار"
                    HPOS="115"
                    VPOS="594"
                    WIDTH="370"
                    HEIGHT="350"
                    ></String>
          </TextLine>
          <TextLine ID="eSc_line_3e4849e1"
                    TAGREFS="LT1"
                    BASELINE="111 729 486 991" 
                    HPOS="95"
                    VPOS="720"
                    WIDTH="393"
                    HEIGHT="292">
            <Shape><Polygon POINTS="488 974 488 959 181 720 110 727 95 747 135 793 468 1012 485 989 488 974 488 974"/></Shape>
            <String CONTENT="بجمعك واباه روان بر الحكر وان"
                    HPOS="95"
                    VPOS="720"
                    WIDTH="393"
                    HEIGHT="292"
                    ></String>
          </TextLine>
          <TextLine ID="eSc_line_67237e7e"
                    TAGREFS="LT1"
                    BASELINE="111 821 477 1057" 
                    HPOS="95"
                    VPOS="815"
                    WIDTH="390"
                    HEIGHT="259">
            <Shape><Polygon POINTS="110 820 95 840 135 898 246 951 269 984 329 996 370 1042 460 1074 475 1054 485 1032 110 815 110 820"/></Shape>
            <String CONTENT="حالد الاتحترع لمع ابر الوبر"
                    HPOS="95"
                    VPOS="815"
                    WIDTH="390"
                    HEIGHT="259"
                    ></String>
          </TextLine>
          <TextLine ID="eSc_line_6635fba0"
                    TAGREFS="LT1"
                    BASELINE="98 919 464 1118" 
                    HPOS="85"
                    VPOS="893"
                    WIDTH="395"
                    HEIGHT="239">
            <Shape><Polygon POINTS="100 906 95 918 85 933 186 1014 319 1064 334 1095 450 1132 463 1117 480 1069 387 1019 342 1017 329 996 274 989 163 928 153 898 115 893 100 906"/></Shape>
            <String CONTENT="وقراميه فابطر الهلب "
                    HPOS="85"
                    VPOS="893"
                    WIDTH="395"
                    HEIGHT="239"
                    ></String>
          </TextLine>
          <TextLine ID="eSc_line_cba4dced"
                    TAGREFS="LT1"
                    BASELINE="98 1078 158 1101" 
                    HPOS="90"
                    VPOS="1049"
                    WIDTH="81"
                    HEIGHT="56">
            <Shape><Polygon POINTS="90 1090 151 1105 156 1100 171 1049 118 1064 95 1077 90 1090"/></Shape>
            <String CONTENT="لع"
                    HPOS="90"
                    VPOS="1049"
                    WIDTH="81"
                    HEIGHT="56"
                    ></String>
          </TextLine>
          <TextLine ID="eSc_line_28084915"
                    TAGREFS="LT1"
                    BASELINE="102 1012 477 1199" 
                    HPOS="93"
                    VPOS="1007"
                    WIDTH="390"
                    HEIGHT="203">
            <Shape><Polygon POINTS="100 1009 93 1022 105 1047 198 1100 465 1210 475 1198 483 1173 100 1007 100 1009"/></Shape>
            <String CONTENT="سعنه قو خرث لاوارقه"
                    HPOS="93"
                    VPOS="1007"
                    WIDTH="390"
                    HEIGHT="203"
                    ></String>
          </TextLine>
          <TextLine ID="eSc_line_9dd34b92"
                    TAGREFS="LT1"
                    BASELINE="102 1114 471 1261" 
                    HPOS="93"
                    VPOS="1077"
                    WIDTH="392"
                    HEIGHT="199">
            <Shape><Polygon POINTS="133 1092 110 1085 100 1112 93 1125 148 1163 211 1175 229 1200 460 1276 470 1258 485 1213 246 1140 224 1105 186 1112 153 1077 148 1077 133 1092"/></Shape>
            <String CONTENT="سبعه بطل مجرب وامديع"
                    HPOS="93"
                    VPOS="1077"
                    WIDTH="392"
                    HEIGHT="199"
                    ></String>
          </TextLine>
          <TextLine ID="eSc_line_902d978b"
                    TAGREFS="LT1"
                    BASELINE="102 1184 251 1256 289 1283 475 1333" 
                    HPOS="88"
                    VPOS="1158"
                    WIDTH="387"
                    HEIGHT="193">
            <Shape><Polygon POINTS="475 1316 473 1299 428 1266 337 1253 171 1158 100 1183 88 1215 206 1278 355 1314 405 1349 463 1351 473 1331 475 1316 475 1316"/></Shape>
            <String CONTENT="اهذ الكوفة ما نب الاورطر"
                    HPOS="88"
                    VPOS="1158"
                    WIDTH="387"
                    HEIGHT="193"
                    ></String>
          </TextLine>
          <TextLine ID="eSc_line_fdfd193b"
                    TAGREFS="LT1"
                    BASELINE="106 1288 265 1357 471 1402" 
                    HPOS="90"
                    VPOS="1281"
                    WIDTH="385"
                    HEIGHT="138">
            <Shape><Polygon POINTS="105 1286 90 1329 198 1361 241 1354 367 1414 463 1419 470 1399 475 1374 365 1341 314 1351 105 1281 105 1286"/></Shape>
            <String CONTENT="ما أمره به في "
                    HPOS="90"
                    VPOS="1281"
                    WIDTH="385"
                    HEIGHT="138"
                    ></String>
          </TextLine>
          <TextLine ID="eSc_line_feb728e8"
                    TAGREFS="LT1"
                    BASELINE="113 1380 257 1444 463 1462" 
                    HPOS="103"
                    VPOS="1379"
                    WIDTH="357"
                    HEIGHT="108">
            <Shape><Polygon POINTS="103 1409 196 1452 329 1460 377 1487 455 1482 460 1460 448 1450 387 1419 337 1427 314 1399 110 1379 103 1409"/></Shape>
            <String CONTENT="المهلب وقال والل"
                    HPOS="103"
                    VPOS="1379"
                    WIDTH="357"
                    HEIGHT="108"
                    ></String>
          </TextLine>
          <TextLine ID="eSc_line_5f1dfe72"
                    TAGREFS="LT1"
                    BASELINE="106 1468 471 1530" 
                    HPOS="100"
                    VPOS="1460"
                    WIDTH="370"
                    HEIGHT="100">
            <Shape><Polygon POINTS="100 1490 251 1530 312 1525 435 1560 463 1550 470 1528 455 1480 317 1460 241 1482 118 1462 105 1467 100 1490"/></Shape>
            <String CONTENT="فبلعه فعالى له معسع"
                    HPOS="100"
                    VPOS="1460"
                    WIDTH="370"
                    HEIGHT="100"
                    ></String>
          </TextLine>
          <TextLine ID="eSc_line_41556939"
                    TAGREFS="LT1"
                    BASELINE="103 1636 380 1636 490 1628" 
                    HPOS="100"
                    VPOS="1603"
                    WIDTH="388"
                    HEIGHT="81">
            <Shape><Polygon POINTS="100 1666 367 1684 488 1661 488 1626 485 1616 397 1603 380 1618 246 1621 173 1606 115 1621 100 1633 100 1666"/></Shape>
            <String CONTENT=" ب ذلا ملا ووقاف"
                    HPOS="100"
                    VPOS="1603"
                    WIDTH="388"
                    HEIGHT="81"
                    ></String>
          </TextLine>
          <TextLine ID="eSc_line_0e8da4f4"
                    TAGREFS="LT1"
                    BASELINE="85 1553 471 1597" 
                    HPOS="80"
                    VPOS="1540"
                    WIDTH="390"
                    HEIGHT="78">
            <Shape><Polygon POINTS="80 1560 166 1570 211 1601 360 1618 400 1601 468 1606 470 1596 458 1580 334 1540 118 1543 83 1550 80 1560"/></Shape>
            <String CONTENT="مصبوانهم الامر ابن اف"
                    HPOS="80"
                    VPOS="1540"
                    WIDTH="390"
                    HEIGHT="78"
                    ></String>
          </TextLine>
          <TextLine ID="eSc_line_fcf2430c"
                    TAGREFS="LT1"
                    BASELINE="85 1690 479 1738" 
                    HPOS="78"
                    VPOS="1684"
                    WIDTH="400"
                    HEIGHT="80">
            <Shape><Polygon POINTS="83 1689 78 1721 146 1721 203 1747 261 1734 281 1754 352 1764 473 1759 478 1737 478 1701 400 1694 357 1709 319 1694 297 1709 83 1684 83 1689"/></Shape>
            <String CONTENT="بعشر مومه التقر فبقفه"
                    HPOS="78"
                    VPOS="1684"
                    WIDTH="400"
                    HEIGHT="80"
                    ></String>
          </TextLine>
          <TextLine ID="eSc_line_19539066"
                    TAGREFS="LT1"
                    BASELINE="93 1773 485 1808" 
                    HPOS="85"
                    VPOS="1706"
                    WIDTH="398"
                    HEIGHT="121">
            <Shape><Polygon POINTS="475 1772 435 1754 317 1759 259 1744 229 1714 128 1706 90 1772 85 1812 478 1827 483 1807 483 1800 475 1772"/></Shape>
            <String CONTENT="المهلب ثما نعل بسفع الييه"
                    HPOS="85"
                    VPOS="1706"
                    WIDTH="398"
                    HEIGHT="121"
                    ></String>
          </TextLine>
          <TextLine ID="eSc_line_7ca62e91"
                    TAGREFS="LT1"
                    BASELINE="135 1855 484 1886" 
                    HPOS="130"
                    VPOS="1812"
                    WIDTH="353"
                    HEIGHT="101">
            <Shape><Polygon POINTS="130 1875 186 1870 219 1895 375 1913 417 1893 440 1908 480 1898 483 1885 453 1857 390 1827 317 1845 241 1815 208 1832 178 1812 135 1827 133 1852 130 1875"/></Shape>
            <String CONTENT="شر فرسخا ل"
                    HPOS="130"
                    VPOS="1812"
                    WIDTH="353"
                    HEIGHT="101"
                    ></String>
          </TextLine>
          <TextLine ID="eSc_line_8bde3300"
                    TAGREFS="LT1"
                    BASELINE="108 1925 468 1950" 
                    HPOS="103"
                    VPOS="1913"
                    WIDTH="362"
                    HEIGHT="65">
            <Shape><Polygon POINTS="103 1953 161 1946 183 1966 249 1968 271 1953 357 1978 463 1966 465 1948 455 1938 392 1913 130 1915 105 1923 103 1953"/></Shape>
            <String CONTENT="تفسر حمل ما الكا كهل"
                    HPOS="103"
                    VPOS="1913"
                    WIDTH="362"
                    HEIGHT="65"
                    ></String>
          </TextLine>
          <TextLine ID="eSc_line_8bcc4e62"
                    TAGREFS="LT1"
                    BASELINE="120 1991 484 1984" 
                    HPOS="118"
                    VPOS="1963"
                    WIDTH="365"
                    HEIGHT="88">
            <Shape><Polygon POINTS="118 2026 196 2024 259 2051 307 2026 360 2049 460 2049 480 2029 483 1983 480 1978 332 1981 297 1963 118 1983 118 1988 118 2026"/></Shape>
            <String CONTENT="بمكانه وقال "
                    HPOS="118"
                    VPOS="1963"
                    WIDTH="365"
                    HEIGHT="88"
                    ></String>
          </TextLine>
          <TextLine ID="eSc_line_e9abcf6b"
                    TAGREFS="LT1"
                    BASELINE="118 2074 484 2073" 
                    HPOS="115"
                    VPOS="2044"
                    WIDTH="368"
                    HEIGHT="75">
            <Shape><Polygon POINTS="115 2099 163 2099 186 2119 229 2099 314 2119 483 2099 483 2071 470 2061 279 2044 138 2061 115 2071 115 2099"/></Shape>
            <String CONTENT="يا أهل المصري"
                    HPOS="115"
                    VPOS="2044"
                    WIDTH="368"
                    HEIGHT="75"
                    ></String>
          </TextLine>
          <TextLine ID="eSc_line_ebf1da3b"
                    TAGREFS="LT1"
                    BASELINE="105 2154 425 2164" 
                    HPOS="100"
                    VPOS="2122"
                    WIDTH="322"
                    HEIGHT="80">
            <Shape><Polygon POINTS="100 2185 264 2202 420 2187 422 2162 412 2149 246 2122 123 2142 103 2152 100 2185"/></Shape>
            <String CONTENT="ن هذا ال"
                    HPOS="100"
                    VPOS="2122"
                    WIDTH="322"
                    HEIGHT="80"
                    ></String>
          </TextLine>
          <TextLine ID="eSc_line_d31c3cbd"
                    TAGREFS="LT1"
                    BASELINE="115 2233 452 2241" 
                    HPOS="110"
                    VPOS="2202"
                    WIDTH="340"
                    HEIGHT="71">
            <Shape><Polygon POINTS="110 2258 309 2273 332 2250 382 2265 448 2253 450 2240 430 2230 281 2202 118 2222 113 2230 110 2258"/></Shape>
            <String CONTENT="مكان والله مك"
                    HPOS="110"
                    VPOS="2202"
                    WIDTH="340"
                    HEIGHT="71"
                    ></String>
          </TextLine>
          <TextLine ID="eSc_line_b650071a"
                    TAGREFS="LT1"
                    BASELINE="103 2306 475 2298" 
                    HPOS="103"
                    VPOS="2265"
                    WIDTH="372"
                    HEIGHT="71">
            <Shape><Polygon POINTS="103 2336 475 2331 475 2298 473 2288 453 2270 344 2265 309 2285 266 2273 198 2298 118 2298 103 2306 103 2336"/></Shape>
            <String CONTENT="انك"
                    HPOS="103"
                    VPOS="2265"
                    WIDTH="372"
                    HEIGHT="71"
                    ></String>
          </TextLine>
          <TextLine ID="eSc_line_691defe3"
                    TAGREFS="LT1"
                    BASELINE="100 2374 259 2399 485 2368" 
                    HPOS="95"
                    VPOS="2331"
                    WIDTH="388"
                    HEIGHT="93">
            <Shape><Polygon POINTS="98 2371 100 2424 118 2409 370 2419 480 2396 483 2366 480 2353 397 2331 254 2363 191 2338 143 2368 95 2368 98 2371"/></Shape>
            <String CONTENT="بعد
شهر، وسنة بعد "
                    HPOS="95"
                    VPOS="2331"
                    WIDTH="388"
                    HEIGHT="93"
                    ></String>
          </TextLine>
          <TextLine ID="eSc_line_0c482474"
                    TAGREFS="LT1"
                    BASELINE="103 2441 257 2462 485 2447" 
                    HPOS="100"
                    VPOS="2416"
                    WIDTH="383"
                    HEIGHT="63">
            <Shape><Polygon POINTS="100 2479 483 2474 483 2444 455 2434 198 2416 100 2434 100 2439 100 2479"/></Shape>
            <String CONTENT="من وضع عنام مكر بغرم"
                    HPOS="100"
                    VPOS="2416"
                    WIDTH="383"
                    HEIGHT="63"
                    ></String>
          </TextLine>
          <TextLine ID="eSc_line_694590f4"
                    TAGREFS="LT1"
                    BASELINE="108 2512 236 2535 474 2529" 
                    HPOS="103"
                    VPOS="2484"
                    WIDTH="370"
                    HEIGHT="93">
            <Shape><Polygon POINTS="103 2547 166 2570 365 2552 412 2577 470 2577 473 2527 450 2517 241 2484 193 2489 171 2512 105 2509 103 2547"/></Shape>
            <String CONTENT="ببيه أن مولى الهلبروه"
                    HPOS="103"
                    VPOS="2484"
                    WIDTH="370"
                    HEIGHT="93"
                    ></String>
          </TextLine>
        </TextBlock>
      </PrintSpace>
    </Page>
  </Layout>
</alto>
