<?xml version="1.0" encoding="UTF-8"?>
<alto xmlns:xsi="http://www.w3.org/2001/XMLSchema-instance"
      xmlns="http://www.loc.gov/standards/alto/ns-v4#"
      xsi:schemaLocation="http://www.loc.gov/standards/alto/ns-v4# http://www.loc.gov/standards/alto/v4/alto-4-2.xsd">
  <Description>
    <MeasurementUnit>pixel</MeasurementUnit>
    <sourceImageInformation>
      <fileName>Muqaffa-or14533-3.pdf_page_67.png</fileName>
      <fileIdentifier>pdf//Muqaffa-or14533-3.pdf</fileIdentifier>
    </sourceImageInformation>
  </Description>
  <Tags>
    <OtherTag ID="BT1094" LABEL="text" DESCRIPTION="block type text"/><OtherTag ID="BT1066" LABEL="Chancery_Material" DESCRIPTION="block type Chancery_Material"/><OtherTag ID="BT1065" LABEL="Flyleaf" DESCRIPTION="block type Flyleaf"/><OtherTag ID="BT1064" LABEL="default" DESCRIPTION="block type default"/><OtherTag ID="BT1063" LABEL="Marginal_Material" DESCRIPTION="block type Marginal_Material"/><OtherTag ID="BT1062" LABEL="Catchword" DESCRIPTION="block type Catchword"/><OtherTag ID="BT4" LABEL="Illustration" DESCRIPTION="block type Illustration"/><OtherTag ID="BT3" LABEL="Commentary" DESCRIPTION="block type Commentary"/><OtherTag ID="BT2" LABEL="Main" DESCRIPTION="block type Main"/><OtherTag ID="BT1" LABEL="Title" DESCRIPTION="block type Title"/>
    <OtherTag ID="LT1" LABEL="Main" DESCRIPTION="line type Main"/><OtherTag ID="LT219" LABEL="default" DESCRIPTION="line type default"/><OtherTag ID="LT220" LABEL="Main-90" DESCRIPTION="line type Main-90"/><OtherTag ID="LT221" LABEL="Main-180" DESCRIPTION="line type Main-180"/><OtherTag ID="LT222" LABEL="Main-270" DESCRIPTION="line type Main-270"/>
  </Tags>
  <Layout>
    <Page WIDTH="3991"
          HEIGHT="3021"
          PHYSICAL_IMG_NR="263"
          ID="eSc_dummypage_">
      <PrintSpace HPOS="0"
                  VPOS="0"
                  WIDTH="3991"
                  HEIGHT="3021">
        <TextBlock HPOS="2029"
                   VPOS="90"
                   WIDTH="1825"
                   HEIGHT="534"
                   ID="eSc_textblock_1214be3c"
                   TAGREFS="BT1063">
          <Shape><Polygon POINTS="3769 130 3849 383 3854 495 3739 538 3694 566 3638 574 3491 624 3465 350 3462 349 3438 346 2179 331 2165 362 2083 391 2029 262 2061 113 2460 90 3487 90"/></Shape>
          <TextLine ID="eSc_line_5a651084"
                    TAGREFS="LT220"
                    BASELINE="3058 131 3102 195" 
                    HPOS="3039"
                    VPOS="125"
                    WIDTH="75"
                    HEIGHT="78">
            <Shape><Polygon POINTS="3056 130 3039 140 3082 203 3099 193 3114 178 3059 125 3056 130"/></Shape>
            <String CONTENT="
"
                    HPOS="3039"
                    VPOS="125"
                    WIDTH="75"
                    HEIGHT="78"
                    ></String>
          </TextLine>
          <TextLine ID="eSc_line_917f929a"
                    TAGREFS="LT220"
                    BASELINE="2371 146 2435 200" 
                    HPOS="2351"
                    VPOS="140"
                    WIDTH="96"
                    HEIGHT="66">
            <Shape><Polygon POINTS="2351 161 2424 206 2434 198 2447 181 2374 140 2369 143 2351 161"/></Shape>
            <String CONTENT="م"
                    HPOS="2351"
                    VPOS="140"
                    WIDTH="96"
                    HEIGHT="66"
                    ></String>
          </TextLine>
          <TextLine ID="eSc_line_eb37a683"
                    TAGREFS="LT220"
                    BASELINE="3723 123 3767 240" 
                    HPOS="3696"
                    VPOS="118"
                    WIDTH="75"
                    HEIGHT="136">
            <Shape><Polygon POINTS="3696 128 3726 254 3766 239 3771 236 3769 156 3729 118 3721 120 3696 128"/></Shape>
            <String CONTENT="بب"
                    HPOS="3696"
                    VPOS="118"
                    WIDTH="75"
                    HEIGHT="136"
                    ></String>
          </TextLine>
          <TextLine ID="eSc_line_f0e7197a"
                    TAGREFS="LT220"
                    BASELINE="3653 138 3699 253" 
                    HPOS="3625"
                    VPOS="118"
                    WIDTH="78"
                    HEIGHT="141">
            <Shape><Polygon POINTS="3651 135 3625 143 3678 259 3698 251 3703 239 3683 118 3651 135"/></Shape>
            <String CONTENT="واهم"
                    HPOS="3625"
                    VPOS="118"
                    WIDTH="78"
                    HEIGHT="141"
                    ></String>
          </TextLine>
          <TextLine ID="eSc_line_6d4d4905"
                    TAGREFS="LT220"
                    BASELINE="2363 176 2429 248" 
                    HPOS="2334"
                    VPOS="173"
                    WIDTH="110"
                    HEIGHT="83">
            <Shape><Polygon POINTS="2334 196 2409 256 2427 246 2444 208 2382 176 2361 173 2334 196"/></Shape>
            <String CONTENT="سهم"
                    HPOS="2334"
                    VPOS="173"
                    WIDTH="110"
                    HEIGHT="83"
                    ></String>
          </TextLine>
          <TextLine ID="eSc_line_813dc4d2"
                    TAGREFS="LT220"
                    BASELINE="3584 130 3644 259" 
                    HPOS="3515"
                    VPOS="110"
                    WIDTH="168"
                    HEIGHT="159">
            <Shape><Polygon POINTS="3583 128 3515 158 3613 269 3643 256 3683 234 3615 110 3583 128"/></Shape>
            <String CONTENT="فنه"
                    HPOS="3515"
                    VPOS="110"
                    WIDTH="168"
                    HEIGHT="159"
                    ></String>
          </TextLine>
          <TextLine ID="eSc_line_662465cb"
                    TAGREFS="LT220"
                    BASELINE="2961 120 3049 264" 
                    HPOS="2946"
                    VPOS="103"
                    WIDTH="100"
                    HEIGHT="163">
            <Shape><Polygon POINTS="2946 123 3034 266 3046 261 3046 241 3014 186 2998 103 2958 118 2946 123"/></Shape>
            <String CONTENT="ل مسرهمابه"
                    HPOS="2946"
                    VPOS="103"
                    WIDTH="100"
                    HEIGHT="163"
                    ></String>
          </TextLine>
          <TextLine ID="eSc_line_a4525a94"
                    TAGREFS="LT220"
                    BASELINE="3514 125 3589 288" 
                    HPOS="3497"
                    VPOS="108"
                    WIDTH="96"
                    HEIGHT="184">
            <Shape><Polygon POINTS="3497 128 3517 203 3573 292 3588 286 3593 279 3552 108 3512 123 3497 128"/></Shape>
            <String CONTENT="اليم مر"
                    HPOS="3497"
                    VPOS="108"
                    WIDTH="96"
                    HEIGHT="184"
                    ></String>
          </TextLine>
          <TextLine ID="eSc_line_ffde585a"
                    TAGREFS="LT220"
                    BASELINE="3453 121 3536 301" 
                    HPOS="3419"
                    VPOS="115"
                    WIDTH="118"
                    HEIGHT="197">
            <Shape><Polygon POINTS="3419 133 3505 312 3535 299 3537 279 3510 206 3505 115 3452 120 3419 133"/></Shape>
            <String CONTENT="ابصرا وسمع"
                    HPOS="3419"
                    VPOS="115"
                    WIDTH="118"
                    HEIGHT="197"
                    ></String>
          </TextLine>
          <TextLine ID="eSc_line_6227b9e2"
                    TAGREFS="LT220"
                    BASELINE="3395 130 3466 310" 
                    HPOS="3381"
                    VPOS="128"
                    WIDTH="88"
                    HEIGHT="191">
            <Shape><Polygon POINTS="3469 299 3462 241 3406 135 3394 128 3381 133 3432 319 3464 309 3469 299"/></Shape>
            <String CONTENT="ما داوف"
                    HPOS="3381"
                    VPOS="128"
                    WIDTH="88"
                    HEIGHT="191"
                    ></String>
          </TextLine>
          <TextLine ID="eSc_line_9e46546a"
                    TAGREFS="LT220"
                    BASELINE="3334 127 3398 325" 
                    HPOS="3288"
                    VPOS="105"
                    WIDTH="131"
                    HEIGHT="227">
            <Shape><Polygon POINTS="3419 201 3409 178 3401 156 3391 130 3419 108 3419 105 3333 125 3288 138 3321 181 3318 236 3369 332 3396 324 3409 286 3401 254 3419 201 3419 201"/></Shape>
            <String CONTENT="الطبالس يزير"
                    HPOS="3288"
                    VPOS="105"
                    WIDTH="131"
                    HEIGHT="227"
                    ></String>
          </TextLine>
          <TextLine ID="eSc_line_4f5c193a"
                    TAGREFS="LT220"
                    BASELINE="3250 112 3335 336" 
                    HPOS="3210"
                    VPOS="110"
                    WIDTH="126"
                    HEIGHT="234">
            <Shape><Polygon POINTS="3210 123 3263 221 3298 344 3333 334 3336 309 3298 128 3248 110 3210 123"/></Shape>
            <String CONTENT="نكرو وبشر"
                    HPOS="3210"
                    VPOS="110"
                    WIDTH="126"
                    HEIGHT="234"
                    ></String>
          </TextLine>
          <TextLine ID="eSc_line_781afc6a"
                    TAGREFS="LT220"
                    BASELINE="3171 112 3261 332" 
                    HPOS="3152"
                    VPOS="110"
                    WIDTH="111"
                    HEIGHT="232">
            <Shape><Polygon POINTS="3152 115 3223 342 3260 329 3263 317 3238 256 3245 183 3215 110 3170 110 3152 115"/></Shape>
            <String CONTENT=" البصرمن"
                    HPOS="3152"
                    VPOS="110"
                    WIDTH="111"
                    HEIGHT="232"
                    ></String>
          </TextLine>
          <TextLine ID="eSc_line_b1fe2f1b"
                    TAGREFS="LT220"
                    BASELINE="2878 136 2974 327" 
                    HPOS="2852"
                    VPOS="120"
                    WIDTH="124"
                    HEIGHT="217">
            <Shape><Polygon POINTS="2852 146 2943 337 2973 324 2976 292 2951 120 2875 135 2852 146"/></Shape>
            <String CONTENT="بن ميس الزامر"
                    HPOS="2852"
                    VPOS="120"
                    WIDTH="124"
                    HEIGHT="217"
                    ></String>
          </TextLine>
          <TextLine ID="eSc_line_da4bf4d0"
                    TAGREFS="LT220"
                    BASELINE="2565 135 2667 327" 
                    HPOS="2543"
                    VPOS="118"
                    WIDTH="126"
                    HEIGHT="214">
            <Shape><Polygon POINTS="2543 143 2628 327 2646 332 2666 324 2669 294 2646 251 2638 118 2563 133 2543 143"/></Shape>
            <String CONTENT="ف البرويه كخرح"
                    HPOS="2543"
                    VPOS="118"
                    WIDTH="126"
                    HEIGHT="214"
                    ></String>
          </TextLine>
          <TextLine ID="eSc_line_02dc0614"
                    TAGREFS="LT220"
                    BASELINE="2302 135 2371 322" 
                    HPOS="2276"
                    VPOS="130"
                    WIDTH="95"
                    HEIGHT="199">
            <Shape><Polygon POINTS="2359 244 2359 241 2354 208 2303 130 2301 133 2276 140 2334 329 2369 319 2371 317 2359 244 2359 244"/></Shape>
            <String CONTENT="ة مزله وكرا"
                    HPOS="2276"
                    VPOS="130"
                    WIDTH="95"
                    HEIGHT="199"
                    ></String>
          </TextLine>
          <TextLine ID="eSc_line_5b37a5ec"
                    TAGREFS="LT220"
                    BASELINE="2213 131 2299 320" 
                    HPOS="2198"
                    VPOS="103"
                    WIDTH="156"
                    HEIGHT="221">
            <Shape><Polygon POINTS="2354 286 2296 208 2271 103 2210 130 2198 135 2208 221 2246 256 2251 302 2286 324 2298 319 2354 289 2354 286"/></Shape>
            <String CONTENT="رانساع"
                    HPOS="2198"
                    VPOS="103"
                    WIDTH="156"
                    HEIGHT="221"
                    ></String>
          </TextLine>
          <TextLine ID="eSc_line_97fa88ae"
                    TAGREFS="LT220"
                    BASELINE="2076 132 2171 330" 
                    HPOS="2054"
                    VPOS="110"
                    WIDTH="119"
                    HEIGHT="227">
            <Shape><Polygon POINTS="2074 130 2054 138 2107 289 2152 337 2170 329 2173 317 2112 110 2074 130"/></Shape>
            <String CONTENT="لمفكا ورما"
                    HPOS="2054"
                    VPOS="110"
                    WIDTH="119"
                    HEIGHT="227"
                    ></String>
          </TextLine>
          <TextLine ID="eSc_line_7802bad3"
                    TAGREFS="LT220"
                    BASELINE="3093 111 3192 340" 
                    HPOS="3079"
                    VPOS="93"
                    WIDTH="126"
                    HEIGHT="256">
            <Shape><Polygon POINTS="3205 322 3132 93 3092 110 3079 115 3157 349 3190 339 3190 337 3205 322"/></Shape>
            <String CONTENT="د بحد مف"
                    HPOS="3079"
                    VPOS="93"
                    WIDTH="126"
                    HEIGHT="256"
                    ></String>
          </TextLine>
          <TextLine ID="eSc_line_5b2a8580"
                    TAGREFS="LT220"
                    BASELINE="2716 135 2822 331" 
                    HPOS="2689"
                    VPOS="130"
                    WIDTH="131"
                    HEIGHT="207">
            <Shape><Polygon POINTS="2714 133 2689 146 2802 337 2820 329 2807 246 2749 201 2714 130 2714 133"/></Shape>
            <String CONTENT="كركى حفه س"
                    HPOS="2689"
                    VPOS="130"
                    WIDTH="131"
                    HEIGHT="207"
                    ></String>
          </TextLine>
          <TextLine ID="eSc_line_f4ce3f90"
                    TAGREFS="LT220"
                    BASELINE="3013 129 3138 342" 
                    HPOS="3001"
                    VPOS="105"
                    WIDTH="148"
                    HEIGHT="244">
            <Shape><Polygon POINTS="3149 319 3097 193 3094 193 3082 173 3066 151 3054 130 3061 110 3061 105 3011 128 3001 133 3117 349 3137 339 3137 337 3149 319"/></Shape>
            <String CONTENT="بمنه الصرب"
                    HPOS="3001"
                    VPOS="105"
                    WIDTH="148"
                    HEIGHT="244"
                    ></String>
          </TextLine>
          <TextLine ID="eSc_line_28ae3c90"
                    TAGREFS="LT220"
                    BASELINE="2972 206 3058 340" 
                    HPOS="2948"
                    VPOS="188"
                    WIDTH="126"
                    HEIGHT="169">
            <Shape><Polygon POINTS="3074 294 3026 259 2991 188 2971 203 2948 216 3021 357 3056 339 3059 337 3074 322"/></Shape>
            <String CONTENT="الوارمه"
                    HPOS="2948"
                    VPOS="188"
                    WIDTH="126"
                    HEIGHT="169"
                    ></String>
          </TextLine>
          <TextLine ID="eSc_line_8acb5954"
                    TAGREFS="LT220"
                    BASELINE="2356 239 2471 333" 
                    HPOS="2339"
                    VPOS="211"
                    WIDTH="136"
                    HEIGHT="133">
            <Shape><Polygon POINTS="2384 211 2354 236 2339 251 2457 344 2470 332 2470 329 2475 309"/></Shape>
            <String CONTENT=" بالب"
                    HPOS="2339"
                    VPOS="211"
                    WIDTH="136"
                    HEIGHT="133"
                    ></String>
          </TextLine>
          <TextLine ID="eSc_line_ba873e33"
                    TAGREFS="LT221"
                    BASELINE="3777 243 3483 355" 
                    HPOS="3467"
                    VPOS="229"
                    WIDTH="309"
                    HEIGHT="125">
            <Shape><Polygon POINTS="3482 354 3505 354 3759 292 3776 241 3771 229 3714 231 3676 266 3623 266 3610 286 3467 317 3482 354"/></Shape>
            <String CONTENT="فكع بهف وويون"
                    HPOS="3467"
                    VPOS="229"
                    WIDTH="309"
                    HEIGHT="125"
                    ></String>
          </TextLine>
          <TextLine ID="eSc_line_bc283bdb"
                    TAGREFS="LT220"
                    BASELINE="2793 133 2912 346" 
                    HPOS="2769"
                    VPOS="115"
                    WIDTH="156"
                    HEIGHT="239">
            <Shape><Polygon POINTS="2925 327 2862 115 2792 130 2769 140 2885 354 2910 344 2915 339 2925 327"/></Shape>
            <String CONTENT="وموين اسمعين"
                    HPOS="2769"
                    VPOS="115"
                    WIDTH="156"
                    HEIGHT="239"
                    ></String>
          </TextLine>
          <TextLine ID="eSc_line_345c88ab"
                    TAGREFS="LT220"
                    BASELINE="2651 134 2753 337" 
                    HPOS="2613"
                    VPOS="128"
                    WIDTH="156"
                    HEIGHT="216">
            <Shape><Polygon POINTS="2769 309 2744 196 2744 196 2732 173 2719 151 2732 138 2729 128 2648 133 2613 148 2726 344 2752 334 2752 332 2769 309"/></Shape>
            <String CONTENT="لحفه الطى وك"
                    HPOS="2613"
                    VPOS="128"
                    WIDTH="156"
                    HEIGHT="216"
                    ></String>
          </TextLine>
          <TextLine ID="eSc_line_14a9dc5a"
                    TAGREFS="LT220"
                    BASELINE="2506 134 2589 338" 
                    HPOS="2485"
                    VPOS="105"
                    WIDTH="126"
                    HEIGHT="237">
            <Shape><Polygon POINTS="2611 314 2591 259 2598 206 2598 203 2585 181 2573 158 2560 135 2588 108 2588 105 2505 133 2485 140 2505 241 2538 322 2565 342 2588 337 2588 334 2611 314"/></Shape>
            <String CONTENT="كررويى عن صا"
                    HPOS="2485"
                    VPOS="105"
                    WIDTH="126"
                    HEIGHT="237"
                    ></String>
          </TextLine>
          <TextLine ID="eSc_line_88c96160"
                    TAGREFS="LT220"
                    BASELINE="2439 140 2519 339" 
                    HPOS="2424"
                    VPOS="138"
                    WIDTH="99"
                    HEIGHT="204">
            <Shape><Polygon POINTS="2523 329 2437 138 2424 140 2455 276 2500 342 2517 337 2517 334 2523 329"/></Shape>
            <String CONTENT="سبق "
                    HPOS="2424"
                    VPOS="138"
                    WIDTH="99"
                    HEIGHT="204"
                    ></String>
          </TextLine>
          <TextLine ID="eSc_line_5795412f"
                    TAGREFS="LT220"
                    BASELINE="2142 133 2234 335" 
                    HPOS="2125"
                    VPOS="105"
                    WIDTH="131"
                    HEIGHT="234">
            <Shape><Polygon POINTS="2256 309 2188 105 2140 130 2125 135 2178 281 2220 339 2233 334 2235 332 2256 309"/></Shape>
            <String CONTENT="الففه فوة"
                    HPOS="2125"
                    VPOS="105"
                    WIDTH="131"
                    HEIGHT="234"
                    ></String>
          </TextLine>
          <TextLine ID="eSc_line_ef221c43"
                    TAGREFS="LT220"
                    BASELINE="2040 249 2116 378" 
                    HPOS="2011"
                    VPOS="244"
                    WIDTH="114"
                    HEIGHT="148">
            <Shape><Polygon POINTS="2042 244 2039 246 2011 261 2067 329 2087 392 2115 377 2125 367 2125 365"/></Shape>
            <String CONTENT="م مدهم"
                    HPOS="2011"
                    VPOS="244"
                    WIDTH="114"
                    HEIGHT="148"
                    ></String>
          </TextLine>
          <TextLine ID="eSc_line_074abd2c"
                    TAGREFS="LT221"
                    BASELINE="3806 291 3486 420" 
                    HPOS="3472"
                    VPOS="274"
                    WIDTH="332"
                    HEIGHT="189">
            <Shape><Polygon POINTS="3484 417 3537 463 3600 438 3666 347 3804 292 3804 289 3797 274 3472 390 3484 417"/></Shape>
            <String CONTENT="غلار الرارو"
                    HPOS="3472"
                    VPOS="274"
                    WIDTH="332"
                    HEIGHT="189"
                    ></String>
          </TextLine>
          <TextLine ID="eSc_line_7cbb29e6"
                    TAGREFS="LT221"
                    BASELINE="3802 377 3488 503" 
                    HPOS="3479"
                    VPOS="352"
                    WIDTH="320"
                    HEIGHT="148">
            <Shape><Polygon POINTS="3487 500 3487 498 3547 473 3613 475 3673 450 3708 407 3759 402 3797 375 3799 375 3789 352 3724 387 3696 380 3668 410 3547 440 3479 483 3487 500"/></Shape>
            <String CONTENT=" أحد
أصح"
                    HPOS="3479"
                    VPOS="352"
                    WIDTH="320"
                    HEIGHT="148"
                    ></String>
          </TextLine>
          <TextLine ID="eSc_line_ebd51a95"
                    TAGREFS="LT221"
                    BASELINE="3826 464 3498 576" 
                    HPOS="3489"
                    VPOS="443"
                    WIDTH="343"
                    HEIGHT="163">
            <Shape><Polygon POINTS="3497 573 3510 606 3832 493 3824 463 3817 443 3668 478 3489 551 3497 573"/></Shape>
            <String CONTENT="نقعه بالبصرة بما لملانه"
                    HPOS="3489"
                    VPOS="443"
                    WIDTH="343"
                    HEIGHT="163"
                    ></String>
          </TextLine>
        </TextBlock>
        <TextBlock HPOS="2073"
                   VPOS="321"
                   WIDTH="1464"
                   HEIGHT="2419"
                   ID="eSc_textblock_c5e00950"
                   TAGREFS="BT2">
          <Shape><Polygon POINTS="3534 698 3537 745 3527 1739 3497 2535 3497 2740 2128 2738 2086 2565 2073 417 2188 344 3468 321 3483 698"/></Shape>
          <TextLine ID="eSc_line_9d63cba9"
                    TAGREFS="LT1"
                    BASELINE="2105 370 3463 365" 
                    HPOS="2102"
                    VPOS="357"
                    WIDTH="1360"
                    HEIGHT="68">
            <Shape><Polygon POINTS="2150 365 2147 360 2102 362 2102 367 2102 407 2155 425 2276 407 2306 425 2575 407 2862 422 2885 405 3462 420 3462 362 3459 357 2150 360 2150 365"/></Shape>
            <String CONTENT="بسكس ل فبسه من اسيف بحتبر دعه من عسد امعه من يدس"
                    HPOS="2102"
                    VPOS="357"
                    WIDTH="1360"
                    HEIGHT="68"
                    ></String>
          </TextLine>
          <TextLine ID="eSc_line_a9122eae"
                    TAGREFS="LT1"
                    BASELINE="2135 453 3464 470" 
                    HPOS="2130"
                    VPOS="435"
                    WIDTH="1332"
                    HEIGHT="86">
            <Shape><Polygon POINTS="2132 450 2130 490 2205 506 2417 508 2467 490 2512 511 2653 495 2704 513 2744 500 2893 516 3024 498 3084 518 3245 500 3313 521 3338 503 3459 503 3462 468 3462 465 3162 450 3129 463 3039 443 3001 460 2701 438 2681 455 2623 455 2606 438 2490 453 2424 453 2407 435 2344 453 2281 438 2132 445 2132 450"/></Shape>
            <String CONTENT="امن عيب الله بن الجب شفه يقبع اجوتمول وسبول ابعه صل انف"
                    HPOS="2130"
                    VPOS="435"
                    WIDTH="1332"
                    HEIGHT="86"
                    ></String>
          </TextLine>
          <TextLine ID="eSc_line_15657c1c"
                    TAGREFS="LT1"
                    BASELINE="2178 556 3479 556" 
                    HPOS="2178"
                    VPOS="536"
                    WIDTH="1301"
                    HEIGHT="58">
            <Shape><Polygon POINTS="2178 589 3479 594 3479 556 3313 538 3296 556 3228 556 3144 536 3124 553 3031 556 2996 536 2888 556 2845 536 2671 536 2641 556 2487 538 2465 556 2444 536 2424 556 2354 541 2178 556 2178 589"/></Shape>
            <String CONTENT="ومنم مصع اما له سسفه بصعت وله ما لبعتعه سنة اسف"
                    HPOS="2178"
                    VPOS="536"
                    WIDTH="1301"
                    HEIGHT="58"
                    ></String>
          </TextLine>
          <TextLine ID="eSc_line_a6b9fb42"
                    TAGREFS="LT1"
                    BASELINE="2142 626 2487 641 3482 636" 
                    HPOS="2140"
                    VPOS="604"
                    WIDTH="1342"
                    HEIGHT="80">
            <Shape><Polygon POINTS="2142 626 2140 669 2286 684 2661 684 2679 669 2706 684 2787 669 3462 684 3479 669 3482 636 3444 626 3268 626 3245 606 3182 626 3155 604 2966 604 2903 624 2802 604 2769 626 2716 626 2674 604 2550 626 2492 604 2465 626 2402 609 2142 624 2142 626"/></Shape>
            <String CONTENT="وكابه لبعه من السسا فاضبام وخار الفسطاط يوم الجمعه لما ن حلوم"
                    HPOS="2140"
                    VPOS="604"
                    WIDTH="1342"
                    HEIGHT="80"
                    ></String>
          </TextLine>
          <TextLine ID="eSc_line_f3f54b77"
                    TAGREFS="LT1"
                    BASELINE="2142 732 3489 727" 
                    HPOS="2142"
                    VPOS="697"
                    WIDTH="1347"
                    HEIGHT="80">
            <Shape><Polygon POINTS="2142 767 2399 760 2437 777 2472 762 2540 777 2563 760 2714 777 2754 760 2774 775 3003 775 3210 757 3296 775 3361 757 3379 775 3452 775 3487 760 3489 727 3457 720 3233 720 3217 704 3134 720 3089 699 3031 720 3001 697 2943 697 2905 720 2847 702 2825 717 2802 699 2643 722 2621 699 2364 699 2341 720 2301 699 2268 720 2167 722 2142 732 2142 767"/></Shape>
            <String CONTENT="بكه اللا خم سته سست واربعيب وماسيف مافار يحل الغضاء بماى"
                    HPOS="2142"
                    VPOS="697"
                    WIDTH="1347"
                    HEIGHT="80"
                    ></String>
          </TextLine>
          <TextLine ID="eSc_line_1fd4414c"
                    TAGREFS="LT1"
                    BASELINE="2145 828 3479 815" 
                    HPOS="2145"
                    VPOS="787"
                    WIDTH="1334"
                    HEIGHT="86">
            <Shape><Polygon POINTS="2145 866 2382 855 2399 873 2470 853 2540 871 2608 853 2648 871 2716 855 2862 868 2900 850 2953 866 3026 848 3142 866 3212 845 3243 863 3283 848 3369 863 3477 848 3479 815 3477 810 3172 795 3132 815 3087 787 3059 808 2943 787 2784 790 2737 818 2656 793 2598 810 2575 793 2500 818 2472 805 2407 823 2150 823 2145 828 2145 866"/></Shape>
            <String CONTENT="مسنيف جن قدم احر مولعة لامص واستمرما صببا شى موى"
                    HPOS="2145"
                    VPOS="787"
                    WIDTH="1334"
                    HEIGHT="86"
                    ></String>
          </TextLine>
          <TextLine ID="eSc_line_d58d8bac"
                    TAGREFS="LT1"
                    BASELINE="2127 898 2376 918 3482 908" 
                    HPOS="2125"
                    VPOS="876"
                    WIDTH="1357"
                    HEIGHT="90">
            <Shape><Polygon POINTS="2127 898 2127 946 2251 966 2505 964 2538 946 2623 966 2815 944 2850 964 2991 946 3024 959 3039 944 3215 961 3482 946 3482 908 3479 903 3411 876 3132 878 3087 893 3008 878 2968 906 2820 903 2779 878 2651 908 2366 908 2281 886 2125 893 2127 898"/></Shape>
            <String CONTENT="لبله االخميس لست خلوب مف من الححة سنة سبعين ولا تنير كا"
                    HPOS="2125"
                    VPOS="876"
                    WIDTH="1357"
                    HEIGHT="90"
                    ></String>
          </TextLine>
          <TextLine ID="eSc_line_a1bfb9ad"
                    TAGREFS="LT1"
                    BASELINE="2115 1009 3472 999" 
                    HPOS="2115"
                    VPOS="969"
                    WIDTH="1357"
                    HEIGHT="83">
            <Shape><Polygon POINTS="2115 1037 2449 1052 2528 1034 2575 1049 2613 1034 2709 1047 2724 1032 2815 1044 2842 1029 2961 1029 2983 1047 3071 1029 3419 1044 3469 1027 3472 999 3467 991 3172 969 2918 971 2878 996 2847 976 2810 996 2762 979 2737 999 2676 999 2611 974 2578 999 2452 981 2409 1001 2359 986 2150 1001 2115 1009 2115 1037"/></Shape>
            <String CONTENT="رمف ولا ينبه القضماء ارمعا وعر ن سنة وكاب محثب حلبلحرت"
                    HPOS="2115"
                    VPOS="969"
                    WIDTH="1357"
                    HEIGHT="83"
                    ></String>
          </TextLine>
          <TextLine ID="eSc_line_8df56b7f"
                    TAGREFS="LT1"
                    BASELINE="2127 1082 3479 1090" 
                    HPOS="2125"
                    VPOS="1059"
                    WIDTH="1354"
                    HEIGHT="78">
            <Shape><Polygon POINTS="2125 1115 2591 1135 2961 1117 3056 1137 3076 1122 3258 1137 3273 1122 3353 1135 3477 1120 3479 1090 3437 1082 3149 1082 3129 1064 3066 1077 3029 1062 2918 1080 2898 1062 2739 1062 2664 1080 2646 1062 2578 1059 2540 1077 2472 1059 2447 1077 2246 1062 2130 1077 2127 1082 2125 1115"/></Shape>
            <String CONTENT="مصب سد تببا كمبير ا ويجم من اله مع احر ن طولع فع منها امه مت"
                    HPOS="2125"
                    VPOS="1059"
                    WIDTH="1354"
                    HEIGHT="78"
                    ></String>
          </TextLine>
          <TextLine ID="eSc_line_f7020743"
                    TAGREFS="LT1"
                    BASELINE="2127 1168 3464 1178" 
                    HPOS="2125"
                    VPOS="1145"
                    WIDTH="1339"
                    HEIGHT="83">
            <Shape><Polygon POINTS="2127 1168 2125 1205 2142 1218 2238 1198 2273 1218 2349 1198 2462 1223 2626 1223 2674 1200 2701 1220 2726 1200 2752 1223 2930 1226 3092 1200 3358 1228 3396 1203 3462 1203 3464 1178 3462 1173 3212 1173 3102 1147 3001 1168 2983 1150 2794 1145 2752 1145 2724 1168 2701 1145 2666 1168 2591 1165 2563 1145 2492 1168 2382 1150 2341 1165 2127 1163 2127 1168"/></Shape>
            <String CONTENT="مه الى مم فه لما خالف عليه ابنه الغباس ماجهر فسا رالنهامب"
                    HPOS="2125"
                    VPOS="1145"
                    WIDTH="1339"
                    HEIGHT="83"
                    ></String>
          </TextLine>
          <TextLine ID="eSc_line_d80eecdb"
                    TAGREFS="LT1"
                    BASELINE="2137 1248 3472 1261" 
                    HPOS="2135"
                    VPOS="1223"
                    WIDTH="1337"
                    HEIGHT="86">
            <Shape><Polygon POINTS="2135 1283 2223 1299 2321 1281 2407 1301 2757 1286 2792 1304 2878 1288 2900 1304 2978 1288 3122 1304 3162 1288 3230 1309 3288 1309 3308 1291 3404 1309 3469 1291 3472 1261 3429 1253 3152 1236 3021 1251 3001 1231 2857 1248 2812 1228 2671 1226 2563 1246 2510 1226 2394 1238 2326 1223 2140 1243 2137 1248 2135 1283"/></Shape>
            <String CONTENT="الرحباء سوم حمح معه من مص وحدته بق الوجوع المى ابيه معالب له"
                    HPOS="2135"
                    VPOS="1223"
                    WIDTH="1337"
                    HEIGHT="86"
                    ></String>
          </TextLine>
          <TextLine ID="eSc_line_a5f99db7"
                    TAGREFS="LT1"
                    BASELINE="2132 1334 2638 1351 3482 1354" 
                    HPOS="2130"
                    VPOS="1309"
                    WIDTH="1352"
                    HEIGHT="95">
            <Shape><Polygon POINTS="2130 1372 2354 1372 2449 1394 2575 1382 2601 1397 2724 1377 2837 1397 2910 1379 3006 1399 3026 1384 3061 1402 3109 1382 3144 1399 3197 1382 3293 1402 3361 1384 3442 1404 3479 1392 3482 1354 3439 1344 3333 1344 3278 1321 3253 1341 3074 1341 3044 1316 2956 1331 2855 1316 2779 1336 2734 1314 2638 1336 2553 1311 2477 1331 2442 1311 2384 1334 2263 1309 2241 1329 2198 1311 2137 1329 2132 1334 2130 1372"/></Shape>
            <String CONTENT="بابا مكنه السفس وموت واما امادك امم ن اسالك بابيه هك تا منه"
                    HPOS="2130"
                    VPOS="1309"
                    WIDTH="1352"
                    HEIGHT="95"
                    ></String>
          </TextLine>
          <TextLine ID="eSc_line_6ccc48b9"
                    TAGREFS="LT1"
                    BASELINE="2120 1447 3479 1442" 
                    HPOS="2120"
                    VPOS="1412"
                    WIDTH="1359"
                    HEIGHT="80">
            <Shape><Polygon POINTS="2120 1475 2248 1475 2271 1492 2326 1472 2734 1492 3094 1490 3165 1470 3351 1487 3477 1470 3479 1442 3472 1434 3323 1412 3064 1412 3019 1429 2865 1412 2794 1437 2643 1417 2623 1437 2591 1414 2515 1437 2193 1437 2120 1447 2120 1475"/></Shape>
            <String CONTENT="معال له ومحلف ابوى أن لا يسود فا مالف بى فلسا"
                    HPOS="2120"
                    VPOS="1412"
                    WIDTH="1359"
                    HEIGHT="80"
                    ></String>
          </TextLine>
          <TextLine ID="eSc_line_bbfd355d"
                    TAGREFS="LT1"
                    BASELINE="2208 1533 3479 1533" 
                    HPOS="2208"
                    VPOS="1507"
                    WIDTH="1271"
                    HEIGHT="86">
            <Shape><Polygon POINTS="2208 1533 2208 1593 2238 1575 2253 1591 2301 1578 2883 1593 2903 1573 2943 1591 2998 1573 3102 1593 3124 1573 3351 1573 3366 1588 3416 1573 3434 1591 3479 1573 3479 1533 3479 1528 3182 1528 3139 1507 3036 1507 2988 1528 2953 1507 2782 1507 2719 1528 2694 1507 2633 1507 2596 1528 2462 1510 2427 1525 2208 1528 2208 1533"/></Shape>
            <String CONTENT="وهم انه دوفم حاكر معاد الى اجم جولعت بغر ثا بل مل"
                    HPOS="2208"
                    VPOS="1507"
                    WIDTH="1271"
                    HEIGHT="86"
                    ></String>
          </TextLine>
          <TextLine ID="eSc_line_b4cc4ead"
                    TAGREFS="LT1"
                    BASELINE="2160 1626 3477 1631" 
                    HPOS="2157"
                    VPOS="1596"
                    WIDTH="1320"
                    HEIGHT="85">
            <Shape><Polygon POINTS="2157 1676 2238 1679 2263 1659 2507 1679 2789 1664 2825 1681 2981 1681 3019 1661 3107 1679 3147 1661 3210 1676 3235 1661 3474 1661 3477 1631 3459 1623 3306 1623 3280 1603 3212 1598 2890 1598 2867 1616 2817 1596 2787 1618 2757 1596 2726 1621 2628 1621 2578 1596 2540 1621 2490 1598 2444 1621 2379 1606 2162 1621 2160 1626 2157 1676"/></Shape>
            <String CONTENT="ني"
                    HPOS="2157"
                    VPOS="1596"
                    WIDTH="1320"
                    HEIGHT="85"
                    ></String>
          </TextLine>
          <TextLine ID="eSc_line_63847bca"
                    TAGREFS="LT1"
                    BASELINE="2147 1719 3492 1719" 
                    HPOS="2147"
                    VPOS="1684"
                    WIDTH="1345"
                    HEIGHT="85">
            <Shape><Polygon POINTS="2147 1757 3024 1769 3074 1752 3122 1769 3235 1752 3265 1769 3399 1769 3492 1752 3492 1719 3467 1709 3348 1709 3303 1684 3207 1684 3185 1701 3117 1684 2996 1709 2920 1691 2852 1709 2810 1686 2774 1709 2621 1709 2578 1684 2427 1684 2371 1709 2344 1684 2256 1684 2230 1704 2198 1691 2152 1709 2147 1719 2147 1757"/></Shape>
            <String CONTENT="ان لهم"
                    HPOS="2147"
                    VPOS="1684"
                    WIDTH="1345"
                    HEIGHT="85"
                    ></String>
          </TextLine>
          <TextLine ID="eSc_line_2f89c6cc"
                    TAGREFS="LT1"
                    BASELINE="2162 1810 3482 1805" 
                    HPOS="2162"
                    VPOS="1782"
                    WIDTH="1320"
                    HEIGHT="78">
            <Shape><Polygon POINTS="2162 1860 2341 1845 2540 1845 2573 1860 2719 1845 2777 1860 2822 1842 2903 1857 2928 1842 3482 1855 3482 1805 3479 1800 3228 1802 3157 1782 3034 1782 3011 1797 2946 1782 2920 1802 2827 1787 2719 1805 2686 1784 2656 1805 2591 1805 2568 1787 2545 1805 2472 1784 2162 1805 2162 1810 2162 1860"/></Shape>
            <String CONTENT="هلم ميعمعامهد اابا ما وعا مضه مزيد من محم عيد السدور برهم"
                    HPOS="2162"
                    VPOS="1782"
                    WIDTH="1320"
                    HEIGHT="78"
                    ></String>
          </TextLine>
          <TextLine ID="eSc_line_0069805c"
                    TAGREFS="LT1"
                    BASELINE="2162 1898 3479 1898" 
                    HPOS="2162"
                    VPOS="1870"
                    WIDTH="1317"
                    HEIGHT="73">
            <Shape><Polygon POINTS="2162 1943 2339 1943 2407 1923 2558 1923 2628 1943 2935 1923 2973 1943 3069 1928 3152 1943 3202 1923 3243 1943 3376 1943 3394 1925 3479 1923 3479 1898 3442 1890 3165 1875 3122 1890 3102 1870 3026 1870 3006 1890 2986 1870 2830 1870 2784 1890 2739 1870 2681 1890 2658 1870 2530 1870 2200 1890 2162 1898 2162 1943"/></Shape>
            <String CONTENT="امنعت وور موله علي السلام المع منو ن كاما ما م حرم ميمع"
                    HPOS="2162"
                    VPOS="1870"
                    WIDTH="1317"
                    HEIGHT="73"
                    ></String>
          </TextLine>
          <TextLine ID="eSc_line_2eb177eb"
                    TAGREFS="LT1"
                    BASELINE="2155 1981 3477 1986" 
                    HPOS="2152"
                    VPOS="1948"
                    WIDTH="1325"
                    HEIGHT="81">
            <Shape><Polygon POINTS="2152 2006 2213 2026 2283 2026 2303 2008 2598 2008 2616 2026 2802 2011 2827 2029 3031 2011 3391 2029 3474 2011 3477 1986 3452 1976 3338 1953 3311 1968 3278 1951 3104 1951 3059 1971 2948 1951 2878 1976 2850 1951 2777 1948 2721 1973 2666 1973 2621 1948 2570 1951 2548 1973 2497 1956 2475 1973 2195 1973 2155 1981 2152 2006"/></Shape>
            <String CONTENT="رمه منهم ونا حم فاسكنه احرجولوت ومال اعل ومعه اع هدا"
                    HPOS="2152"
                    VPOS="1948"
                    WIDTH="1325"
                    HEIGHT="81"
                    ></String>
          </TextLine>
          <TextLine ID="eSc_line_d5214e03"
                    TAGREFS="LT1"
                    BASELINE="2132 2069 3469 2079" 
                    HPOS="2130"
                    VPOS="2041"
                    WIDTH="1339"
                    HEIGHT="81">
            <Shape><Polygon POINTS="2130 2094 2157 2114 2230 2102 2467 2117 2515 2097 2681 2117 2716 2099 2752 2117 2797 2097 2855 2117 3132 2099 3223 2122 3341 2102 3467 2119 3469 2079 3459 2069 3134 2044 2888 2066 2855 2044 2777 2041 2739 2064 2653 2041 2173 2061 2132 2069 2130 2094"/></Shape>
            <String CONTENT="مه وامر ما شساب محص بما ماه بكار وبيلهم ولما باخ اصر"
                    HPOS="2130"
                    VPOS="2041"
                    WIDTH="1339"
                    HEIGHT="81"
                    ></String>
          </TextLine>
          <TextLine ID="eSc_line_6453efe7"
                    TAGREFS="LT1"
                    BASELINE="2147 2157 3479 2157" 
                    HPOS="2147"
                    VPOS="2127"
                    WIDTH="1332"
                    HEIGHT="75">
            <Shape><Polygon POINTS="2147 2202 2392 2202 2449 2185 2535 2202 2621 2185 2784 2202 2885 2185 2948 2202 3029 2185 3404 2202 3479 2185 3479 2157 3439 2149 3187 2149 3157 2132 3016 2127 2988 2144 2900 2132 2822 2149 2681 2127 2626 2149 2560 2127 2475 2144 2356 2127 2329 2149 2160 2149 2147 2157 2147 2202"/></Shape>
            <String CONTENT="طعلوت العمصف عل الاخفر ومنعهب داراسبه عا بكارام مصذب"
                    HPOS="2147"
                    VPOS="2127"
                    WIDTH="1332"
                    HEIGHT="75"
                    ></String>
          </TextLine>
          <TextLine ID="eSc_line_dd72d539"
                    TAGREFS="LT1"
                    BASELINE="2140 2238 3472 2248" 
                    HPOS="2137"
                    VPOS="2210"
                    WIDTH="1335"
                    HEIGHT="85">
            <Shape><Polygon POINTS="2137 2263 2195 2283 2316 2270 2339 2288 2495 2290 2752 2268 2794 2290 2928 2270 3024 2293 3097 2270 3139 2295 3202 2273 3240 2273 3265 2295 3469 2273 3472 2248 3452 2240 3303 2240 3253 2215 3180 2240 3137 2212 2993 2238 2805 2210 2729 2210 2656 2235 2613 2235 2585 2210 2517 2230 2142 2233 2140 2238 2137 2263"/></Shape>
            <String CONTENT="ومشف فاجمع بها مع م ضر يخلع المومق مل يصن منه مرصاه"
                    HPOS="2137"
                    VPOS="2210"
                    WIDTH="1335"
                    HEIGHT="85"
                    ></String>
          </TextLine>
          <TextLine ID="eSc_line_9b6c3119"
                    TAGREFS="LT1"
                    BASELINE="2125 2323 2354 2336 3467 2331" 
                    HPOS="2122"
                    VPOS="2300"
                    WIDTH="1345"
                    HEIGHT="81">
            <Shape><Polygon POINTS="2125 2323 2125 2371 2565 2381 2641 2363 2686 2381 2764 2363 2837 2381 2991 2363 3044 2381 3094 2363 3114 2379 3293 2381 3467 2361 3467 2331 3462 2323 3434 2306 3416 2323 3353 2323 3318 2300 3278 2316 3235 2300 3202 2326 3144 2300 2981 2300 2961 2316 2895 2300 2862 2326 2807 2300 2658 2326 2608 2300 2517 2300 2472 2326 2122 2321 2125 2323"/></Shape>
            <String CONTENT="اصرب طولع ف فاوار عنه واسوهاى عه الما ف قدر معن من"
                    HPOS="2122"
                    VPOS="2300"
                    WIDTH="1345"
                    HEIGHT="81"
                    ></String>
          </TextLine>
          <TextLine ID="eSc_line_920ff53d"
                    TAGREFS="LT1"
                    BASELINE="2122 2429 3457 2421" 
                    HPOS="2122"
                    VPOS="2391"
                    WIDTH="1335"
                    HEIGHT="86">
            <Shape><Polygon POINTS="2122 2467 2361 2457 2427 2477 2563 2477 2739 2459 2769 2474 2789 2454 2905 2454 2966 2472 3054 2452 3114 2472 3157 2452 3182 2472 3313 2472 3351 2454 3419 2472 3454 2452 3457 2421 3452 2411 3399 2414 3376 2391 3303 2414 3265 2391 3240 2411 3215 2391 3074 2391 3001 2416 2948 2394 2832 2394 2739 2416 2560 2394 2399 2419 2193 2419 2122 2429 2122 2467"/></Shape>
            <String CONTENT="بثا وواوقعه اللناسف واسم سبحنة ب جمع الاضوسنه سنه جن"
                    HPOS="2122"
                    VPOS="2391"
                    WIDTH="1335"
                    HEIGHT="86"
                    ></String>
          </TextLine>
          <TextLine ID="eSc_line_cead07dd"
                    TAGREFS="LT1"
                    BASELINE="2120 2499 3459 2520" 
                    HPOS="2117"
                    VPOS="2482"
                    WIDTH="1342"
                    HEIGHT="85">
            <Shape><Polygon POINTS="2117 2537 2628 2560 2701 2542 2729 2560 2787 2540 2862 2557 2885 2542 3114 2545 3167 2567 3457 2550 3459 2520 3421 2512 2925 2489 2817 2504 2774 2487 2623 2484 2580 2499 2228 2482 2125 2494 2120 2499 2117 2537"/></Shape>
            <String CONTENT="مكمبيفب دلث بعد حوف سمو اله م احفر فيس رخفص كاسب"
                    HPOS="2117"
                    VPOS="2482"
                    WIDTH="1342"
                    HEIGHT="85"
                    ></String>
          </TextLine>
          <TextLine ID="eSc_line_950c29e5"
                    TAGREFS="LT1"
                    BASELINE="2137 2593 3449 2605" 
                    HPOS="2135"
                    VPOS="2575"
                    WIDTH="1314"
                    HEIGHT="80">
            <Shape><Polygon POINTS="2135 2630 2162 2648 2402 2650 2497 2650 2533 2628 2767 2648 2789 2630 2875 2630 2903 2653 2930 2635 2996 2653 3024 2633 3147 2633 3172 2653 3288 2635 3391 2655 3447 2635 3449 2605 3416 2598 3167 2593 3134 2577 3076 2595 3056 2577 2885 2593 2860 2575 2140 2587 2137 2593 2135 2630"/></Shape>
            <String CONTENT="بركار واصبحايه واسرهم مقع حسبامب ما جوع بجل أبدهر باجممع"
                    HPOS="2135"
                    VPOS="2575"
                    WIDTH="1314"
                    HEIGHT="80"
                    ></String>
          </TextLine>
          <TextLine ID="eSc_line_4a9b73ae"
                    TAGREFS="LT1"
                    BASELINE="2173 2683 2228 2696 2599 2692 3449 2693" 
                    HPOS="2167"
                    VPOS="2668"
                    WIDTH="1280"
                    HEIGHT="73">
            <Shape><Polygon POINTS="2170 2681 2170 2741 2208 2718 2329 2718 2366 2739 2490 2718 2696 2718 2716 2734 2777 2721 2802 2739 3129 2739 3162 2721 3202 2739 3263 2718 3326 2739 3444 2718 3447 2691 3444 2688 3202 2688 3144 2671 3102 2688 3082 2668 2963 2668 2943 2688 2913 2671 2870 2688 2847 2668 2830 2686 2782 2668 2716 2686 2658 2668 2555 2688 2167 2678 2170 2681"/></Shape>
            <String CONTENT="الحد ميسب ابام بو لسوف ومسلس"
                    HPOS="2167"
                    VPOS="2668"
                    WIDTH="1280"
                    HEIGHT="73"
                    ></String>
          </TextLine>
        </TextBlock>
        <TextBlock HPOS="312"
                   VPOS="292"
                   WIDTH="1536"
                   HEIGHT="2444"
                   ID="eSc_textblock_6ed26248"
                   TAGREFS="BT2">
          <Shape><Polygon POINTS="1848 2666 1817 2716 433 2736 362 2676 312 2479 435 2515 453 2404 420 807 423 342 443 312 861 292 1838 302"/></Shape>
          <TextLine ID="eSc_line_a9cd8c25"
                    TAGREFS="LT1"
                    BASELINE="448 362 1805 342" 
                    HPOS="445"
                    VPOS="297"
                    WIDTH="1360"
                    HEIGHT="105">
            <Shape><Polygon POINTS="1780 299 1755 299 1742 299 1566 314 1513 297 1503 297 1490 297 1460 317 1420 304 1405 319 1342 307 1291 322 1175 322 1135 302 1107 324 926 307 886 319 866 302 775 322 692 304 528 304 521 307 496 307 470 309 445 309 448 362 448 392 785 402 919 400 959 382 1455 392 1535 375 1611 390 1636 372 1742 387 1805 372 1805 342 1802 299 1780 299"/></Shape>
            <String CONTENT="اليه انقطابح سماع الحدش من عار وسنالوه ان باذت له في الحديث"
                    HPOS="445"
                    VPOS="297"
                    WIDTH="1360"
                    HEIGHT="105"
                    ></String>
          </TextLine>
          <TextLine ID="eSc_line_068df1b4"
                    TAGREFS="LT1"
                    BASELINE="443 448 1815 425" 
                    HPOS="443"
                    VPOS="405"
                    WIDTH="1372"
                    HEIGHT="103">
            <Shape><Polygon POINTS="443 480 488 480 516 508 642 485 717 506 881 503 911 480 941 500 971 473 999 485 1055 470 1203 498 1258 473 1347 493 1475 465 1528 463 1568 485 1608 465 1664 483 1694 463 1815 458 1815 425 1812 420 1651 422 1601 405 1530 422 1462 405 1402 427 1276 430 1246 407 1049 410 974 435 873 415 843 438 788 438 745 415 707 440 634 422 591 443 443 443 443 448 443 480"/></Shape>
            <String CONTENT="معصا فكان بك ارحرت وهوع السحتت وبفي حا موزعه"
                    HPOS="443"
                    VPOS="405"
                    WIDTH="1372"
                    HEIGHT="103"
                    ></String>
          </TextLine>
          <TextLine ID="eSc_line_fe8c25b9"
                    TAGREFS="LT1"
                    BASELINE="460 541 936 541 1810 516" 
                    HPOS="458"
                    VPOS="498"
                    WIDTH="1352"
                    HEIGHT="93">
            <Shape><Polygon POINTS="460 541 460 573 626 591 644 573 717 571 911 586 997 566 1138 581 1213 558 1251 579 1367 556 1410 568 1634 548 1676 568 1810 553 1810 516 1807 511 1493 498 1465 513 1382 500 1352 521 1251 503 1135 526 1024 508 931 528 898 516 883 531 825 518 705 533 679 518 662 536 626 523 458 536 460 541"/></Shape>
            <String CONTENT="بلحبس مايه وتناهب الوواع فمقول له المغ عا سراعع وى ابها العا"
                    HPOS="458"
                    VPOS="498"
                    WIDTH="1352"
                    HEIGHT="93"
                    ></String>
          </TextLine>
          <TextLine ID="eSc_line_5967db91"
                    TAGREFS="LT1"
                    BASELINE="445 629 1812 611" 
                    HPOS="445"
                    VPOS="584"
                    WIDTH="1367"
                    HEIGHT="95">
            <Shape><Polygon POINTS="445 662 637 679 830 677 846 662 1029 674 1070 657 1261 669 1304 649 1349 669 1437 667 1460 646 1513 664 1563 646 1810 649 1812 611 1792 604 1417 584 1357 609 1316 586 1231 586 1153 606 1097 589 1075 611 1034 589 987 614 878 591 828 616 727 601 506 619 445 629 445 662"/></Shape>
            <String CONTENT="كااهدم فنفول اللهم اسهدهم ان ابن طولويعت اليه مقول الك مت"
                    HPOS="445"
                    VPOS="584"
                    WIDTH="1367"
                    HEIGHT="95"
                    ></String>
          </TextLine>
          <TextLine ID="eSc_line_6d5c5d15"
                    TAGREFS="LT1"
                    BASELINE="445 707 1143 714 1812 697" 
                    HPOS="445"
                    VPOS="682"
                    WIDTH="1367"
                    HEIGHT="80">
            <Shape><Polygon POINTS="445 762 516 760 543 740 626 762 659 742 798 762 851 742 1143 760 1266 742 1364 757 1399 735 1442 752 1467 735 1553 735 1611 755 1651 735 1812 732 1812 697 1810 697 1576 682 1538 699 1508 682 1473 702 1430 687 1324 702 1304 682 1175 682 1133 704 1067 684 1032 702 956 684 924 704 863 704 818 684 742 707 692 687 601 707 453 702 445 707 445 762"/></Shape>
            <String CONTENT="انت لحجع طبه بامم وسه ويكتبك ومكاتب كتف رابت حال الهم بحر"
                    HPOS="445"
                    VPOS="682"
                    WIDTH="1367"
                    HEIGHT="80"
                    ></String>
          </TextLine>
          <TextLine ID="eSc_line_40c7265b"
                    TAGREFS="LT1"
                    BASELINE="438 808 1807 790" 
                    HPOS="438"
                    VPOS="762"
                    WIDTH="1369"
                    HEIGHT="93">
            <Shape><Polygon POINTS="438 843 543 835 619 855 637 835 705 835 825 855 994 838 1022 853 1196 833 1276 848 1316 828 1384 848 1452 823 1573 823 1608 845 1639 820 1697 835 1805 820 1807 790 1800 785 1651 762 1631 782 1447 765 1407 790 1241 790 1221 770 1115 770 1080 787 1019 770 961 772 939 795 808 777 778 795 740 780 720 798 669 785 470 800 438 808 438 843"/></Shape>
            <String CONTENT="بسرم است ابضا اوروت بمل كنابا من لحليفه مبغلبد الفماء وامعه"
                    HPOS="438"
                    VPOS="762"
                    WIDTH="1369"
                    HEIGHT="93"
                    ></String>
          </TextLine>
          <TextLine ID="eSc_line_bc53ea83"
                    TAGREFS="LT1"
                    BASELINE="458 891 1812 886" 
                    HPOS="458"
                    VPOS="868"
                    WIDTH="1354"
                    HEIGHT="78">
            <Shape><Polygon POINTS="458 926 606 928 629 946 810 926 896 946 1133 946 1258 921 1319 944 1505 944 1541 921 1619 921 1649 941 1692 921 1810 921 1812 886 1810 881 1606 883 1588 868 1498 883 1447 868 1430 883 1243 883 1143 868 1112 886 901 871 825 886 785 871 677 886 616 871 460 886 458 891 458 926"/></Shape>
            <String CONTENT="ولت لافلاف فعد ممعمف حى تورد بمل كبابا منه سو ماروت"
                    HPOS="458"
                    VPOS="868"
                    WIDTH="1354"
                    HEIGHT="78"
                    ></String>
          </TextLine>
          <TextLine ID="eSc_line_b0770531"
                    TAGREFS="LT1"
                    BASELINE="450 991 1812 974" 
                    HPOS="450"
                    VPOS="951"
                    WIDTH="1362"
                    HEIGHT="91">
            <Shape><Polygon POINTS="450 1024 569 1042 710 1022 773 1042 795 1024 838 1039 883 1019 1014 1039 1044 1019 1087 1037 1218 1037 1274 1014 1422 1034 1445 1012 1616 1032 1666 1012 1729 1029 1749 1009 1812 1007 1812 974 1807 969 1614 951 1435 954 1382 976 1332 956 1289 976 1236 956 1183 979 1070 959 1027 979 929 961 906 981 767 984 720 966 702 984 450 986 450 991 450 1024"/></Shape>
            <String CONTENT="حععد فا مزكع السح ح ات اعم رطولعت وفارم بعمه امنه ابم احبس"
                    HPOS="450"
                    VPOS="951"
                    WIDTH="1362"
                    HEIGHT="91"
                    ></String>
          </TextLine>
          <TextLine ID="eSc_line_f64dedfe"
                    TAGREFS="LT1"
                    BASELINE="453 1080 1810 1062" 
                    HPOS="453"
                    VPOS="1044"
                    WIDTH="1357"
                    HEIGHT="88">
            <Shape><Polygon POINTS="453 1120 717 1110 750 1132 941 1130 971 1115 1032 1130 1105 1107 1138 1127 1193 1105 1226 1125 1412 1125 1541 1105 1598 1115 1636 1097 1747 1117 1807 1097 1810 1062 1807 1057 1420 1044 1198 1067 1135 1049 1082 1067 896 1052 863 1069 722 1072 702 1057 642 1074 453 1074 453 1080 453 1120"/></Shape>
            <String CONTENT="تمار ومه  صد طبولو فاخرجه من الحفس من اخرح من اربامب خمم"
                    HPOS="453"
                    VPOS="1044"
                    WIDTH="1357"
                    HEIGHT="88"
                    ></String>
          </TextLine>
          <TextLine ID="eSc_line_1bb26f34"
                    TAGREFS="LT1"
                    BASELINE="448 1155 1243 1168 1817 1158" 
                    HPOS="445"
                    VPOS="1130"
                    WIDTH="1372"
                    HEIGHT="90">
            <Shape><Polygon POINTS="448 1155 445 1190 516 1205 667 1190 694 1218 730 1200 783 1218 830 1195 954 1193 979 1210 1080 1193 1135 1218 1284 1220 1568 1220 1601 1203 1656 1215 1687 1195 1815 1195 1817 1158 1807 1153 1694 1140 1671 1158 1641 1135 1573 1135 1513 1158 1387 1158 1349 1140 1329 1158 1296 1135 1251 1158 1228 1140 1183 1155 1117 1135 1087 1153 987 1155 921 1135 898 1155 853 1155 828 1132 762 1155 740 1132 616 1147 594 1130 491 1130 448 1153 448 1155"/></Shape>
            <String CONTENT="التهم ولم تنم له منهر فعم اطا وقه جةت وقال لا موعمر الكنة ان بكان"
                    HPOS="445"
                    VPOS="1130"
                    WIDTH="1372"
                    HEIGHT="90"
                    ></String>
          </TextLine>
          <TextLine ID="eSc_line_39264a62"
                    TAGREFS="LT1"
                    BASELINE="450 1243 1815 1238" 
                    HPOS="450"
                    VPOS="1223"
                    WIDTH="1365"
                    HEIGHT="68">
            <Shape><Polygon POINTS="450 1273 556 1291 805 1291 825 1276 883 1288 931 1273 949 1288 1095 1291 1135 1271 1581 1288 1603 1271 1775 1271 1790 1286 1815 1268 1815 1238 1812 1233 1130 1223 1090 1238 453 1238 450 1243 450 1273"/></Shape>
            <String CONTENT="العا  امطلف في نعبا ف سسه سب بيعف وول معسضى ان ار برصوع"
                    HPOS="450"
                    VPOS="1223"
                    WIDTH="1365"
                    HEIGHT="68"
                    ></String>
          </TextLine>
          <TextLine ID="eSc_line_6482e426"
                    TAGREFS="LT1"
                    BASELINE="458 1334 1817 1326" 
                    HPOS="458"
                    VPOS="1306"
                    WIDTH="1359"
                    HEIGHT="76">
            <Shape><Polygon POINTS="458 1361 569 1382 896 1382 989 1361 1049 1379 1082 1364 1316 1377 1364 1356 1636 1356 1656 1377 1707 1377 1817 1354 1817 1326 1812 1321 1392 1306 1321 1326 1296 1309 1130 1309 1090 1326 793 1329 752 1311 732 1329 679 1314 463 1329 458 1334 458 1361"/></Shape>
            <String CONTENT="والذ اطلغة فانه مت بوب القعدة سنه سبف وانعه اعل وقال"
                    HPOS="458"
                    VPOS="1306"
                    WIDTH="1359"
                    HEIGHT="76"
                    ></String>
          </TextLine>
          <TextLine ID="eSc_line_97b9d8af"
                    TAGREFS="LT1"
                    BASELINE="475 1417 1805 1417" 
                    HPOS="475"
                    VPOS="1397"
                    WIDTH="1330"
                    HEIGHT="68">
            <Shape><Polygon POINTS="475 1417 475 1452 722 1465 825 1447 866 1465 951 1447 1004 1465 1180 1465 1216 1447 1269 1465 1284 1450 1399 1447 1440 1465 1473 1447 1571 1447 1588 1465 1674 1465 1805 1447 1805 1417 1805 1412 1261 1397 1165 1412 1075 1397 1019 1412 924 1397 813 1412 775 1397 750 1412 475 1412 475 1417"/></Shape>
            <String CONTENT="أحمد بن يوسف الكاتب حدثني نسيم الخادم قال دعاني أحمد بن طولون
"
                    HPOS="475"
                    VPOS="1397"
                    WIDTH="1330"
                    HEIGHT="68"
                    ></String>
          </TextLine>
          <TextLine ID="eSc_line_04801115"
                    TAGREFS="LT1"
                    BASELINE="488 1495 1807 1490" 
                    HPOS="488"
                    VPOS="1470"
                    WIDTH="1319"
                    HEIGHT="70">
            <Shape><Polygon POINTS="488 1533 1075 1540 1228 1523 1253 1538 1387 1538 1417 1523 1513 1538 1581 1523 1659 1538 1676 1523 1805 1523 1807 1490 1802 1485 1211 1470 1191 1485 1145 1470 1105 1485 994 1472 908 1487 878 1472 863 1487 531 1487 488 1495 488 1533"/></Shape>
            <String CONTENT="وقد مضت قطعة من الليل قبل وفاته بشهر واحد فقال لي ادخل "
                    HPOS="488"
                    VPOS="1470"
                    WIDTH="1319"
                    HEIGHT="70"
                    ></String>
          </TextLine>
          <TextLine ID="eSc_line_465f1617"
                    TAGREFS="LT1"
                    BASELINE="478 1591 1812 1580" 
                    HPOS="478"
                    VPOS="1555"
                    WIDTH="1334"
                    HEIGHT="93">
            <Shape><Polygon POINTS="478 1633 566 1631 604 1648 697 1631 773 1648 851 1633 1072 1646 1145 1626 1178 1643 1223 1626 1334 1626 1352 1643 1483 1626 1538 1641 1601 1623 1674 1623 1692 1641 1810 1628 1812 1580 1807 1575 1619 1575 1598 1555 1558 1555 1523 1575 1455 1558 1367 1573 1241 1558 1213 1578 1125 1563 1107 1580 964 1580 936 1560 898 1578 808 1560 752 1583 591 1565 491 1583 478 1591 478 1633"/></Shape>
            <String CONTENT="إلى بكار بن
"
                    HPOS="478"
                    VPOS="1555"
                    WIDTH="1334"
                    HEIGHT="93"
                    ></String>
          </TextLine>
          <TextLine ID="eSc_line_2cb80d6b"
                    TAGREFS="LT1"
                    BASELINE="473 1701 1817 1686" 
                    HPOS="473"
                    VPOS="1651"
                    WIDTH="1344"
                    HEIGHT="98">
            <Shape><Polygon POINTS="473 1729 536 1749 601 1749 619 1732 901 1747 936 1724 994 1739 1065 1724 1133 1744 1238 1721 1309 1742 1379 1719 1568 1739 1654 1737 1694 1716 1757 1737 1817 1714 1817 1686 1797 1676 1669 1676 1636 1651 1588 1651 1253 1659 1228 1679 1175 1656 1138 1681 1115 1659 1049 1679 994 1659 971 1681 926 1664 903 1686 755 1686 705 1664 674 1689 501 1689 473 1701 473 1729"/></Shape>
            <String CONTENT="أنت تعلم ميلي إليك
قديما وإكرامي لك وأنه لم يفسد محلك عندي إلا "
                    HPOS="473"
                    VPOS="1651"
                    WIDTH="1344"
                    HEIGHT="98"
                    ></String>
          </TextLine>
          <TextLine ID="eSc_line_25619fd6"
                    TAGREFS="LT1"
                    BASELINE="483 1794 1812 1782" 
                    HPOS="480"
                    VPOS="1762"
                    WIDTH="1332"
                    HEIGHT="80">
            <Shape><Polygon POINTS="483 1794 483 1835 601 1822 682 1837 720 1822 747 1842 868 1820 931 1840 1095 1817 1148 1837 1284 1815 1435 1835 1548 1817 1568 1832 1742 1832 1812 1810 1812 1782 1810 1777 1671 1782 1639 1767 1616 1782 1561 1762 1530 1784 1417 1764 1344 1782 1299 1764 1258 1787 1185 1767 1012 1767 934 1789 856 1769 835 1789 730 1792 710 1777 692 1792 480 1792 483 1794"/></Shape>
            <String CONTENT="أمرالخلع فإن شهادتك فيه
شهادة مغلب للتقية وقد شاع "
                    HPOS="480"
                    VPOS="1762"
                    WIDTH="1332"
                    HEIGHT="80"
                    ></String>
          </TextLine>
          <TextLine ID="eSc_line_a53eae04"
                    TAGREFS="LT1"
                    BASELINE="503 1885 1805 1875" 
                    HPOS="503"
                    VPOS="1850"
                    WIDTH="1302"
                    HEIGHT="78">
            <Shape><Polygon POINTS="503 1913 825 1928 893 1908 944 1925 971 1908 1017 1925 1150 1925 1213 1905 1337 1920 1490 1905 1515 1920 1568 1903 1608 1920 1802 1903 1805 1875 1802 1870 1558 1873 1503 1852 1369 1873 1337 1850 1175 1850 1107 1875 1077 1852 997 1878 969 1852 921 1852 848 1878 762 1860 710 1880 503 1880 503 1885 503 1913"/></Shape>
            <String CONTENT="في عسكري أنك نقمت هذا الخلع وو الله ما
انحرفت عن الناكث "
                    HPOS="503"
                    VPOS="1850"
                    WIDTH="1302"
                    HEIGHT="78"
                    ></String>
          </TextLine>
          <TextLine ID="eSc_line_806dcc9d"
                    TAGREFS="LT1"
                    BASELINE="465 1966 1810 1961" 
                    HPOS="465"
                    VPOS="1935"
                    WIDTH="1345"
                    HEIGHT="81">
            <Shape><Polygon POINTS="465 2001 516 2016 614 2001 694 2016 727 2001 783 2016 956 2016 989 2001 1135 2016 1175 1998 1238 2014 1410 2014 1432 1998 1707 2014 1810 1996 1810 1961 1805 1953 1654 1935 1636 1953 1535 1938 1427 1953 1367 1935 1337 1953 1314 1935 1241 1935 1218 1953 1196 1938 1150 1953 1027 1938 969 1956 911 1938 790 1956 740 1938 689 1956 639 1938 503 1956 465 1966 465 2001"/></Shape>
            <String CONTENT="لانحراف قلب ولا إساءة اعتدتها له ولا أردت بخلعه إلا
الله "
                    HPOS="465"
                    VPOS="1935"
                    WIDTH="1345"
                    HEIGHT="81"
                    ></String>
          </TextLine>
          <TextLine ID="eSc_line_8b243614"
                    TAGREFS="LT1"
                    BASELINE="473 2071 1820 2049" 
                    HPOS="473"
                    VPOS="2026"
                    WIDTH="1347"
                    HEIGHT="86">
            <Shape><Polygon POINTS="473 2112 1817 2087 1820 2049 1817 2044 1581 2046 1543 2029 1488 2044 1470 2026 1384 2026 1359 2051 1339 2036 1319 2051 1191 2054 1125 2031 1032 2056 997 2034 921 2034 841 2059 773 2036 745 2061 621 2039 576 2064 536 2049 483 2064 473 2071 473 2112"/></Shape>
            <String CONTENT="عز وجل لأنه أسر الخليفة ومنعه ما يجب له والصواب أن تحضر "
                    HPOS="473"
                    VPOS="2026"
                    WIDTH="1347"
                    HEIGHT="86"
                    ></String>
          </TextLine>
          <TextLine ID="eSc_line_3bd58e4b"
                    TAGREFS="LT1"
                    BASELINE="485 2157 1810 2139" 
                    HPOS="485"
                    VPOS="2119"
                    WIDTH="1325"
                    HEIGHT="86">
            <Shape><Polygon POINTS="485 2190 863 2205 926 2182 1052 2202 1135 2185 1276 2197 1314 2177 1369 2197 1457 2175 1558 2195 1578 2175 1664 2192 1810 2172 1810 2139 1807 2134 1598 2124 1485 2139 1430 2119 1326 2122 1284 2142 1238 2122 1150 2144 979 2132 934 2147 911 2127 861 2127 762 2149 725 2134 485 2152 485 2157 485 2190"/></Shape>
            <String CONTENT="مجلسي
ويجتمع فيه أولياء أمير المؤمنين وتتبرأ من الناكث بر"
                    HPOS="485"
                    VPOS="2119"
                    WIDTH="1325"
                    HEIGHT="86"
                    ></String>
          </TextLine>
          <TextLine ID="eSc_line_ec2fff9f"
                    TAGREFS="LT1"
                    BASELINE="491 2230 959 2245 1800 2217" 
                    HPOS="491"
                    VPOS="2205"
                    WIDTH="1309"
                    HEIGHT="93">
            <Shape><Polygon POINTS="491 2273 569 2273 629 2298 871 2293 888 2278 906 2293 1060 2275 1349 2285 1407 2268 1440 2280 1465 2260 1538 2273 1563 2255 1800 2250 1800 2217 1797 2215 1598 2205 1543 2220 1515 2205 1488 2222 1417 2207 1349 2225 1261 2210 1206 2227 1170 2215 1032 2230 1014 2215 979 2230 866 2217 851 2233 790 2217 773 2235 632 2220 569 2238 491 2225 491 2230 491 2273"/></Shape>
            <String CONTENT="اءة تدل على صدق 
 نيتك لأمير ا"
                    HPOS="491"
                    VPOS="2205"
                    WIDTH="1309"
                    HEIGHT="93"
                    ></String>
          </TextLine>
          <TextLine ID="eSc_line_4cfb5bfc"
                    TAGREFS="LT1"
                    BASELINE="483 2328 1123 2328 1802 2300" 
                    HPOS="480"
                    VPOS="2283"
                    WIDTH="1322"
                    HEIGHT="103">
            <Shape><Polygon POINTS="483 2328 483 2361 561 2363 594 2386 735 2356 773 2381 830 2381 1019 2361 1226 2371 1332 2348 1410 2368 1558 2338 1631 2361 1659 2336 1802 2333 1802 2300 1792 2295 1722 2303 1694 2283 1641 2283 1581 2303 1538 2285 1515 2308 1483 2290 1462 2308 1417 2288 1294 2290 1261 2313 1208 2295 1191 2313 1092 2303 1057 2318 987 2318 959 2298 929 2321 883 2308 805 2323 755 2303 732 2321 707 2306 634 2326 480 2326 483 2328"/></Shape>
            <String CONTENT="لمؤمنين وترجع إلى عملك وما كنا عليه من إكرامك وموالاتك
"
                    HPOS="480"
                    VPOS="2283"
                    WIDTH="1322"
                    HEIGHT="103"
                    ></String>
          </TextLine>
          <TextLine ID="eSc_line_42e3d83a"
                    TAGREFS="LT1"
                    BASELINE="503 2426 1145 2419 1807 2381" 
                    HPOS="503"
                    VPOS="2376"
                    WIDTH="1304"
                    HEIGHT="98">
            <Shape><Polygon POINTS="503 2474 576 2457 619 2474 767 2472 878 2447 916 2467 959 2449 1004 2464 1218 2457 1248 2439 1276 2452 1367 2429 1410 2441 1467 2426 1515 2444 1757 2416 1775 2431 1807 2414 1807 2381 1805 2379 1359 2376 1213 2401 1117 2386 1070 2406 944 2409 858 2394 503 2424 503 2426 503 2474"/></Shape>
            <String CONTENT="فيما آتيناه إليك مما لا أؤثره والله فيك
 "
                    HPOS="503"
                    VPOS="2376"
                    WIDTH="1304"
                    HEIGHT="98"
                    ></String>
          </TextLine>
          <TextLine ID="eSc_line_388cfaa0"
                    TAGREFS="LT1"
                    BASELINE="491 2517 1128 2507 1807 2477" 
                    HPOS="491"
                    VPOS="2454"
                    WIDTH="1316"
                    HEIGHT="96">
            <Shape><Polygon POINTS="491 2550 1135 2550 1173 2527 1289 2545 1546 2514 1624 2535 1807 2507 1807 2477 1797 2472 1621 2454 1462 2459 1374 2484 1329 2464 1201 2469 1175 2492 1077 2479 1049 2494 971 2474 946 2492 891 2479 863 2502 498 2512 491 2517 491 2550"/></Shape>
            <String CONTENT="احيه لفى كاف ما معجذ نه قابما مصل فعلب مصحت وسبوك و"
                    HPOS="491"
                    VPOS="2454"
                    WIDTH="1316"
                    HEIGHT="96"
                    ></String>
          </TextLine>
          <TextLine ID="eSc_line_168b3548"
                    TAGREFS="LT1"
                    BASELINE="496 2610 1198 2598 1820 2555" 
                    HPOS="493"
                    VPOS="2545"
                    WIDTH="1327"
                    HEIGHT="110">
            <Shape><Polygon POINTS="496 2610 498 2645 808 2655 944 2630 1057 2645 1241 2638 1271 2620 1556 2625 1639 2600 1820 2593 1820 2555 1817 2552 1586 2562 1566 2545 1500 2545 1435 2570 1389 2550 1289 2572 1266 2555 1183 2580 1060 2585 1009 2565 951 2567 929 2590 873 2572 843 2587 813 2572 762 2587 687 2577 662 2600 566 2582 493 2605 496 2610"/></Shape>
            <String CONTENT="لامه عار مضيل السرح فمع الله اتحرزف صلاته انزل مغوام ركع"
                    HPOS="493"
                    VPOS="2545"
                    WIDTH="1327"
                    HEIGHT="110"
                    ></String>
          </TextLine>
          <TextLine ID="eSc_line_998a2ac3"
                    TAGREFS="LT1"
                    BASELINE="349 2517 502 2695 841 2688 1817 2653" 
                    HPOS="344"
                    VPOS="2514"
                    WIDTH="1471"
                    HEIGHT="232">
            <Shape><Polygon POINTS="344 2698 443 2713 475 2741 538 2744 581 2711 652 2744 730 2746 901 2746 941 2726 994 2741 1065 2716 1150 2746 1266 2746 1354 2701 1379 2718 1405 2698 1812 2698 1815 2650 1812 2650 1724 2635 1676 2650 1616 2625 1530 2650 1495 2623 1445 2655 1334 2633 1284 2658 1198 2663 1175 2645 1135 2676 1044 2633 971 2673 936 2658 903 2678 730 2678 637 2653 538 2655 478 2605 420 2605 347 2514 344 2698"/></Shape>
            <String CONTENT="وز في صلاته ولم يزل
يقرأ ثم ركع وسجد ورفع رأسه وقام ف"
                    HPOS="344"
                    VPOS="2514"
                    WIDTH="1471"
                    HEIGHT="232"
                    ></String>
          </TextLine>
        </TextBlock>
        <TextBlock HPOS="2224"
                   VPOS="2736"
                   WIDTH="159"
                   HEIGHT="129"
                   ID="eSc_textblock_1d1d1181"
                   TAGREFS="BT1062">
          <Shape><Polygon POINTS="2374 2841 2266 2865 2224 2774 2383 2736"/></Shape>
          <TextLine ID="eSc_line_82c451d9"
                    TAGREFS="LT1"
                    BASELINE="2280 2824 2360 2791" 
                    HPOS="2261"
                    VPOS="2744"
                    WIDTH="100"
                    HEIGHT="108">
            <Shape><Polygon POINTS="2334 2744 2261 2769 2278 2822 2291 2852 2361 2801 2359 2789 2339 2744 2334 2744"/></Shape>
            <String CONTENT="قرأ "
                    HPOS="2261"
                    VPOS="2744"
                    WIDTH="100"
                    HEIGHT="108"
                    ></String>
          </TextLine>
        </TextBlock>
        <TextBlock HPOS="69"
                   VPOS="618"
                   WIDTH="327"
                   HEIGHT="285"
                   ID="eSc_textblock_316a1b02"
                   TAGREFS="BT1063">
          <Shape><Polygon POINTS="396 886 69 903 130 624 394 618"/></Shape>
          <TextLine ID="eSc_line_b2a9092c"
                    TAGREFS="LT1"
                    BASELINE="139 657 177 699 385 699" 
                    HPOS="133"
                    VPOS="641"
                    WIDTH="249"
                    HEIGHT="84">
            <Shape><Polygon POINTS="138 654 133 725 377 725 382 697 382 677 138 641 138 654"/></Shape>
            <String CONTENT="وحث الع"
                    HPOS="133"
                    VPOS="641"
                    WIDTH="249"
                    HEIGHT="84"
                    ></String>
          </TextLine>
          <TextLine ID="eSc_line_a0986500"
                    TAGREFS="LT1"
                    BASELINE="168 747 385 752" 
                    HPOS="166"
                    VPOS="742"
                    WIDTH="219"
                    HEIGHT="63">
            <Shape><Polygon POINTS="166 787 284 805 382 790 385 752 385 747 171 742 168 747 166 787"/></Shape>
            <String CONTENT="لو القبع"
                    HPOS="166"
                    VPOS="742"
                    WIDTH="219"
                    HEIGHT="63"
                    ></String>
          </TextLine>
          <TextLine ID="eSc_line_da3c2bd0"
                    TAGREFS="LT1"
                    BASELINE="267 834 382 829" 
                    HPOS="266"
                    VPOS="803"
                    WIDTH="114"
                    HEIGHT="65">
            <Shape><Polygon POINTS="377 820 319 803 269 825 266 833 269 868 380 845 380 828 377 820"/></Shape>
            <String CONTENT="ن ر"
                    HPOS="266"
                    VPOS="803"
                    WIDTH="114"
                    HEIGHT="65"
                    ></String>
          </TextLine>
        </TextBlock>
        <TextBlock HPOS="3449"
                   VPOS="2688"
                   WIDTH="18"
                   HEIGHT="18"
                   ID="eSc_textblock_a51e4f62"
                   TAGREFS="BT2">
          <Shape><Polygon POINTS="3449 2706 3449 2688 3454 2688 3467 2696"/></Shape>
        </TextBlock>
      </PrintSpace>
    </Page>
  </Layout>
</alto>
