<?xml version="1.0" encoding="UTF-8"?>
<alto xmlns:xsi="http://www.w3.org/2001/XMLSchema-instance"
      xmlns="http://www.loc.gov/standards/alto/ns-v4#"
      xsi:schemaLocation="http://www.loc.gov/standards/alto/ns-v4# http://www.loc.gov/standards/alto/v4/alto-4-2.xsd">
  <Description>
    <MeasurementUnit>pixel</MeasurementUnit>
    <sourceImageInformation>
      <fileName>Muqaffa-or14533-3.pdf_page_71.png</fileName>
      <fileIdentifier>pdf//Muqaffa-or14533-3.pdf</fileIdentifier>
    </sourceImageInformation>
  </Description>
  <Tags>
    <OtherTag ID="BT1094" LABEL="text" DESCRIPTION="block type text"/><OtherTag ID="BT1066" LABEL="Chancery_Material" DESCRIPTION="block type Chancery_Material"/><OtherTag ID="BT1065" LABEL="Flyleaf" DESCRIPTION="block type Flyleaf"/><OtherTag ID="BT1064" LABEL="default" DESCRIPTION="block type default"/><OtherTag ID="BT1063" LABEL="Marginal_Material" DESCRIPTION="block type Marginal_Material"/><OtherTag ID="BT1062" LABEL="Catchword" DESCRIPTION="block type Catchword"/><OtherTag ID="BT4" LABEL="Illustration" DESCRIPTION="block type Illustration"/><OtherTag ID="BT3" LABEL="Commentary" DESCRIPTION="block type Commentary"/><OtherTag ID="BT2" LABEL="Main" DESCRIPTION="block type Main"/><OtherTag ID="BT1" LABEL="Title" DESCRIPTION="block type Title"/>
    <OtherTag ID="LT1" LABEL="Main" DESCRIPTION="line type Main"/><OtherTag ID="LT219" LABEL="default" DESCRIPTION="line type default"/><OtherTag ID="LT220" LABEL="Main-90" DESCRIPTION="line type Main-90"/><OtherTag ID="LT221" LABEL="Main-180" DESCRIPTION="line type Main-180"/><OtherTag ID="LT222" LABEL="Main-270" DESCRIPTION="line type Main-270"/>
  </Tags>
  <Layout>
    <Page WIDTH="3991"
          HEIGHT="3021"
          PHYSICAL_IMG_NR="267"
          ID="eSc_dummypage_">
      <PrintSpace HPOS="0"
                  VPOS="0"
                  WIDTH="3991"
                  HEIGHT="3021">
        <TextBlock HPOS="2062"
                   VPOS="271"
                   WIDTH="1425"
                   HEIGHT="2465"
                   ID="eSc_textblock_2ef60d24"
                   TAGREFS="BT2">
          <Shape><Polygon POINTS="3426 281 3467 312 3487 2162 3457 2736 2072 2726 2062 372 2173 292 2699 271"/></Shape>
          <TextLine ID="eSc_line_9ac8b28d"
                    TAGREFS="LT1"
                    BASELINE="2097 375 3434 362" 
                    HPOS="2097"
                    VPOS="292"
                    WIDTH="1337"
                    HEIGHT="120">
            <Shape><Polygon POINTS="2097 342 2097 375 2097 397 2266 412 2311 397 2530 410 2593 395 2621 410 2636 392 2840 407 3114 390 3165 405 3434 385 3434 362 3432 292 3061 314 2983 299 2925 322 2857 299 2815 332 2716 314 2694 332 2553 317 2497 334 2404 322 2215 337 2170 322 2107 334 2097 342"/></Shape>
            <String CONTENT="م قال وهذه رجحان اليمين بلغت السماء مع الشيطان وأفنيت
كواكب الرحمن ولعبت بالكعاب في الكعبة وأعنت "
                    HPOS="2097"
                    VPOS="292"
                    WIDTH="1337"
                    HEIGHT="120"
                    ></String>
          </TextLine>
          <TextLine ID="eSc_line_2ad0195b"
                    TAGREFS="LT1"
                    BASELINE="2110 458 3432 448" 
                    HPOS="2110"
                    VPOS="427"
                    WIDTH="1322"
                    HEIGHT="84">
            <Shape><Polygon POINTS="2110 493 2173 511 2220 490 2281 511 2412 511 2447 495 2565 508 2593 490 2621 508 2704 508 2734 488 3024 506 3066 485 3144 503 3165 483 3278 483 3301 500 3429 483 3432 448 3429 443 2946 427 2913 448 2890 427 2794 427 2726 450 2621 430 2553 450 2414 453 2361 435 2293 453 2110 453 2110 458 2110 493"/></Shape>
            <String CONTENT="عاقر الناقة على صالح ولقيت
الله بذنب فرعون يوم قال أنا ربكم الأ"
                    HPOS="2110"
                    VPOS="427"
                    WIDTH="1322"
                    HEIGHT="84"
                    ></String>
          </TextLine>
          <TextLine ID="eSc_line_4b7344a2"
                    TAGREFS="LT1"
                    BASELINE="2095 432 2170 418" 
                    HPOS="2094"
                    VPOS="367"
                    WIDTH="73"
                    HEIGHT="91">
            <Shape><Polygon POINTS="2135 372 2110 372 2099 367 2094 367 2094 430 2099 458 2167 430 2167 417 2157 372 2135 372"/></Shape>
            <String CONTENT="على "
                    HPOS="2094"
                    VPOS="367"
                    WIDTH="73"
                    HEIGHT="91"
                    ></String>
          </TextLine>
          <TextLine ID="eSc_line_b7a0c3f9"
                    TAGREFS="LT1"
                    BASELINE="2062 528 2286 551 3439 536" 
                    HPOS="2062"
                    VPOS="506"
                    WIDTH="1377"
                    HEIGHT="95">
            <Shape><Polygon POINTS="2062 573 2140 573 2175 601 2341 601 2434 586 2492 599 2512 579 2575 599 2729 579 2805 596 2855 579 2991 594 3024 566 3104 586 3376 563 3404 584 3439 563 3439 536 3379 523 2930 506 2862 528 2742 508 2543 528 2455 511 2339 533 2180 513 2062 523 2062 528 2062 573"/></Shape>
            <String CONTENT="وحاسبني الله على مثل مال قارون
لا أعلم فيه مثقال ذرة خير إلا أنفقته "
                    HPOS="2062"
                    VPOS="506"
                    WIDTH="1377"
                    HEIGHT="95"
                    ></String>
          </TextLine>
          <TextLine ID="eSc_line_7a27f582"
                    TAGREFS="LT1"
                    BASELINE="2074 644 3442 621" 
                    HPOS="2074"
                    VPOS="599"
                    WIDTH="1368"
                    HEIGHT="90">
            <Shape><Polygon POINTS="2074 674 2225 689 2261 669 2376 687 2434 672 2530 684 2555 664 2681 682 2729 664 2832 679 2875 659 3003 674 3031 657 3071 672 3139 654 3442 662 3442 621 3437 616 3215 619 3139 599 3064 619 3031 601 2865 604 2777 626 2575 609 2548 629 2482 616 2457 631 2429 611 2374 631 2349 619 2107 636 2074 644 2074 674"/></Shape>
            <String CONTENT="في هدم المساجد وخراب الثغور وشرب
الخمور والجمع على الفجور وضرب "
                    HPOS="2074"
                    VPOS="599"
                    WIDTH="1368"
                    HEIGHT="90"
                    ></String>
          </TextLine>
          <TextLine ID="eSc_line_1bee638d"
                    TAGREFS="LT1"
                    BASELINE="2082 720 3444 707" 
                    HPOS="2082"
                    VPOS="687"
                    WIDTH="1362"
                    HEIGHT="85">
            <Shape><Polygon POINTS="2082 755 2127 772 2278 772 2336 752 2387 770 2444 752 2613 770 2643 747 2782 767 2827 747 3107 765 3180 742 3291 762 3442 742 3444 707 3442 702 3180 692 3167 707 3076 707 3049 687 2895 687 2799 689 2757 709 2726 689 2623 689 2596 712 2500 697 2389 712 2361 694 2344 714 2082 714 2082 720 2082 755"/></Shape>
            <String CONTENT="العود والطنبور والقمار بالطيور والكفر
ببعث من في القبور إن "
                    HPOS="2082"
                    VPOS="687"
                    WIDTH="1362"
                    HEIGHT="85"
                    ></String>
          </TextLine>
          <TextLine ID="eSc_line_610e2d05"
                    TAGREFS="LT1"
                    BASELINE="2074 815 3444 795" 
                    HPOS="2074"
                    VPOS="772"
                    WIDTH="1370"
                    HEIGHT="91">
            <Shape><Polygon POINTS="2074 845 2213 863 2261 843 2407 860 2477 845 2658 855 2679 840 2721 853 2772 835 2920 853 2951 835 3003 850 3031 833 3160 830 3212 848 3238 830 3288 845 3336 828 3391 845 3444 833 3444 795 3442 790 3333 772 3311 793 3270 775 3235 795 3134 782 3046 798 3014 775 2925 775 2903 795 2855 777 2777 777 2754 800 2726 780 2646 780 2618 803 2588 780 2563 805 2525 805 2500 782 2444 782 2422 803 2394 787 2366 803 2344 790 2074 810 2074 815 2074 845"/></Shape>
            <String CONTENT="لم أكن قدمته بعشر دواب كانت تخلع أرسانها فكان هذا
الدائن "
                    HPOS="2074"
                    VPOS="772"
                    WIDTH="1370"
                    HEIGHT="91"
                    ></String>
          </TextLine>
          <TextLine ID="eSc_line_f6bab1d7"
                    TAGREFS="LT1"
                    BASELINE="2077 918 3444 883" 
                    HPOS="2077"
                    VPOS="866"
                    WIDTH="1367"
                    HEIGHT="100">
            <Shape><Polygon POINTS="2077 946 2130 966 2273 941 2369 961 2583 936 2606 954 2679 933 2744 946 2762 928 2842 949 2885 926 2958 923 3399 933 3444 913 3444 883 3437 878 2951 866 2120 911 2077 918 2077 946"/></Shape>
            <String CONTENT="يجيء يصلح أرسانها بفمه قليلا قليلا فكان السائس يزيد في شعيره
لهذا "
                    HPOS="2077"
                    VPOS="866"
                    WIDTH="1367"
                    HEIGHT="100"
                    ></String>
          </TextLine>
          <TextLine ID="eSc_line_d8a7023d"
                    TAGREFS="LT1"
                    BASELINE="2072 999 3447 969" 
                    HPOS="2072"
                    VPOS="941"
                    WIDTH="1375"
                    HEIGHT="113">
            <Shape><Polygon POINTS="2072 1054 2298 1052 2311 1037 2351 1049 2387 1027 2553 1044 2762 1017 2852 1037 2956 1014 2998 1034 3054 1012 3323 1022 3444 1004 3447 969 3437 964 3313 966 3273 941 3212 941 2941 949 2898 974 2857 956 2799 974 2767 954 2747 969 2669 961 2636 981 2570 959 2545 974 2460 961 2376 984 2102 991 2072 999 2072 1054"/></Shape>
            <String CONTENT="السبب
 فضحك بكار حتى أمسك بطنه بيده وقال لو عرفتم صاحبكم لما "
                    HPOS="2072"
                    VPOS="941"
                    WIDTH="1375"
                    HEIGHT="113"
                    ></String>
          </TextLine>
          <TextLine ID="eSc_line_7c23ffe4"
                    TAGREFS="LT1"
                    BASELINE="2092 1095 2910 1067 3444 1059" 
                    HPOS="2092"
                    VPOS="1044"
                    WIDTH="1352"
                    HEIGHT="93">
            <Shape><Polygon POINTS="2092 1137 2215 1122 2324 1135 2397 1115 2444 1132 2470 1112 2543 1110 2580 1127 2782 1107 2840 1120 2993 1097 3351 1107 3444 1085 3444 1059 3437 1054 3250 1059 3195 1044 3180 1059 3044 1064 3006 1047 2935 1067 2918 1049 2807 1052 2744 1054 2716 1074 2449 1062 2424 1082 2092 1090 2092 1095 2092 1137"/></Shape>
            <String CONTENT="تعبتم انصرفوا
راشدين!
 قال محمد بن موسى سقلاب سمعت بكار القا"
                    HPOS="2092"
                    VPOS="1044"
                    WIDTH="1352"
                    HEIGHT="93"
                    ></String>
          </TextLine>
          <TextLine ID="eSc_line_cc0d290c"
                    BASELINE="2084 1071 2184 1057" 
                    HPOS="2082"
                    VPOS="1042"
                    WIDTH="101"
                    HEIGHT="43">
            <Shape><Polygon POINTS="2082 1077 2132 1085 2183 1062 2183 1054 2178 1047 2125 1042 2082 1064 2082 1069 2082 1077"/></Shape>
            <String CONTENT="ضي "
                    HPOS="2082"
                    VPOS="1042"
                    WIDTH="101"
                    HEIGHT="43"
                    ></String>
          </TextLine>
          <TextLine ID="eSc_line_4bc62c00"
                    TAGREFS="LT1"
                    BASELINE="2105 1180 3444 1155" 
                    HPOS="2105"
                    VPOS="1130"
                    WIDTH="1339"
                    HEIGHT="85">
            <Shape><Polygon POINTS="2105 1208 2460 1215 2573 1195 2638 1213 2817 1190 2885 1208 2913 1188 3041 1205 3102 1185 3238 1200 3270 1183 3308 1200 3353 1180 3442 1180 3444 1155 3439 1150 3142 1155 3102 1140 3079 1155 2908 1130 2895 1145 2558 1137 2429 1147 2392 1168 2132 1173 2105 1180 2105 1208"/></Shape>
            <String CONTENT="وذكر في مجلسه الوعيد فقال
الدليل على "
                    HPOS="2105"
                    VPOS="1130"
                    WIDTH="1339"
                    HEIGHT="85"
                    ></String>
          </TextLine>
          <TextLine ID="eSc_line_551a7bc4"
                    TAGREFS="LT1"
                    BASELINE="2105 1276 3442 1241" 
                    HPOS="2102"
                    VPOS="1210"
                    WIDTH="1337"
                    HEIGHT="94">
            <Shape><Polygon POINTS="2102 1304 2482 1304 2580 1283 2852 1293 2890 1276 2948 1288 3059 1271 3248 1283 3439 1263 3439 1238 3416 1231 3313 1233 3270 1215 3225 1236 3149 1210 3132 1231 3051 1241 3021 1215 2958 1215 2842 1246 2815 1220 2767 1220 2591 1226 2487 1253 2457 1238 2160 1263 2102 1273 2102 1304"/></Shape>
            <String CONTENT="عز وجل
 لئن لم ينته المنافقون والذين في قلوبهم مرض والمرجفون "
                    HPOS="2102"
                    VPOS="1210"
                    WIDTH="1337"
                    HEIGHT="94"
                    ></String>
          </TextLine>
          <TextLine ID="eSc_line_ee40a591"
                    BASELINE="2108 1249 2161 1240" 
                    HPOS="2107"
                    VPOS="1226"
                    WIDTH="53"
                    HEIGHT="37">
            <Shape><Polygon POINTS="2110 1263 2160 1253 2160 1238 2155 1226 2110 1236 2107 1248 2110 1263"/></Shape>
            <String CONTENT="في "
                    HPOS="2107"
                    VPOS="1226"
                    WIDTH="53"
                    HEIGHT="37"
                    ></String>
          </TextLine>
          <TextLine ID="eSc_line_dcafcabc"
                    TAGREFS="LT1"
                    BASELINE="2097 1361 3449 1334" 
                    HPOS="2097"
                    VPOS="1293"
                    WIDTH="1352"
                    HEIGHT="104">
            <Shape><Polygon POINTS="2097 1397 2855 1374 2956 1387 3082 1369 3190 1382 3230 1367 3321 1379 3449 1361 3449 1334 3406 1321 3298 1324 3260 1299 3207 1324 3175 1293 3069 1321 3016 1296 2971 1296 2943 1319 2830 1299 2742 1324 2699 1304 2553 1306 2538 1321 2462 1306 2429 1309 2394 1341 2351 1319 2288 1344 2162 1346 2097 1361 2097 1397"/></Shape>
            <String CONTENT="المدينة
لنغرينك بهم ثم لا يجاورونك فيها إلا قليلا الأحزاب والله ما
انتهوا وما "
                    HPOS="2097"
                    VPOS="1293"
                    WIDTH="1352"
                    HEIGHT="104"
                    ></String>
          </TextLine>
          <TextLine ID="eSc_line_28b47681"
                    TAGREFS="LT1"
                    BASELINE="2089 1455 3457 1432" 
                    HPOS="2089"
                    VPOS="1392"
                    WIDTH="1368"
                    HEIGHT="95">
            <Shape><Polygon POINTS="2089 1485 2847 1487 2888 1467 3011 1482 3039 1465 3137 1477 3162 1462 3293 1480 3326 1462 3348 1477 3371 1460 3409 1475 3457 1457 3457 1432 3432 1419 3343 1392 3291 1422 3245 1422 3217 1394 3162 1422 3127 1397 3069 1397 3024 1422 2976 1422 2953 1399 2845 1399 2825 1419 2744 1429 2643 1432 2583 1404 2535 1434 2482 1434 2404 1407 2303 1409 2271 1437 2205 1412 2120 1440 2089 1455 2089 1485"/></Shape>
            <String CONTENT="أغراه بهم ولقد جاوروه
 ولبكار عدة مصنفات منها كتاب الشروط وكتا"
                    HPOS="2089"
                    VPOS="1392"
                    WIDTH="1368"
                    HEIGHT="95"
                    ></String>
          </TextLine>
          <TextLine ID="eSc_line_82cc29ca"
                    BASELINE="2072 1422 2155 1410" 
                    HPOS="2064"
                    VPOS="1394"
                    WIDTH="88"
                    HEIGHT="46">
            <Shape><Polygon POINTS="2069 1419 2072 1440 2152 1417 2152 1409 2150 1404 2064 1394 2069 1419"/></Shape>
            <String CONTENT="ب "
                    HPOS="2064"
                    VPOS="1394"
                    WIDTH="88"
                    HEIGHT="46"
                    ></String>
          </TextLine>
          <TextLine ID="eSc_line_bc938d37"
                    TAGREFS="LT1"
                    BASELINE="2092 1545 3459 1520" 
                    HPOS="2092"
                    VPOS="1500"
                    WIDTH="1367"
                    HEIGHT="88">
            <Shape><Polygon POINTS="2092 1588 2636 1588 2689 1573 2774 1586 2850 1565 2961 1575 3074 1558 3142 1578 3243 1558 3291 1575 3323 1553 3459 1550 3459 1520 3457 1515 3230 1520 3205 1505 3149 1523 3107 1500 3084 1523 3034 1525 3006 1502 2910 1500 2822 1502 2757 1530 2711 1505 2636 1505 2563 1533 2472 1515 2432 1535 2394 1515 2361 1538 2306 1523 2092 1540 2092 1545 2092 1588"/></Shape>
            <String CONTENT="المحاضر والسجلات وكتاب
العهود والوثائق وهو كبير وكتاب نقض "
                    HPOS="2092"
                    VPOS="1500"
                    WIDTH="1367"
                    HEIGHT="88"
                    ></String>
          </TextLine>
          <TextLine ID="eSc_line_0a6ed9b7"
                    TAGREFS="LT1"
                    BASELINE="2120 1613 2229 1653 2681 1628 3459 1603" 
                    HPOS="2094"
                    VPOS="1586"
                    WIDTH="1363"
                    HEIGHT="95">
            <Shape><Polygon POINTS="2394 1681 2414 1666 2578 1676 2631 1651 2732 1671 2830 1666 2855 1646 2883 1661 3064 1664 3094 1638 3192 1636 3228 1659 3258 1636 3358 1633 3432 1653 3454 1631 3457 1601 3454 1598 3248 1588 3207 1603 3182 1586 3155 1601 3092 1586 3011 1588 2986 1608 2893 1591 2691 1596 2588 1621 2533 1603 2490 1623 2402 1611 2346 1626 2329 1608 2291 1628 2094 1628 2094 1666"/></Shape>
            <String CONTENT="فيه على الإمام الشافعي في رده على
الإمام أبي حنيفة وسبب تصنيفه أنه "
                    HPOS="2094"
                    VPOS="1586"
                    WIDTH="1363"
                    HEIGHT="95"
                    ></String>
          </TextLine>
          <TextLine ID="eSc_line_3bba1425"
                    TAGREFS="LT1"
                    BASELINE="2102 1729 2905 1701 3459 1694" 
                    HPOS="2102"
                    VPOS="1679"
                    WIDTH="1357"
                    HEIGHT="88">
            <Shape><Polygon POINTS="2102 1767 2465 1767 2545 1749 2628 1762 2744 1739 2805 1757 2840 1737 2878 1754 2998 1752 3024 1732 3114 1729 3190 1747 3223 1727 3341 1739 3457 1721 3459 1694 3457 1689 3275 1694 3233 1679 3212 1694 3079 1684 3046 1699 3016 1681 2915 1681 2860 1696 2626 1691 2601 1711 2407 1696 2341 1719 2107 1724 2102 1729 2102 1767"/></Shape>
            <String CONTENT="نظر في مختصر المزني فوجد فيه ردا
على أبي حنيفة فقال لبعض شهوده "
                    HPOS="2102"
                    VPOS="1679"
                    WIDTH="1357"
                    HEIGHT="88"
                    ></String>
          </TextLine>
          <TextLine ID="eSc_line_c9d7ed99"
                    TAGREFS="LT1"
                    BASELINE="2137 1817 3454 1782" 
                    HPOS="2137"
                    VPOS="1762"
                    WIDTH="1317"
                    HEIGHT="98">
            <Shape><Polygon POINTS="2137 1860 2273 1842 2331 1855 2349 1840 2417 1857 2520 1832 2699 1850 2797 1825 2850 1842 2913 1822 3019 1835 3084 1820 3132 1837 3238 1815 3265 1832 3341 1832 3454 1807 3454 1782 3449 1777 3167 1782 2998 1762 2953 1789 2888 1764 2734 1772 2696 1797 2664 1779 2628 1792 2606 1772 2570 1789 2548 1774 2523 1792 2492 1779 2384 1805 2165 1810 2137 1817 2137 1860"/></Shape>
            <String CONTENT="اذهبا واسمعا هذا الكتاب من أبي إبراهيم
المزني فإذا فرغ منه قولا له "
                    HPOS="2137"
                    VPOS="1762"
                    WIDTH="1317"
                    HEIGHT="98"
                    ></String>
          </TextLine>
          <TextLine ID="eSc_line_237a4de8"
                    TAGREFS="LT1"
                    BASELINE="2131 1912 2628 1883 3449 1870" 
                    HPOS="2130"
                    VPOS="1840"
                    WIDTH="1317"
                    HEIGHT="108">
            <Shape><Polygon POINTS="2130 1925 2220 1948 2311 1946 2339 1925 2455 1938 2515 1915 2555 1938 2679 1910 2719 1925 2815 1908 2832 1925 2986 1905 3041 1925 3192 1920 3225 1898 3293 1918 3447 1898 3447 1867 3444 1862 3326 1865 3306 1847 3280 1860 3197 1840 3117 1873 3087 1842 3039 1842 2925 1852 2900 1873 2845 1850 2764 1850 2742 1875 2631 1857 2558 1885 2517 1867 2394 1893 2208 1898 2130 1910 2130 1925"/></Shape>
            <String CONTENT="سمعت الشافعي يقول ذلك
 واشهدا عليه به فمضيا وسمعا من المزني "
                    HPOS="2130"
                    VPOS="1840"
                    WIDTH="1317"
                    HEIGHT="108"
                    ></String>
          </TextLine>
          <TextLine ID="eSc_line_8a782cdb"
                    TAGREFS="LT1"
                    BASELINE="2117 1978 3449 1956" 
                    HPOS="2117"
                    VPOS="1928"
                    WIDTH="1332"
                    HEIGHT="103">
            <Shape><Polygon POINTS="2117 2016 2135 2031 2382 2029 2432 2011 2452 2024 2477 2003 2507 2019 2601 2003 2696 2021 2767 1998 2941 1996 2973 2016 3124 1993 3147 2011 3220 1998 3273 2014 3353 1988 3449 1988 3449 1956 3434 1948 3238 1951 3210 1928 3165 1928 3069 1948 2973 1933 2943 1956 2852 1933 2696 1940 2671 1958 2636 1938 2560 1938 2533 1958 2490 1946 2475 1961 2437 1948 2392 1966 2188 1968 2117 1978 2117 2016"/></Shape>
            <String CONTENT="المختصر وسألاه أنت سمعت
الشافعي يقول ذلك
 قال نعم
 فعادا إلى القا"
                    HPOS="2117"
                    VPOS="1928"
                    WIDTH="1332"
                    HEIGHT="103"
                    ></String>
          </TextLine>
          <TextLine ID="eSc_line_18391b08"
                    BASELINE="2085 1950 2179 1950" 
                    HPOS="2084"
                    VPOS="1946"
                    WIDTH="94"
                    HEIGHT="42">
            <Shape><Polygon POINTS="2084 1948 2084 1988 2132 1976 2135 1971 2160 1971 2165 1971 2178 1968 2178 1948 2178 1946 2084 1946 2084 1948"/></Shape>
            <String CONTENT="ضي "
                    HPOS="2084"
                    VPOS="1946"
                    WIDTH="94"
                    HEIGHT="42"
                    ></String>
          </TextLine>
          <TextLine ID="eSc_line_67cb2734"
                    TAGREFS="LT1"
                    BASELINE="2112 2069 3447 2051" 
                    HPOS="2112"
                    VPOS="2019"
                    WIDTH="1335"
                    HEIGHT="95">
            <Shape><Polygon POINTS="2112 2114 2684 2092 3288 2099 3447 2081 3447 2051 3426 2041 3346 2024 3288 2041 3253 2019 3059 2046 3021 2024 2867 2044 2845 2026 2744 2041 2681 2026 2487 2054 2203 2056 2112 2069 2112 2114"/></Shape>
            <String CONTENT="بكار وشهدا عنده على المزني أنه سمع الشافعي يقول ذلك
فقال بكار
"
                    HPOS="2112"
                    VPOS="2019"
                    WIDTH="1335"
                    HEIGHT="95"
                    ></String>
          </TextLine>
          <TextLine ID="eSc_line_45219ee7"
                    TAGREFS="LT1"
                    BASELINE="2094 2172 2832 2149 3452 2144" 
                    HPOS="2094"
                    VPOS="2097"
                    WIDTH="1358"
                    HEIGHT="115">
            <Shape><Polygon POINTS="2094 2197 2210 2210 2256 2195 2329 2212 2485 2187 2684 2205 2737 2182 3036 2197 3102 2177 3155 2195 3273 2170 3389 2190 3449 2167 3452 2144 3437 2124 3401 2099 3369 2112 3341 2097 3285 2127 3248 2102 3182 2124 3137 2099 3074 2104 3016 2134 2971 2104 2782 2107 2711 2139 2578 2139 2540 2114 2457 2114 2334 2129 2308 2149 2190 2152 2094 2172 2094 2197"/></Shape>
            <String CONTENT=" الآن استقام لنا أن نقول قال الشافعي
 ثم رد على الشافعي بهذا الكتاب
 "
                    HPOS="2094"
                    VPOS="2097"
                    WIDTH="1358"
                    HEIGHT="115"
                    ></String>
          </TextLine>
          <TextLine ID="eSc_line_86c5192b"
                    TAGREFS="LT1"
                    BASELINE="2135 2253 3454 2230" 
                    HPOS="2135"
                    VPOS="2210"
                    WIDTH="1319"
                    HEIGHT="83">
            <Shape><Polygon POINTS="2135 2293 2565 2293 2580 2278 2676 2290 2769 2270 2867 2288 2888 2268 3014 2265 3094 2283 3160 2263 3275 2278 3288 2263 3306 2275 3318 2260 3452 2260 3454 2230 3452 2225 3245 2230 3157 2212 3137 2233 3092 2233 3069 2210 3011 2210 2930 2230 2893 2212 2719 2215 2671 2240 2573 2217 2535 2243 2460 2222 2379 2245 2135 2248 2135 2253 2135 2293"/></Shape>
            <String CONTENT="وكان بكار قد لقي في قدومه إلى مصر محمد بن أبي الليث قاضي مصر قبله وه"
                    HPOS="2135"
                    VPOS="2210"
                    WIDTH="1319"
                    HEIGHT="83"
                    ></String>
          </TextLine>
          <TextLine ID="eSc_line_dcc50228"
                    BASELINE="2101 2244 2188 2215" 
                    HPOS="2099"
                    VPOS="2177"
                    WIDTH="91"
                    HEIGHT="86">
            <Shape><Polygon POINTS="2107 2263 2152 2248 2152 2245 2162 2245 2190 2235 2185 2212 2167 2177 2122 2217 2099 2243 2107 2263"/></Shape>
            <String CONTENT="هو"
                    HPOS="2099"
                    VPOS="2177"
                    WIDTH="91"
                    HEIGHT="86"
                    ></String>
          </TextLine>
          <TextLine ID="eSc_line_0d87c2fb"
                    TAGREFS="LT1"
                    BASELINE="2135 2379 2500 2338 3447 2313" 
                    HPOS="2130"
                    VPOS="2243"
                    WIDTH="1314"
                    HEIGHT="156">
            <Shape><Polygon POINTS="2155 2323 2130 2331 2132 2376 2132 2399 2402 2376 2505 2394 2656 2374 2711 2386 2762 2363 2794 2376 2815 2361 2915 2371 3006 2353 3129 2371 3170 2356 3341 2363 3444 2338 3444 2311 3371 2243 3112 2270 3041 2255 2956 2285 2908 2268 2855 2298 2782 2290 2734 2308 2669 2308 2638 2285 2593 2313 2500 2300 2422 2318 2394 2295 2346 2321 2258 2326 2218 2295 2155 2318 2155 2323"/></Shape>
            <String CONTENT="خارج الى العراق فقال له انا رجل غريب وانت فد عرفت البلد فدلنى"
                    HPOS="2130"
                    VPOS="2243"
                    WIDTH="1314"
                    HEIGHT="156"
                    ></String>
          </TextLine>
          <TextLine ID="eSc_line_d33e517e"
                    BASELINE="2114 2339 2169 2318" 
                    HPOS="2112"
                    VPOS="2265"
                    WIDTH="66"
                    HEIGHT="98">
            <Shape><Polygon POINTS="2122 2363 2178 2343 2167 2316 2140 2265 2115 2313 2112 2338 2122 2363"/></Shape>
            <String CONTENT="على "
                    HPOS="2112"
                    VPOS="2265"
                    WIDTH="66"
                    HEIGHT="98"
                    ></String>
          </TextLine>
          <TextLine ID="eSc_line_c45eb7e1"
                    TAGREFS="LT1"
                    BASELINE="2094 2436 3442 2416" 
                    HPOS="2094"
                    VPOS="2374"
                    WIDTH="1348"
                    HEIGHT="110">
            <Shape><Polygon POINTS="2094 2484 2306 2467 2351 2482 2384 2464 2598 2479 2674 2462 2709 2477 2767 2457 2802 2474 2832 2459 2930 2474 2956 2454 3054 2472 3107 2452 3371 2464 3442 2447 3442 2416 3432 2401 3389 2374 3308 2374 3258 2406 3185 2376 3059 2379 3014 2406 2946 2379 2915 2396 2817 2381 2789 2406 2724 2414 2679 2384 2656 2404 2588 2391 2558 2416 2477 2399 2208 2421 2094 2436 2094 2484"/></Shape>
            <String CONTENT="من اشاوره واسكن اليه فقال عليك برجلين احدهما عاقل وهو بونس بن"
                    HPOS="2094"
                    VPOS="2374"
                    WIDTH="1348"
                    HEIGHT="110"
                    ></String>
          </TextLine>
          <TextLine ID="eSc_line_88fa5816"
                    TAGREFS="LT1"
                    BASELINE="2145 2525 3447 2509" 
                    HPOS="2145"
                    VPOS="2484"
                    WIDTH="1302"
                    HEIGHT="91">
            <Shape><Polygon POINTS="2145 2575 2324 2575 2397 2552 2502 2555 2520 2572 2716 2570 2747 2552 2822 2567 2915 2552 2938 2567 3039 2547 3084 2565 3114 2545 3338 2542 3384 2557 3447 2540 3447 2509 3442 2504 3212 2507 3160 2489 3059 2507 3011 2484 2978 2502 2774 2489 2734 2512 2563 2497 2540 2514 2492 2492 2359 2492 2160 2517 2145 2525 2145 2575"/></Shape>
            <String CONTENT="عبد الأعلى والآخر زاهد
وهو أبو هارون موسى بن عبد الرحمن
 فقال "
                    HPOS="2145"
                    VPOS="2484"
                    WIDTH="1302"
                    HEIGHT="91"
                    ></String>
          </TextLine>
          <TextLine ID="eSc_line_964303b5"
                    TAGREFS="LT1"
                    BASELINE="2105 2613 3444 2603" 
                    HPOS="2105"
                    VPOS="2570"
                    WIDTH="1339"
                    HEIGHT="90">
            <Shape><Polygon POINTS="2105 2648 2371 2660 2646 2643 2732 2658 2774 2640 2933 2640 3082 2655 3117 2640 3318 2653 3442 2638 3444 2603 3404 2593 3291 2593 3258 2575 3230 2593 3195 2570 3157 2587 3119 2570 2862 2572 2830 2595 2744 2575 2661 2593 2583 2575 2545 2598 2455 2582 2434 2600 2407 2585 2205 2600 2105 2613 2105 2648"/></Shape>
            <String CONTENT="بكار صفهما لي
 فوصفهما له فلما دخل مصر أتاه الناس وأتاه يونس فرفعه "
                    HPOS="2105"
                    VPOS="2570"
                    WIDTH="1339"
                    HEIGHT="90"
                    ></String>
          </TextLine>
          <TextLine ID="eSc_line_6423cd4d"
                    TAGREFS="LT1"
                    BASELINE="2175 2698 3447 2686" 
                    HPOS="2173"
                    VPOS="2666"
                    WIDTH="1274"
                    HEIGHT="83">
            <Shape><Polygon POINTS="2175 2698 2175 2749 2470 2744 2487 2726 2636 2744 2671 2728 2822 2744 2875 2726 2910 2741 2938 2721 3180 2741 3444 2718 3447 2686 3442 2681 3225 2686 3157 2666 3127 2688 3016 2688 2961 2666 2900 2691 2827 2691 2789 2668 2681 2668 2568 2671 2517 2693 2404 2678 2389 2693 2173 2693 2175 2698"/></Shape>
            <String CONTENT="وأكرمه وأتاه
موسى فاختص بهما
 وكانت علامته الحمد لله هكذا قدر
"
                    HPOS="2173"
                    VPOS="2666"
                    WIDTH="1274"
                    HEIGHT="83"
                    ></String>
          </TextLine>
        </TextBlock>
        <TextBlock HPOS="459"
                   VPOS="271"
                   WIDTH="1439"
                   HEIGHT="2445"
                   ID="eSc_textblock_6e55f879"
                   TAGREFS="BT2">
          <Shape><Polygon POINTS="1636 271 1868 332 1898 1963 1868 2716 493 2716 476 925 474 925 478 548 562 506 459 446 483 312 523 302 1012 271"/></Shape>
          <TextLine ID="eSc_line_fe98c11a"
                    TAGREFS="LT1"
                    BASELINE="485 349 642 339 1644 339 1716 336 1839 349" 
                    HPOS="480"
                    VPOS="292"
                    WIDTH="1358"
                    HEIGHT="108">
            <Shape><Polygon POINTS="1815 317 1689 317 1659 292 1515 292 1490 317 1407 317 1369 292 1301 294 1258 317 1175 297 1133 317 1102 294 1067 317 969 317 939 299 873 317 843 294 803 314 780 292 480 309 483 347 483 372 546 400 732 400 793 370 868 395 939 382 1044 400 1150 370 1311 370 1359 397 1457 370 1500 400 1538 400 1598 370 1631 395 1709 372 1835 370 1838 347 1828 322 1815 317"/></Shape>
            <String CONTENT=" بكتاش الفخري 
 أ بكتاش الفخري الأمير بدر الدين أمير سلاح الصالحي النجمي
 كان "
                    HPOS="480"
                    VPOS="292"
                    WIDTH="1358"
                    HEIGHT="108"
                    ></String>
          </TextLine>
          <TextLine ID="eSc_line_4f385876"
                    TAGREFS="LT1"
                    BASELINE="1158 427 1838 420" 
                    HPOS="1158"
                    VPOS="392"
                    WIDTH="680"
                    HEIGHT="81">
            <Shape><Polygon POINTS="1158 458 1304 473 1379 455 1525 470 1563 453 1676 468 1835 450 1838 420 1815 412 1656 410 1608 392 1543 412 1450 395 1427 415 1332 397 1201 417 1158 427 1158 458"/></Shape>
            <String CONTENT="أحد مماليك الأمير الوزير فخر الدين "
                    HPOS="1158"
                    VPOS="392"
                    WIDTH="680"
                    HEIGHT="81"
                    ></String>
          </TextLine>
          <TextLine ID="eSc_line_6d1df4c4"
                    TAGREFS="LT1"
                    BASELINE="511 443 1014 433" 
                    HPOS="511"
                    VPOS="412"
                    WIDTH="503"
                    HEIGHT="88">
            <Shape><Polygon POINTS="511 473 584 473 609 490 637 478 689 500 732 480 755 500 818 475 843 498 886 498 1014 463 1014 433 1009 427 830 412 810 433 752 435 735 417 689 433 634 415 523 438 511 443 511 473"/></Shape>
            <String CONTENT="يوسف ابن شيخ الشيوخ فلما مات
"
                    HPOS="511"
                    VPOS="412"
                    WIDTH="503"
                    HEIGHT="88"
                    ></String>
          </TextLine>
          <TextLine ID="eSc_line_827e62f7"
                    TAGREFS="LT1"
                    BASELINE="497 543 590 535 1843 503" 
                    HPOS="496"
                    VPOS="470"
                    WIDTH="1344"
                    HEIGHT="111">
            <Shape><Polygon POINTS="496 568 780 581 810 563 971 576 1004 553 1047 571 1087 551 1337 566 1382 546 1447 563 1568 538 1644 536 1689 556 1785 533 1840 541 1840 500 1817 493 1651 488 1636 473 1573 490 1538 470 1490 485 1304 478 1248 508 1062 483 992 498 966 485 898 516 818 490 790 518 705 506 566 526 496 541 496 568"/></Shape>
            <String CONTENT="أخذه الملك الصال"
                    HPOS="496"
                    VPOS="470"
                    WIDTH="1344"
                    HEIGHT="111"
                    ></String>
          </TextLine>
          <TextLine ID="eSc_line_f82a3e43"
                    TAGREFS="LT1"
                    BASELINE="497 634 1120 601 1840 586" 
                    HPOS="461"
                    VPOS="556"
                    WIDTH="1377"
                    HEIGHT="98">
            <Shape><Polygon POINTS="461 654 1153 652 1183 631 1374 624 1810 629 1835 609 1838 584 1810 573 1702 579 1656 556 1588 581 1558 561 1367 589 1291 568 1133 576 1112 596 999 579 851 609 601 616 496 631 496 654"/></Shape>
            <String CONTENT="وعرف بامير سلاح وتردد فى الغزو مرارا عد يده الى بلاد سيس"
                    HPOS="461"
                    VPOS="556"
                    WIDTH="1377"
                    HEIGHT="98"
                    ></String>
          </TextLine>
          <TextLine ID="eSc_line_a471315c"
                    TAGREFS="LT1"
                    BASELINE="497 718 1090 694 1843 687" 
                    HPOS="496"
                    VPOS="609"
                    WIDTH="1344"
                    HEIGHT="141">
            <Shape><Polygon POINTS="1840 714 1840 684 1654 609 1435 614 1359 636 1301 621 1266 644 1203 646 1163 687 1128 672 1047 684 1017 664 901 689 848 664 649 697 496 717 496 750"/></Shape>
            <String CONTENT="وغيرها
 ولما قتل المنصور لاجين عرضت عليه السلطنة فامتنع وأشا"
                    HPOS="496"
                    VPOS="609"
                    WIDTH="1344"
                    HEIGHT="141"
                    ></String>
          </TextLine>
          <TextLine ID="eSc_line_eaaa534e"
                    BASELINE="486 686 537 676" 
                    HPOS="485"
                    VPOS="652"
                    WIDTH="51"
                    HEIGHT="45">
            <Shape><Polygon POINTS="488 697 533 679 536 674 526 664 485 652 485 684 488 697"/></Shape>
            <String CONTENT="ر "
                    HPOS="485"
                    VPOS="652"
                    WIDTH="51"
                    HEIGHT="45"
                    ></String>
          </TextLine>
          <TextLine ID="eSc_line_fe39cb45"
                    TAGREFS="LT1"
                    BASELINE="497 804 654 803 1125 775 1833 760" 
                    HPOS="496"
                    VPOS="687"
                    WIDTH="1334"
                    HEIGHT="153">
            <Shape><Polygon POINTS="1347 689 1321 692 1100 703 1019 697 510 754 496 838 808 840 830 823 878 838 911 820 1042 815 1095 830 1267 825 1279 808 1306 823 1369 805 1407 820 1538 803 1578 815 1666 795 1810 808 1830 790 1830 757 1712 714 1644 717 1608 687 1598 687"/></Shape>
            <String CONTENT="بإحضار الملك
الناصر محمد بن قلاوون من الكرك فصار الأمراء يترددون إلى "
                    HPOS="496"
                    VPOS="687"
                    WIDTH="1334"
                    HEIGHT="153"
                    ></String>
          </TextLine>
          <TextLine ID="eSc_line_a53ea71e"
                    TAGREFS="LT1"
                    BASELINE="497 891 1835 860" 
                    HPOS="496"
                    VPOS="840"
                    WIDTH="1337"
                    HEIGHT="93">
            <Shape><Polygon POINTS="496 928 818 933 866 913 934 931 1002 911 1130 926 1175 908 1264 918 1279 903 1384 921 1435 901 1561 916 1611 896 1704 911 1734 893 1790 908 1833 891 1833 858 1828 853 1551 858 1488 840 1399 860 1314 843 1286 863 1251 845 1226 866 1206 845 1163 845 1077 848 1049 868 939 850 825 876 775 876 757 858 692 878 536 881 496 888 496 928"/></Shape>
            <String CONTENT="داره بالقاهرة
ويأكلون على سماطه إلى أن حضر الناصر من الكرك وأعيد "
                    HPOS="496"
                    VPOS="840"
                    WIDTH="1337"
                    HEIGHT="93"
                    ></String>
          </TextLine>
          <TextLine ID="eSc_line_4201dbd0"
                    TAGREFS="LT1"
                    BASELINE="502 1001 1022 976 1848 949" 
                    HPOS="501"
                    VPOS="928"
                    WIDTH="1344"
                    HEIGHT="114">
            <Shape><Polygon POINTS="501 1029 566 1042 707 1022 747 1042 833 1039 916 1012 956 1034 979 1012 1034 1024 1077 1007 1125 1027 1233 1024 1264 999 1332 1014 1425 994 1513 1012 1533 989 1634 984 1767 1004 1845 976 1845 946 1765 939 1513 928 1455 949 1415 928 1362 949 1321 928 1274 949 1238 928 1191 944 1168 931 1092 964 1049 936 1032 951 969 939 871 971 767 946 543 984 501 999 501 1029"/></Shape>
            <String CONTENT="إلى السلطنة فبالغ
في إكرامه
 وما زال يواظب الخروج إلى الغزاة حتى مر"
                    HPOS="501"
                    VPOS="928"
                    WIDTH="1344"
                    HEIGHT="114"
                    ></String>
          </TextLine>
          <TextLine ID="eSc_line_d2450fc0"
                    BASELINE="497 970 600 948" 
                    HPOS="496"
                    VPOS="931"
                    WIDTH="103"
                    HEIGHT="53">
            <Shape><Polygon POINTS="498 984 599 956 599 946 596 941 564 931 501 959 496 969 498 984"/></Shape>
            <String CONTENT="ض "
                    HPOS="496"
                    VPOS="931"
                    WIDTH="103"
                    HEIGHT="53"
                    ></String>
          </TextLine>
          <TextLine ID="eSc_line_6a7f1c43"
                    TAGREFS="LT1"
                    BASELINE="511 1077 1838 1057" 
                    HPOS="511"
                    VPOS="1032"
                    WIDTH="1327"
                    HEIGHT="90">
            <Shape><Polygon POINTS="511 1122 553 1107 674 1122 725 1105 757 1120 886 1105 1007 1117 1060 1100 1213 1112 1231 1097 1503 1110 1530 1092 1568 1107 1674 1090 1812 1105 1838 1090 1838 1057 1833 1052 1596 1037 1541 1054 1503 1032 1455 1057 1415 1032 1354 1032 1329 1059 1243 1059 1216 1034 1173 1034 1158 1049 903 1039 843 1064 803 1044 757 1064 538 1069 511 1077 511 1122"/></Shape>
            <String CONTENT="وقد أناف على الثمانين فخاف
أستاداره بكتمر الفارسي أنه يموت فيطالب "
                    HPOS="511"
                    VPOS="1032"
                    WIDTH="1327"
                    HEIGHT="90"
                    ></String>
          </TextLine>
          <TextLine ID="eSc_line_ece2dc69"
                    TAGREFS="LT1"
                    BASELINE="498 1160 1833 1150" 
                    HPOS="498"
                    VPOS="1115"
                    WIDTH="1335"
                    HEIGHT="90">
            <Shape><Polygon POINTS="498 1205 828 1205 866 1185 1062 1203 1090 1185 1158 1198 1178 1183 1354 1183 1374 1200 1422 1183 1498 1200 1515 1180 1762 1198 1833 1178 1833 1150 1815 1142 1684 1140 1608 1115 1520 1135 1495 1115 1432 1117 1402 1145 1319 1117 1168 1117 1115 1135 1085 1120 1060 1142 1007 1147 898 1125 800 1150 564 1150 498 1160 498 1205"/></Shape>
            <String CONTENT="من الديوان السلطانيبتفاوت 
الإقطاع في مدة إمرته وهي ستون "
                    HPOS="498"
                    VPOS="1115"
                    WIDTH="1335"
                    HEIGHT="90"
                    ></String>
          </TextLine>
          <TextLine ID="eSc_line_b2b297e7"
                    TAGREFS="LT1"
                    BASELINE="508 1236 1830 1243" 
                    HPOS="506"
                    VPOS="1210"
                    WIDTH="1324"
                    HEIGHT="83">
            <Shape><Polygon POINTS="506 1283 689 1288 735 1266 783 1288 956 1286 982 1268 1309 1283 1389 1268 1412 1288 1478 1271 1503 1293 1614 1278 1676 1293 1707 1273 1828 1271 1830 1243 1790 1236 1530 1220 1495 1236 1467 1215 1417 1233 1364 1213 891 1231 861 1210 818 1231 762 1215 727 1231 511 1231 508 1236 506 1283"/></Shape>
            <String CONTENT="سنة
 وأن يلزم بالتقاوي السلطانية فحسن لولده ناصر الدين محمد "
                    HPOS="506"
                    VPOS="1210"
                    WIDTH="1324"
                    HEIGHT="83"
                    ></String>
          </TextLine>
          <TextLine ID="eSc_line_3e000bd6"
                    TAGREFS="LT1"
                    BASELINE="505 1348 1838 1326" 
                    HPOS="503"
                    VPOS="1293"
                    WIDTH="1332"
                    HEIGHT="94">
            <Shape><Polygon POINTS="503 1387 800 1367 944 1387 1009 1364 1097 1379 1140 1361 1495 1377 1538 1354 1639 1374 1797 1372 1835 1349 1835 1324 1815 1316 1664 1319 1641 1296 1581 1293 1530 1321 1374 1304 1299 1324 1180 1301 1128 1316 1047 1304 1027 1324 961 1326 931 1306 795 1306 745 1334 538 1336 503 1346 503 1387"/></Shape>
            <String CONTENT="أن يجتمع
بالأميرين بيبرس أ وسلار وهما يومئذ القائمان بتدبير "
                    HPOS="503"
                    VPOS="1293"
                    WIDTH="1332"
                    HEIGHT="94"
                    ></String>
          </TextLine>
          <TextLine ID="eSc_line_19bc0ce5"
                    TAGREFS="LT1"
                    BASELINE="493 1417 1843 1412" 
                    HPOS="491"
                    VPOS="1379"
                    WIDTH="1349"
                    HEIGHT="86">
            <Shape><Polygon POINTS="491 1450 689 1465 835 1465 856 1447 949 1447 971 1465 1034 1465 1052 1447 1112 1465 1133 1450 1329 1462 1354 1445 1473 1462 1551 1445 1608 1462 1838 1457 1840 1409 1833 1399 1729 1399 1697 1382 1659 1399 1616 1384 1546 1399 1525 1379 1478 1397 1435 1379 1306 1379 1284 1399 1228 1399 1160 1379 1123 1402 1060 1402 1037 1382 888 1382 838 1402 778 1382 727 1402 647 1384 526 1397 491 1414 491 1450"/></Shape>
            <String CONTENT="أمور الدولة
ويبلغهما سلام أبيه وأنه يسألهما الكلام مع السلطان في "
                    HPOS="491"
                    VPOS="1379"
                    WIDTH="1349"
                    HEIGHT="86"
                    ></String>
          </TextLine>
          <TextLine ID="eSc_line_ab7429f8"
                    TAGREFS="LT1"
                    BASELINE="511 1513 1848 1487" 
                    HPOS="511"
                    VPOS="1465"
                    WIDTH="1337"
                    HEIGHT="95">
            <Shape><Polygon POINTS="511 1560 551 1540 720 1558 788 1535 893 1553 984 1533 1009 1553 1168 1550 1238 1528 1430 1545 1460 1523 1525 1543 1624 1520 1712 1540 1848 1515 1848 1487 1800 1480 1603 1470 1535 1485 1510 1465 1425 1487 1402 1465 1326 1465 1299 1482 1213 1467 1175 1492 1153 1472 1047 1470 908 1497 828 1475 805 1497 644 1477 531 1502 511 1513 511 1560"/></Shape>
            <String CONTENT="إخراج الإمرة
عنه وكتابة مسموح لأولاده ومباشريه بما يخص "
                    HPOS="511"
                    VPOS="1465"
                    WIDTH="1337"
                    HEIGHT="95"
                    ></String>
          </TextLine>
          <TextLine ID="eSc_line_d6eafd16"
                    TAGREFS="LT1"
                    BASELINE="508 1596 1850 1580" 
                    HPOS="508"
                    VPOS="1548"
                    WIDTH="1342"
                    HEIGHT="90">
            <Shape><Polygon POINTS="508 1638 611 1626 715 1638 773 1621 830 1636 856 1621 1075 1633 1276 1631 1299 1616 1334 1631 1357 1616 1430 1628 1513 1613 1535 1628 1586 1613 1624 1628 1644 1611 1699 1626 1848 1611 1850 1580 1830 1573 1399 1548 1321 1550 1294 1570 1266 1550 1188 1550 1138 1580 1060 1555 1032 1570 944 1555 908 1583 881 1560 780 1583 571 1586 508 1596 508 1638"/></Shape>
            <String CONTENT="السلطان من تفاوت الإقطاعات
والانتقالات من ابتداء تاريخ "
                    HPOS="508"
                    VPOS="1548"
                    WIDTH="1342"
                    HEIGHT="90"
                    ></String>
          </TextLine>
          <TextLine ID="eSc_line_1a68c14e"
                    TAGREFS="LT1"
                    BASELINE="516 1701 1853 1679" 
                    HPOS="516"
                    VPOS="1653"
                    WIDTH="1337"
                    HEIGHT="91">
            <Shape><Polygon POINTS="516 1737 795 1727 823 1744 959 1744 1049 1721 1107 1742 1138 1719 1160 1737 1256 1739 1294 1716 1394 1737 1435 1714 1651 1732 1676 1714 1744 1729 1853 1706 1853 1679 1848 1674 1256 1653 1150 1656 1034 1686 959 1659 767 1691 543 1694 516 1701 516 1737"/></Shape>
            <String CONTENT="إمرته وإلى حين خرج إقطاع الإمرة عنه ويذكر
لهما عنه أنه قال "
                    HPOS="516"
                    VPOS="1653"
                    WIDTH="1337"
                    HEIGHT="91"
                    ></String>
          </TextLine>
          <TextLine ID="eSc_line_5f8bd8e6"
                    TAGREFS="LT1"
                    BASELINE="516 1797 1855 1782" 
                    HPOS="516"
                    VPOS="1754"
                    WIDTH="1339"
                    HEIGHT="91">
            <Shape><Polygon POINTS="516 1842 551 1827 684 1845 742 1825 929 1842 966 1822 1017 1840 1110 1822 1241 1837 1279 1820 1332 1837 1473 1822 1568 1835 1586 1820 1626 1835 1805 1832 1855 1812 1855 1782 1812 1774 1546 1777 1407 1754 1362 1772 1334 1754 1309 1779 1231 1779 1183 1754 579 1787 516 1797 516 1842"/></Shape>
            <String CONTENT="قد كبر سني وعجزت عن الركوب ولا يحل لي أكل هذا الإقطاع
بغير "
                    HPOS="516"
                    VPOS="1754"
                    WIDTH="1339"
                    HEIGHT="91"
                    ></String>
          </TextLine>
          <TextLine ID="eSc_line_6a833e45"
                    TAGREFS="LT1"
                    BASELINE="521 1883 1850 1870" 
                    HPOS="521"
                    VPOS="1845"
                    WIDTH="1329"
                    HEIGHT="85">
            <Shape><Polygon POINTS="521 1913 682 1910 699 1928 742 1915 783 1930 886 1928 901 1913 1034 1928 1080 1905 1130 1925 1246 1905 1311 1925 1347 1903 1379 1923 1566 1923 1598 1903 1712 1920 1755 1900 1848 1900 1850 1870 1848 1865 1611 1867 1593 1852 1478 1870 1442 1845 1316 1845 1248 1873 1221 1852 1065 1847 934 1850 898 1873 828 1855 775 1878 523 1878 521 1883 521 1913"/></Shape>
            <String CONTENT="استحقاق وأن يذكرهما بما له من قديم الهجرة والتذمم بخدمة البيت
"
                    HPOS="521"
                    VPOS="1845"
                    WIDTH="1329"
                    HEIGHT="85"
                    ></String>
          </TextLine>
          <TextLine ID="eSc_line_b9625270"
                    TAGREFS="LT1"
                    BASELINE="516 1971 1853 1953" 
                    HPOS="516"
                    VPOS="1925"
                    WIDTH="1337"
                    HEIGHT="96">
            <Shape><Polygon POINTS="516 2006 591 2021 793 2003 863 2019 919 1998 966 2014 992 1998 1014 2016 1065 1998 1276 2014 1515 1991 1634 2008 1699 1988 1853 1986 1853 1953 1848 1948 1682 1948 1651 1925 1624 1951 1551 1948 1495 1925 1437 1951 1382 1935 1306 1953 1279 1928 1087 1930 1055 1948 1029 1933 1012 1951 949 1933 921 1958 866 1940 835 1961 788 1946 548 1963 516 1971 516 2006"/></Shape>
            <String CONTENT="المنصوري ومناصحته
 وخيل لابن بكتاش أنه إن لم يفعل هذا حتى يمو"
                    HPOS="516"
                    VPOS="1925"
                    WIDTH="1337"
                    HEIGHT="96"
                    ></String>
          </TextLine>
          <TextLine ID="eSc_line_766178fc"
                    BASELINE="515 1944 597 1931" 
                    HPOS="513"
                    VPOS="1913"
                    WIDTH="83"
                    HEIGHT="48">
            <Shape><Polygon POINTS="513 1961 596 1943 596 1930 594 1920 561 1913 518 1933 513 1943 513 1961"/></Shape>
            <String CONTENT="ت "
                    HPOS="513"
                    VPOS="1913"
                    WIDTH="83"
                    HEIGHT="48"
                    ></String>
          </TextLine>
          <TextLine ID="eSc_line_c9ccc1b6"
                    TAGREFS="LT1"
                    BASELINE="528 2056 1850 2036" 
                    HPOS="528"
                    VPOS="2019"
                    WIDTH="1322"
                    HEIGHT="85">
            <Shape><Polygon POINTS="528 2097 662 2084 747 2104 770 2081 914 2102 939 2087 1337 2097 1354 2079 1394 2092 1427 2074 1510 2094 1649 2069 1717 2081 1850 2064 1850 2036 1848 2031 1611 2036 1571 2019 1535 2036 1435 2019 1269 2041 1185 2021 1135 2041 1115 2024 1022 2024 989 2046 883 2026 835 2049 762 2034 536 2051 528 2056 528 2097"/></Shape>
            <String CONTENT="أبوه لا يبقى له ولإخوته
شيء ويحتاج إلى الاستدانة في وفاء ما يجب "
                    HPOS="528"
                    VPOS="2019"
                    WIDTH="1322"
                    HEIGHT="85"
                    ></String>
          </TextLine>
          <TextLine ID="eSc_line_db4aa7c6"
                    TAGREFS="LT1"
                    BASELINE="528 2139 1855 2112" 
                    HPOS="528"
                    VPOS="2092"
                    WIDTH="1327"
                    HEIGHT="98">
            <Shape><Polygon POINTS="528 2177 767 2190 785 2172 888 2187 1049 2167 1123 2182 1855 2157 1855 2112 1850 2107 1588 2112 1513 2094 1462 2109 1397 2092 1344 2117 1279 2094 1248 2119 1213 2119 1130 2097 1070 2122 893 2102 876 2122 767 2104 548 2132 528 2139 528 2177"/></Shape>
            <String CONTENT="للديوان السلطاني.فانفعل له وبلغ الأميرين عن أبيه ما رتبه فيه"
                    HPOS="528"
                    VPOS="2092"
                    WIDTH="1327"
                    HEIGHT="98"
                    ></String>
          </TextLine>
          <TextLine ID="eSc_line_fe9fe00a"
                    TAGREFS="LT1"
                    BASELINE="536 2233 1860 2197" 
                    HPOS="536"
                    VPOS="2175"
                    WIDTH="1324"
                    HEIGHT="108">
            <Shape><Polygon POINTS="536 2268 649 2260 722 2283 803 2280 846 2255 898 2278 1004 2260 1196 2270 1243 2253 1384 2265 1407 2240 1641 2248 1860 2227 1860 2197 1802 2190 1593 2195 1407 2175 1384 2195 1367 2177 1314 2195 1211 2180 1175 2205 1027 2192 987 2210 964 2187 919 2187 883 2215 838 2190 725 2192 644 2220 561 2222 536 2233 536 2268"/></Shape>
            <String CONTENT="أستاداره فتالما وبكيا بكا كثيرا ورايا من تمام حق الأمير بكتاش"
                    HPOS="536"
                    VPOS="2175"
                    WIDTH="1324"
                    HEIGHT="108"
                    ></String>
          </TextLine>
          <TextLine ID="eSc_line_3aac356b"
                    TAGREFS="LT1"
                    BASELINE="543 2326 1863 2288" 
                    HPOS="543"
                    VPOS="2273"
                    WIDTH="1320"
                    HEIGHT="101">
            <Shape><Polygon POINTS="543 2368 599 2358 629 2374 654 2351 823 2368 987 2341 1065 2363 1120 2346 1246 2358 1281 2341 1309 2356 1483 2351 1548 2326 1598 2348 1651 2323 1863 2318 1863 2288 1855 2283 1558 2290 1508 2273 1359 2278 1339 2295 1067 2285 976 2308 906 2290 886 2308 833 2293 798 2313 569 2318 543 2326 543 2368"/></Shape>
            <String CONTENT="المبادرة إلى امتثال ما أشار به ولم
يشكا في صدق ولده
 واجتمعا "
                    HPOS="543"
                    VPOS="2273"
                    WIDTH="1320"
                    HEIGHT="101"
                    ></String>
          </TextLine>
          <TextLine ID="eSc_line_8c9d870e"
                    TAGREFS="LT1"
                    BASELINE="538 2404 1855 2376" 
                    HPOS="538"
                    VPOS="2351"
                    WIDTH="1317"
                    HEIGHT="96">
            <Shape><Polygon POINTS="538 2447 1855 2421 1855 2376 1848 2371 1709 2374 1669 2351 1611 2351 1515 2353 1473 2379 1377 2356 1294 2381 1264 2366 1248 2384 1203 2384 1173 2361 569 2396 538 2404 538 2447"/></Shape>
            <String CONTENT="بالخدمة السلطانية مع الأمراء وقام ابن بكتاش فأعاد الرسالة على
"
                    HPOS="538"
                    VPOS="2351"
                    WIDTH="1317"
                    HEIGHT="96"
                    ></String>
          </TextLine>
          <TextLine ID="eSc_line_3241b0c8"
                    TAGREFS="LT1"
                    BASELINE="526 2492 1216 2484 1853 2459" 
                    HPOS="526"
                    VPOS="2431"
                    WIDTH="1327"
                    HEIGHT="109">
            <Shape><Polygon POINTS="526 2525 624 2540 745 2520 800 2537 841 2517 987 2532 1090 2514 1150 2530 1299 2507 1384 2522 1467 2507 1669 2517 1712 2497 1755 2514 1853 2494 1853 2459 1850 2452 1830 2431 1744 2459 1717 2434 1649 2449 1548 2436 1518 2462 1493 2439 1389 2457 1339 2441 1269 2469 1211 2447 1168 2472 934 2477 886 2457 803 2482 735 2469 526 2487 526 2492 526 2525"/></Shape>
            <String CONTENT="الجميع فلم يجدوا بدا من إجابته وكتب مرسوم سلطاني بمسامحته "
                    HPOS="526"
                    VPOS="2431"
                    WIDTH="1327"
                    HEIGHT="109"
                    ></String>
          </TextLine>
          <TextLine ID="eSc_line_258b7245"
                    TAGREFS="LT1"
                    BASELINE="531 2549 595 2581 1863 2552" 
                    HPOS="513"
                    VPOS="2517"
                    WIDTH="1347"
                    HEIGHT="118">
            <Shape><Polygon POINTS="538 2635 611 2620 705 2633 727 2618 808 2630 828 2613 936 2628 1047 2608 1110 2625 1175 2608 1349 2620 1440 2600 1525 2613 1551 2598 1767 2593 1800 2608 1860 2590 1860 2550 1855 2540 1714 2517 1679 2545 1578 2520 1455 2550 1387 2550 1362 2527 1306 2547 1226 2527 1095 2557 1004 2537 949 2560 886 2560 863 2540 677 2540 652 2565 521 2560 513 2565 513 2618"/></Shape>
            <String CONTENT="وحمل إليه
مع الأمير سنقر الكمالي الحاجب والأمير بدر الدين محمد بن الوزيري
"
                    HPOS="513"
                    VPOS="2517"
                    WIDTH="1347"
                    HEIGHT="118"
                    ></String>
          </TextLine>
          <TextLine ID="eSc_line_045e0886"
                    TAGREFS="LT1"
                    BASELINE="531 2671 1853 2638" 
                    HPOS="531"
                    VPOS="2615"
                    WIDTH="1322"
                    HEIGHT="113">
            <Shape><Polygon POINTS="531 2728 599 2713 624 2728 893 2721 936 2698 1389 2708 1410 2688 1457 2706 1478 2688 1566 2683 1624 2703 1737 2701 1760 2681 1853 2676 1853 2638 1850 2633 1546 2615 1457 2643 1427 2625 1402 2645 1367 2633 1332 2648 1304 2623 1170 2625 1135 2653 1062 2640 1019 2655 951 2630 876 2635 830 2660 541 2666 531 2671 531 2728"/></Shape>
            <String CONTENT="وتقدمهما ابن بكتاس ودخل على أبيه ومعه بكتمر أستاداره وأخذا "
                    HPOS="531"
                    VPOS="2615"
                    WIDTH="1322"
                    HEIGHT="113"
                    ></String>
          </TextLine>
        </TextBlock>
        <TextBlock HPOS="141"
                   VPOS="441"
                   WIDTH="420"
                   HEIGHT="426"
                   ID="eSc_textblock_ed18daf1"
                   TAGREFS="BT1063">
          <Shape><Polygon POINTS="141 453 432 441 479 474 561 505 472 541 457 867 149 867"/></Shape>
          <TextLine ID="eSc_line_20541090"
                    TAGREFS="LT1"
                    BASELINE="207 528 465 512 486 512 530 501" 
                    HPOS="201"
                    VPOS="463"
                    WIDTH="327"
                    HEIGHT="88">
            <Shape><Polygon POINTS="506 485 480 475 322 463 229 478 226 483 201 483 206 526 206 543 443 551 470 526 528 521 528 500 511 485 506 485"/></Shape>
            <String CONTENT="فى الايام الصالحيه"
                    HPOS="201"
                    VPOS="463"
                    WIDTH="327"
                    HEIGHT="88"
                    ></String>
          </TextLine>
          <TextLine ID="eSc_line_dc8d7a85"
                    TAGREFS="LT1"
                    BASELINE="144 486 249 481" 
                    HPOS="141"
                    VPOS="448"
                    WIDTH="105"
                    HEIGHT="63">
            <Shape><Polygon POINTS="191 450 166 450 141 450 143 485 143 511 246 508 246 480 244 450 201 448 191 450"/></Shape>
            <String CONTENT="واعطى"
                    HPOS="141"
                    VPOS="448"
                    WIDTH="105"
                    HEIGHT="63"
                    ></String>
          </TextLine>
          <TextLine ID="eSc_line_a2e6dafb"
                    TAGREFS="LT1"
                    BASELINE="148 573 460 584" 
                    HPOS="146"
                    VPOS="523"
                    WIDTH="314"
                    HEIGHT="101">
            <Shape><Polygon POINTS="153 566 148 573 146 604 229 624 458 614 460 584 435 523 171 556 153 566"/></Shape>
            <String CONTENT="امره مايه وتقدمه"
                    HPOS="146"
                    VPOS="523"
                    WIDTH="314"
                    HEIGHT="101"
                    ></String>
          </TextLine>
          <TextLine ID="eSc_line_664898fb"
                    TAGREFS="LT1"
                    BASELINE="148 662 467 654" 
                    HPOS="146"
                    VPOS="621"
                    WIDTH="319"
                    HEIGHT="81">
            <Shape><Polygon POINTS="146 702 183 689 465 692 465 652 445 641 271 621 161 646 146 659 146 702"/></Shape>
            <String CONTENT="الف فى ايام الظاهر"
                    HPOS="146"
                    VPOS="621"
                    WIDTH="319"
                    HEIGHT="81"
                    ></String>
          </TextLine>
          <TextLine ID="eSc_line_3b622bc3"
                    TAGREFS="LT1"
                    BASELINE="153 732 465 719" 
                    HPOS="151"
                    VPOS="697"
                    WIDTH="312"
                    HEIGHT="78">
            <Shape><Polygon POINTS="151 775 385 775 402 757 463 755 463 717 458 714 342 717 284 697 151 725 151 730 151 775"/></Shape>
            <String CONTENT="بيبرس واختص بالأمير "
                    HPOS="151"
                    VPOS="697"
                    WIDTH="312"
                    HEIGHT="78"
                    ></String>
          </TextLine>
          <TextLine ID="eSc_line_521fa39e"
                    TAGREFS="LT1"
                    BASELINE="172 839 465 804" 
                    HPOS="171"
                    VPOS="787"
                    WIDTH="299"
                    HEIGHT="96">
            <Shape><Polygon POINTS="450 795 349 787 188 825 171 838 176 876 236 883 299 858 367 881 470 868 463 803 450 795"/></Shape>
            <String CONTENT="علاء الدين "
                    HPOS="171"
                    VPOS="787"
                    WIDTH="299"
                    HEIGHT="96"
                    ></String>
          </TextLine>
          <TextLine ID="eSc_line_e5448a68"
                    TAGREFS="LT1"
                    BASELINE="161 803 270 797" 
                    HPOS="158"
                    VPOS="787"
                    WIDTH="111"
                    HEIGHT="31">
            <Shape><Polygon POINTS="158 818 269 808 269 795 264 787 161 793 158 800 158 818"/></Shape>
            <String CONTENT="سنه"
                    HPOS="158"
                    VPOS="787"
                    WIDTH="111"
                    HEIGHT="31"
                    ></String>
          </TextLine>
        </TextBlock>
      </PrintSpace>
    </Page>
  </Layout>
</alto>
