<?xml version="1.0" encoding="UTF-8"?>
<alto xmlns:xsi="http://www.w3.org/2001/XMLSchema-instance"
      xmlns="http://www.loc.gov/standards/alto/ns-v4#"
      xsi:schemaLocation="http://www.loc.gov/standards/alto/ns-v4# http://www.loc.gov/standards/alto/v4/alto-4-2.xsd">
  <Description>
    <MeasurementUnit>pixel</MeasurementUnit>
    <sourceImageInformation>
      <fileName>Muqaffa-or14533-3.pdf_page_84.png</fileName>
      <fileIdentifier>pdf//Muqaffa-or14533-3.pdf</fileIdentifier>
    </sourceImageInformation>
  </Description>
  <Tags>
    <OtherTag ID="BT1094" LABEL="text" DESCRIPTION="block type text"/><OtherTag ID="BT1066" LABEL="Chancery_Material" DESCRIPTION="block type Chancery_Material"/><OtherTag ID="BT1065" LABEL="Flyleaf" DESCRIPTION="block type Flyleaf"/><OtherTag ID="BT1064" LABEL="default" DESCRIPTION="block type default"/><OtherTag ID="BT1063" LABEL="Marginal_Material" DESCRIPTION="block type Marginal_Material"/><OtherTag ID="BT1062" LABEL="Catchword" DESCRIPTION="block type Catchword"/><OtherTag ID="BT4" LABEL="Illustration" DESCRIPTION="block type Illustration"/><OtherTag ID="BT3" LABEL="Commentary" DESCRIPTION="block type Commentary"/><OtherTag ID="BT2" LABEL="Main" DESCRIPTION="block type Main"/><OtherTag ID="BT1" LABEL="Title" DESCRIPTION="block type Title"/>
    <OtherTag ID="LT1" LABEL="Main" DESCRIPTION="line type Main"/><OtherTag ID="LT219" LABEL="default" DESCRIPTION="line type default"/><OtherTag ID="LT220" LABEL="Main-90" DESCRIPTION="line type Main-90"/><OtherTag ID="LT221" LABEL="Main-180" DESCRIPTION="line type Main-180"/><OtherTag ID="LT222" LABEL="Main-270" DESCRIPTION="line type Main-270"/>
  </Tags>
  <Layout>
    <Page WIDTH="3963"
          HEIGHT="3021"
          PHYSICAL_IMG_NR="280"
          ID="eSc_dummypage_">
      <PrintSpace HPOS="0"
                  VPOS="0"
                  WIDTH="3963"
                  HEIGHT="3021">
        <TextBlock HPOS="2080"
                   VPOS="240"
                   WIDTH="1401"
                   HEIGHT="1904"
                   ID="eSc_textblock_b6f48e76"
                   TAGREFS="BT2">
          <Shape><Polygon POINTS="2978 338 3477 332 3477 1116 3481 1116 3450 1398 3456 2144 3436 2140 2102 2140 2112 2104 2081 1888 2095 1882 2128 596 2080 240 2503 363"/></Shape>
          <TextLine ID="eSc_line_34d60011"
                    TAGREFS="LT1"
                    BASELINE="2585 402 3167 390 3444 397" 
                    HPOS="2585"
                    VPOS="281"
                    WIDTH="859"
                    HEIGHT="169">
            <Shape><Polygon POINTS="2585 443 2714 450 2756 433 2777 450 2792 433 2968 427 3031 445 3086 425 3147 445 3197 422 3338 443 3358 422 3441 420 3444 397 3441 324 3147 334 3094 314 3026 332 2910 297 2880 309 2704 281 2585 402 2585 443"/></Shape>
            <String CONTENT="بلبان طرنا الامير سيف الدين احد المماليك"
                    HPOS="2585"
                    VPOS="281"
                    WIDTH="859"
                    HEIGHT="169"
                    ></String>
          </TextLine>
          <TextLine ID="eSc_line_b32eea15"
                    TAGREFS="LT1"
                    BASELINE="2152 395 2500 400" 
                    HPOS="2150"
                    VPOS="357"
                    WIDTH="350"
                    HEIGHT="88">
            <Shape><Polygon POINTS="2150 438 2235 422 2271 443 2379 430 2437 445 2497 425 2500 400 2482 387 2429 362 2407 380 2321 357 2165 385 2152 395 2150 438"/></Shape>
            <String CONTENT="
 ترقى حتى صار أمير "
                    HPOS="2150"
                    VPOS="357"
                    WIDTH="350"
                    HEIGHT="88"
                    ></String>
          </TextLine>
          <TextLine ID="eSc_line_c5658b21"
                    TAGREFS="LT1"
                    BASELINE="2123 362 2240 354" 
                    HPOS="2122"
                    VPOS="292"
                    WIDTH="116"
                    HEIGHT="105">
            <Shape><Polygon POINTS="2147 390 2157 390 2238 372 2238 352 2225 292 2145 339 2122 360 2125 397 2147 390 2147 390"/></Shape>
            <String CONTENT="جندا"
                    HPOS="2122"
                    VPOS="292"
                    WIDTH="116"
                    HEIGHT="105"
                    ></String>
          </TextLine>
          <TextLine ID="eSc_line_250ce47e"
                    TAGREFS="LT1"
                    BASELINE="2091 319 2170 307" 
                    HPOS="2087"
                    VPOS="259"
                    WIDTH="83"
                    HEIGHT="85">
            <Shape><Polygon POINTS="2092 344 2170 322 2167 304 2160 274 2119 259 2087 286 2089 317 2092 344"/></Shape>
            <String CONTENT="ر ثم "
                    HPOS="2087"
                    VPOS="259"
                    WIDTH="83"
                    HEIGHT="85"
                    ></String>
          </TextLine>
          <TextLine ID="eSc_line_42a9d2e9"
                    TAGREFS="LT1"
                    BASELINE="2167 468 2676 488 3459 490" 
                    HPOS="2165"
                    VPOS="453"
                    WIDTH="1294"
                    HEIGHT="88">
            <Shape><Polygon POINTS="2167 468 2165 506 2414 526 2449 508 2505 531 2741 538 2842 538 2865 516 2930 541 3031 536 3054 516 3122 536 3149 518 3202 536 3220 518 3278 518 3310 541 3371 526 3424 541 3456 521 3459 490 3424 483 3174 465 2991 478 2970 463 2938 478 2887 460 2799 475 2683 458 2578 473 2359 453 2167 465 2167 468"/></Shape>
            <String CONTENT="ولي نيابة صفد في سنة اثنتي عشرة وسبعمائة
عوضا عن بهادر آص فباشرها "
                    HPOS="2165"
                    VPOS="453"
                    WIDTH="1294"
                    HEIGHT="88"
                    ></String>
          </TextLine>
          <TextLine ID="eSc_line_85e3039c"
                    TAGREFS="LT1"
                    BASELINE="2203 591 3474 573" 
                    HPOS="2200"
                    VPOS="480"
                    WIDTH="1272"
                    HEIGHT="149">
            <Shape><Polygon POINTS="2751 488 2744 488 2694 513 2658 485 2651 485 2626 485 2600 483 2575 483 2550 483 2532 480 2321 483 2200 589 2200 614 2306 611 2328 629 2381 609 2449 626 2492 609 2560 626 2802 609 2910 621 3011 601 3162 614 3179 599 3240 616 3298 596 3434 614 3469 599 3472 571 3464 533 3079 541 3046 523 3016 538 2792 518 2751 488 2751 488"/></Shape>
            <String CONTENT="إلى أن جعل السلطان أمر الشام كله يرجع إلى
الأمير تنكز ورسم لسائر "
                    HPOS="2200"
                    VPOS="480"
                    WIDTH="1272"
                    HEIGHT="149"
                    ></String>
          </TextLine>
          <TextLine ID="eSc_line_42ba246e"
                    BASELINE="2159 563 2293 544" 
                    HPOS="2150"
                    VPOS="485"
                    WIDTH="141"
                    HEIGHT="99">
            <Shape><Polygon POINTS="2250 511 2225 513 2200 516 2175 518 2150 518 2157 561 2160 579 2208 584 2210 584 2220 584 2291 553 2291 543 2268 485 2255 498 2250 511"/></Shape>
            <String CONTENT="النوا"
                    HPOS="2150"
                    VPOS="485"
                    WIDTH="141"
                    HEIGHT="99"
                    ></String>
          </TextLine>
          <TextLine ID="eSc_line_a738c481"
                    BASELINE="2151 521 2251 512" 
                    HPOS="2150"
                    VPOS="500"
                    WIDTH="100"
                    HEIGHT="41">
            <Shape><Polygon POINTS="2150 533 2215 541 2250 521 2250 511 2248 500 2155 511 2150 518 2150 533"/></Shape>
            <String CONTENT="ب "
                    HPOS="2150"
                    VPOS="500"
                    WIDTH="100"
                    HEIGHT="41"
                    ></String>
          </TextLine>
          <TextLine ID="eSc_line_2b12aea9"
                    TAGREFS="LT1"
                    BASELINE="2172 654 3474 659" 
                    HPOS="2170"
                    VPOS="629"
                    WIDTH="1304"
                    HEIGHT="65">
            <Shape><Polygon POINTS="2170 694 3472 694 3474 659 3439 652 2918 631 2897 652 2842 636 2824 652 2777 629 2175 649 2172 654 2170 694"/></Shape>
            <String CONTENT="بمكاتبته ليكاتب هو السلطان عنهم
 فامتثلوا ذلك وصاروا لا يتحركو ن "
                    HPOS="2170"
                    VPOS="629"
                    WIDTH="1304"
                    HEIGHT="65"
                    ></String>
          </TextLine>
          <TextLine ID="eSc_line_1a45b963"
                    TAGREFS="LT1"
                    BASELINE="2175 742 3474 732" 
                    HPOS="2175"
                    VPOS="709"
                    WIDTH="1299"
                    HEIGHT="81">
            <Shape><Polygon POINTS="2175 790 2268 770 2366 785 2621 767 2794 785 2865 765 2993 782 3099 765 3134 782 3185 762 3310 780 3472 762 3474 732 3469 727 3056 709 2996 730 2968 709 2865 709 2799 732 2628 712 2608 732 2449 720 2215 735 2175 742 2175 790"/></Shape>
            <String CONTENT="بحركة حتى يستأذن كل منهم تنكز فتارة
يجيب وتارة لا يعبأ
 فلما زاد هذا "
                    HPOS="2175"
                    VPOS="709"
                    WIDTH="1299"
                    HEIGHT="81"
                    ></String>
          </TextLine>
          <TextLine ID="eSc_line_cd56bb16"
                    TAGREFS="LT1"
                    BASELINE="2135 818 3484 810" 
                    HPOS="2135"
                    VPOS="780"
                    WIDTH="1349"
                    HEIGHT="88">
            <Shape><Polygon POINTS="2135 858 2200 868 2223 853 2245 868 2278 853 2321 868 2351 853 2376 868 2550 868 2661 848 2699 866 2736 845 2782 863 2885 845 2935 866 2973 850 3031 866 3119 845 3169 866 3341 843 3361 860 3484 840 3484 810 3472 800 3308 800 3258 780 3167 800 3147 780 3031 780 2903 803 2855 782 2711 800 2643 782 2542 800 2492 787 2467 805 2223 805 2203 790 2155 805 2135 818 2135 848"/></Shape>
            <String CONTENT="أنف منه بلبان وقال إن الإمرة أقل وأخس لأن يخرج الإنسان
فقيرا "
                    HPOS="2135"
                    VPOS="780"
                    WIDTH="1349"
                    HEIGHT="88"
                    ></String>
          </TextLine>
          <TextLine ID="eSc_line_5e486e34"
                    BASELINE="2132 806 2225 773" 
                    HPOS="2125"
                    VPOS="740"
                    WIDTH="103"
                    HEIGHT="65">
            <Shape><Polygon POINTS="2195 740 2125 787 2130 805 2130 805 2228 793 2223 772 2205 740 2195 740"/></Shape>
            <String CONTENT="خير "
                    HPOS="2125"
                    VPOS="740"
                    WIDTH="103"
                    HEIGHT="65"
                    ></String>
          </TextLine>
          <TextLine ID="eSc_line_a95b9738"
                    TAGREFS="LT1"
                    BASELINE="2114 917 3474 896" 
                    HPOS="2112"
                    VPOS="833"
                    WIDTH="1360"
                    HEIGHT="133">
            <Shape><Polygon POINTS="3082 863 3019 867 2754 855 2132 874 2112 951 2177 946 2198 966 2238 951 2680 955 2774 936 2892 951 2925 933 2976 951 3030 940 3121 960 3144 931 3247 941 3320 926 3416 946 3472 923 3469 833 3377 853 3298 841 3257 864"/></Shape>
            <String CONTENT="من مقاساة ما نحن فيه
 فبلغ كلامه تنكز فغضب وكتب يعرف السلطان فرسم "
                    HPOS="2112"
                    VPOS="833"
                    WIDTH="1360"
                    HEIGHT="133"
                    ></String>
          </TextLine>
          <TextLine ID="eSc_line_d182a19f"
                    TAGREFS="LT1"
                    BASELINE="2114 1011 3474 991" 
                    HPOS="2109"
                    VPOS="916"
                    WIDTH="1363"
                    HEIGHT="138">
            <Shape><Polygon POINTS="2112 1009 2112 1039 2180 1037 2203 1054 2442 1052 2467 1032 2573 1049 2938 1032 2958 1044 3230 1022 3298 1039 3469 1019 3472 989 3469 961 3046 969 2973 949 2955 966 2827 956 2807 939 2782 956 2741 926 2709 949 2656 946 2568 916 2364 931 2109 921 2112 1009"/></Shape>
            <String CONTENT="في صفر سنة أربع عشرة
بولاية بلبان البدري نيابة صفد والقبض على بلبان "
                    HPOS="2109"
                    VPOS="916"
                    WIDTH="1363"
                    HEIGHT="138"
                    ></String>
          </TextLine>
          <TextLine ID="eSc_line_75fb030e"
                    TAGREFS="LT1"
                    BASELINE="2114 1082 3477 1077" 
                    HPOS="2112"
                    VPOS="1052"
                    WIDTH="1362"
                    HEIGHT="85">
            <Shape><Polygon POINTS="2112 1112 2235 1137 2391 1112 2419 1137 2699 1137 2759 1110 2817 1125 2852 1112 2890 1135 2938 1110 2981 1107 3003 1130 3119 1112 3179 1135 3265 1107 3378 1122 3472 1107 3474 1074 3472 1069 3174 1057 3137 1072 3119 1057 2988 1052 2958 1072 2837 1072 2789 1052 2767 1074 2668 1074 2648 1054 2439 1054 2409 1074 2291 1074 2215 1054 2112 1074 2112 1080 2112 1112"/></Shape>
            <String CONTENT="طرنا فقبض عليه في حادي
عشر ذي القعدة سنة أربع عشرة وسبعمائة وحمل إلى مصر مقيدا فسجن بها إلى
أن أفرج عنه يوم الاثنين "
                    HPOS="2112"
                    VPOS="1052"
                    WIDTH="1362"
                    HEIGHT="85"
                    ></String>
          </TextLine>
          <TextLine ID="eSc_line_0a18b3d5"
                    TAGREFS="LT1"
                    BASELINE="2114 1173 3479 1168" 
                    HPOS="2112"
                    VPOS="1158"
                    WIDTH="1365"
                    HEIGHT="73">
            <Shape><Polygon POINTS="3469 1160 3466 1158 2112 1165 2112 1170 2112 1208 2157 1208 2180 1231 2248 1231 2291 1208 2339 1223 2364 1208 2404 1231 2474 1231 2520 1208 2553 1231 2608 1213 2774 1231 2802 1208 2960 1223 3046 1205 3109 1228 3192 1228 3270 1208 3378 1223 3477 1203 3477 1165 3474 1160 3469 1160"/></Shape>
            <String CONTENT="رابع عشرين شعبان سنة ست وعشرين وسبعمائة وخلع
عليه وسفره إلى دمشق "
                    HPOS="2112"
                    VPOS="1158"
                    WIDTH="1365"
                    HEIGHT="73"
                    ></String>
          </TextLine>
          <TextLine ID="eSc_line_3624edf2"
                    TAGREFS="LT1"
                    BASELINE="2130 1266 3459 1261" 
                    HPOS="2130"
                    VPOS="1236"
                    WIDTH="1329"
                    HEIGHT="80">
            <Shape><Polygon POINTS="2250 1314 2266 1299 2449 1299 2464 1314 2510 1299 2603 1314 2628 1299 2651 1314 2845 1296 2892 1311 3086 1311 3101 1296 3416 1311 3456 1296 3459 1261 3454 1256 2792 1236 2779 1251 2500 1238 2464 1258 2165 1258 2130 1266 2130 1316"/></Shape>
            <String CONTENT="على إمر ة طبلخاناه ب ثم كانت له إمرة مائة
وكانت مدة سجنه اثنتيعشرة سنة وأشهرا
 تو"
                    HPOS="2130"
                    VPOS="1236"
                    WIDTH="1329"
                    HEIGHT="80"
                    ></String>
          </TextLine>
          <TextLine ID="eSc_line_875e4fef"
                    BASELINE="2124 1253 2175 1234" 
                    HPOS="2112"
                    VPOS="1226"
                    WIDTH="65"
                    HEIGHT="32">
            <Shape><Polygon POINTS="2122 1251 2125 1258 2150 1258 2152 1258 2177 1253 2172 1233 2157 1228 2112 1226 2122 1251"/></Shape>
            <String CONTENT="في "
                    HPOS="2112"
                    VPOS="1226"
                    WIDTH="65"
                    HEIGHT="32"
                    ></String>
          </TextLine>
          <TextLine ID="eSc_line_23990486"
                    TAGREFS="LT1"
                    BASELINE="2291 1344 3461 1354" 
                    HPOS="2288"
                    VPOS="1321"
                    WIDTH="1173"
                    HEIGHT="81">
            <Shape><Polygon POINTS="2288 1374 2376 1394 2422 1377 2490 1394 2568 1377 2585 1394 2769 1379 2880 1399 3091 1399 3142 1382 3169 1402 3240 1384 3300 1402 3459 1384 3461 1354 3416 1346 3172 1346 3149 1326 2988 1344 2963 1326 2920 1339 2875 1324 2779 1341 2762 1324 2678 1336 2583 1321 2532 1339 2454 1321 2293 1339 2291 1344 2288 1374"/></Shape>
            <String CONTENT="بدمشق في حادي عشر ربيع الأول سنة أربع وثلاثين وسبعمائة
"
                    HPOS="2288"
                    VPOS="1321"
                    WIDTH="1173"
                    HEIGHT="81"
                    ></String>
          </TextLine>
          <TextLine ID="eSc_line_519df630"
                    TAGREFS="LT1"
                    BASELINE="2114 1455 2361 1447 3441 1470" 
                    HPOS="2109"
                    VPOS="1395"
                    WIDTH="1330"
                    HEIGHT="115">
            <Shape><Polygon POINTS="2269 1395 2156 1395 2112 1452 2109 1472 2208 1472 2223 1490 2464 1477 2542 1495 2688 1482 3263 1507 3288 1492 3436 1510 3439 1467 3237 1417 3061 1412"/></Shape>
            <String CONTENT=" بلبان البدري 
 ب بلبان البدري الأمير سيف الدين "
                    HPOS="2109"
                    VPOS="1395"
                    WIDTH="1330"
                    HEIGHT="115"
                    ></String>
          </TextLine>
          <TextLine ID="eSc_line_f0cb462d"
                    TAGREFS="LT1"
                    BASELINE="2130 1538 2756 1538 3454 1558" 
                    HPOS="2125"
                    VPOS="1507"
                    WIDTH="1326"
                    HEIGHT="94">
            <Shape><Polygon POINTS="2125 1568 2180 1558 2328 1583 2354 1563 2467 1563 2507 1588 2603 1565 2681 1591 2769 1570 2928 1570 2981 1596 3137 1598 3227 1598 3268 1575 3295 1601 3449 1578 3451 1555 3419 1548 3220 1533 3142 1545 3129 1530 3066 1543 3044 1520 2955 1515 2867 1538 2731 1515 2686 1530 2636 1510 2537 1523 2507 1507 2145 1528 2127 1535 2125 1568"/></Shape>
            <String CONTENT="وعزل عنها وتوجه إلى نيابة صفد بعد صرف بلبان طرنا في صفر سنة
أربع "
                    HPOS="2125"
                    VPOS="1507"
                    WIDTH="1326"
                    HEIGHT="94"
                    ></String>
          </TextLine>
          <TextLine ID="eSc_line_0b5d4f81"
                    TAGREFS="LT1"
                    BASELINE="2115 1515 2200 1500" 
                    HPOS="2107"
                    VPOS="1457"
                    WIDTH="91"
                    HEIGHT="71">
            <Shape><Polygon POINTS="2114 1513 2117 1528 2198 1510 2198 1497 2187 1457 2160 1477 2107 1477 2114 1513"/></Shape>
            <String CONTENT="عشرة "
                    HPOS="2107"
                    VPOS="1457"
                    WIDTH="91"
                    HEIGHT="71"
                    ></String>
          </TextLine>
          <TextLine ID="eSc_line_4d3aaabb"
                    TAGREFS="LT1"
                    BASELINE="3023 1638 3454 1638" 
                    HPOS="3021"
                    VPOS="1631"
                    WIDTH="430"
                    HEIGHT="58">
            <Shape><Polygon POINTS="3021 1636 3021 1671 3054 1689 3154 1674 3391 1689 3451 1671 3451 1636 3451 1631 3021 1633 3021 1636"/></Shape>
            <String CONTENT="وسبعمائة وصرف في "
                    HPOS="3021"
                    VPOS="1631"
                    WIDTH="430"
                    HEIGHT="58"
                    ></String>
          </TextLine>
          <TextLine ID="eSc_line_5a26219f"
                    TAGREFS="LT1"
                    BASELINE="2107 1643 2890 1636" 
                    HPOS="2107"
                    VPOS="1613"
                    WIDTH="783"
                    HEIGHT="76">
            <Shape><Polygon POINTS="2107 1684 2346 1689 2379 1669 2520 1669 2542 1686 2628 1666 2653 1681 2809 1684 2887 1666 2890 1636 2885 1631 2756 1613 2731 1631 2530 1616 2512 1633 2457 1633 2381 1616 2356 1631 2127 1636 2107 1643 2107 1684"/></Shape>
            <String CONTENT="شوال سنة ست عشرة بالأمير بكتمر الحسامي
"
                    HPOS="2107"
                    VPOS="1613"
                    WIDTH="783"
                    HEIGHT="76"
                    ></String>
          </TextLine>
          <TextLine ID="eSc_line_59a41f2a"
                    TAGREFS="LT1"
                    BASELINE="2104 1737 3454 1715" 
                    HPOS="2102"
                    VPOS="1686"
                    WIDTH="1349"
                    HEIGHT="101">
            <Shape><Polygon POINTS="2102 1767 2165 1767 2185 1787 2439 1762 2485 1777 2512 1762 2542 1782 2688 1759 2774 1779 2829 1757 2915 1777 2960 1754 3018 1774 3242 1757 3401 1769 3451 1747 3451 1714 3444 1709 3310 1709 3278 1686 3016 1714 2855 1716 2827 1694 2772 1694 2633 1714 2527 1699 2467 1721 2422 1706 2384 1724 2145 1727 2102 1734 2102 1767"/></Shape>
            <String CONTENT="المعروف بالحاجب وزير مصر ونقل إلى دمشق من جملة الأمراء
 وولي نيابة "
                    HPOS="2102"
                    VPOS="1686"
                    WIDTH="1349"
                    HEIGHT="101"
                    ></String>
          </TextLine>
          <TextLine ID="eSc_line_fa898211"
                    TAGREFS="LT1"
                    BASELINE="2117 1817 2809 1812 3454 1824" 
                    HPOS="2112"
                    VPOS="1747"
                    WIDTH="1339"
                    HEIGHT="118">
            <Shape><Polygon POINTS="2112 1857 2394 1840 2497 1860 2525 1842 2550 1862 2615 1842 2731 1842 2751 1862 2782 1842 2872 1842 2970 1865 3127 1865 3149 1850 3376 1865 3449 1845 3451 1822 3376 1812 3134 1810 3096 1794 3049 1812 3026 1789 2955 1784 2908 1810 2797 1784 2777 1805 2709 1810 2590 1764 2230 1747 2114 1815 2112 1857"/></Shape>
            <String CONTENT="حمص عوضا عن بكتوت القرماني في صفر سنة تسع عشرة
 ومات بها في ليلة "
                    HPOS="2112"
                    VPOS="1747"
                    WIDTH="1339"
                    HEIGHT="118"
                    ></String>
          </TextLine>
          <TextLine ID="eSc_line_7a3d8081"
                    TAGREFS="LT1"
                    BASELINE="2122 1890 3454 1900" 
                    HPOS="2117"
                    VPOS="1883"
                    WIDTH="1334"
                    HEIGHT="78">
            <Shape><Polygon POINTS="2119 1888 2117 1928 2198 1953 2293 1930 2512 1933 2590 1953 2626 1933 2721 1951 2784 1933 2847 1958 3031 1943 3371 1961 3404 1938 3449 1938 3451 1898 3449 1895 2119 1883 2119 1888"/></Shape>
            <String CONTENT="الخميس أول شوال سنة سبع وعشرين وسبعمائة ونقل إلى
دمشق فصلي "
                    HPOS="2117"
                    VPOS="1883"
                    WIDTH="1334"
                    HEIGHT="78"
                    ></String>
          </TextLine>
          <TextLine ID="eSc_line_955c4460"
                    TAGREFS="LT1"
                    BASELINE="2462 1996 3439 1996" 
                    HPOS="2462"
                    VPOS="1971"
                    WIDTH="977"
                    HEIGHT="80">
            <Shape><Polygon POINTS="2462 1996 2462 2046 2671 2031 2829 2051 2887 2031 2960 2051 3091 2031 3111 2051 3237 2051 3270 2031 3396 2051 3439 2031 3439 1996 3439 1991 3305 1991 3242 1971 3195 1991 3069 1971 3044 1988 2988 1973 2900 1991 2872 1971 2694 1986 2668 1971 2618 1991 2462 1991 2462 1996"/></Shape>
            <String CONTENT="عليه ودفن بسفح قاسيون
 وكان شجاعا عاقلا مهذبا "
                    HPOS="2462"
                    VPOS="1971"
                    WIDTH="977"
                    HEIGHT="80"
                    ></String>
          </TextLine>
          <TextLine ID="eSc_line_5b3951b6"
                    TAGREFS="LT1"
                    BASELINE="2119 2001 2386 1996" 
                    HPOS="2117"
                    VPOS="1958"
                    WIDTH="267"
                    HEIGHT="98">
            <Shape><Polygon POINTS="2117 2056 2182 2039 2384 2054 2384 1993 2371 1981 2326 1958 2248 1958 2147 1981 2117 1998 2117 2056"/></Shape>
            <String CONTENT="سليم الباطن "
                    HPOS="2117"
                    VPOS="1958"
                    WIDTH="267"
                    HEIGHT="98"
                    ></String>
          </TextLine>
          <TextLine ID="eSc_line_6f728151"
                    TAGREFS="LT1"
                    BASELINE="2777 2087 3444 2092" 
                    HPOS="2774"
                    VPOS="2054"
                    WIDTH="670"
                    HEIGHT="93">
            <Shape><Polygon POINTS="2774 2122 2877 2142 2925 2122 2970 2144 3051 2129 3205 2147 3240 2124 3441 2137 3444 2092 3409 2081 3258 2081 3205 2056 3144 2076 3109 2054 3069 2079 3038 2054 2960 2054 2935 2079 2850 2061 2787 2079 2777 2087 2774 2122"/></Shape>
            <String CONTENT="وخلف مالا جزيلا
 وولي حمص بعده "
                    HPOS="2774"
                    VPOS="2054"
                    WIDTH="670"
                    HEIGHT="93"
                    ></String>
          </TextLine>
        </TextBlock>
        <TextBlock HPOS="2072"
                   VPOS="2193"
                   WIDTH="1417"
                   HEIGHT="279"
                   ID="eSc_textblock_aa580de9"
                   TAGREFS="BT2">
          <Shape><Polygon POINTS="3489 2205 3475 2456 3190 2472 3168 2336 2083 2326 2072 2245 2087 2193 3446 2193"/></Shape>
          <TextLine ID="eSc_line_ff2e0227"
                    TAGREFS="LT1"
                    BASELINE="2099 2253 2570 2248" 
                    HPOS="2099"
                    VPOS="2222"
                    WIDTH="471"
                    HEIGHT="119">
            <Shape><Polygon POINTS="2099 2298 2233 2298 2336 2313 2381 2341 2570 2341 2570 2248 2565 2243 2389 2222 2331 2245 2198 2227 2104 2245 2099 2253 2099 2298"/></Shape>
            <String CONTENT="القنلجقى فى سنه ثلث وعشرين"
                    HPOS="2099"
                    VPOS="2222"
                    WIDTH="471"
                    HEIGHT="119"
                    ></String>
          </TextLine>
          <TextLine ID="eSc_line_d025a5c7"
                    TAGREFS="LT1"
                    BASELINE="2691 2260 3444 2270" 
                    HPOS="2688"
                    VPOS="2212"
                    WIDTH="756"
                    HEIGHT="119">
            <Shape><Polygon POINTS="2691 2260 2688 2300 2736 2316 2779 2290 2819 2306 2850 2293 2915 2331 3096 2331 3134 2328 3172 2295 3258 2311 3371 2298 3399 2313 3441 2298 3444 2270 3298 2212 3197 2243 3164 2235 3134 2263 3069 2265 3023 2243 2953 2263 2897 2238 2691 2255 2691 2260"/></Shape>
            <String CONTENT="بلبان العترس بعد 
 ب ولي البحيرة "
                    HPOS="2688"
                    VPOS="2212"
                    WIDTH="756"
                    HEIGHT="119"
                    ></String>
          </TextLine>
          <TextLine ID="eSc_line_6f721171"
                    TAGREFS="LT1"
                    BASELINE="3220 2361 3451 2366" 
                    HPOS="3217"
                    VPOS="2338"
                    WIDTH="234"
                    HEIGHT="73">
            <Shape><Polygon POINTS="3220 2361 3217 2409 3449 2411 3451 2366 3446 2358 3409 2343 3348 2358 3315 2338 3220 2353 3220 2361"/></Shape>
            <String CONTENT="وسبع مايه"
                    HPOS="3217"
                    VPOS="2338"
                    WIDTH="234"
                    HEIGHT="73"
                    ></String>
          </TextLine>
        </TextBlock>
        <TextBlock HPOS="3459"
                   VPOS="1457"
                   WIDTH="363"
                   HEIGHT="571"
                   ID="eSc_textblock_30e21861"
                   TAGREFS="BT1063">
          <Shape><Polygon POINTS="3812 1471 3822 1679 3811 2028 3459 2025 3461 1457"/></Shape>
          <TextLine ID="eSc_line_7e32c793"
                    TAGREFS="LT1"
                    BASELINE="3466 1512 3801 1507" 
                    HPOS="3464"
                    VPOS="1460"
                    WIDTH="335"
                    HEIGHT="83">
            <Shape><Polygon POINTS="3464 1543 3796 1530 3799 1505 3796 1480 3701 1482 3655 1460 3615 1477 3575 1480 3552 1460 3466 1475 3464 1510 3464 1543"/></Shape>
            <String CONTENT="صار من الامرا وولى"
                    HPOS="3464"
                    VPOS="1460"
                    WIDTH="335"
                    HEIGHT="83"
                    ></String>
          </TextLine>
          <TextLine ID="eSc_line_327fba89"
                    TAGREFS="LT1"
                    BASELINE="3469 1578 3801 1568" 
                    HPOS="3466"
                    VPOS="1543"
                    WIDTH="333"
                    HEIGHT="75">
            <Shape><Polygon POINTS="3466 1618 3524 1603 3681 1616 3796 1593 3799 1565 3794 1563 3630 1543 3562 1568 3540 1555 3466 1570 3466 1575 3466 1618"/></Shape>
            <String CONTENT="امره الركب الشامى فى"
                    HPOS="3466"
                    VPOS="1543"
                    WIDTH="333"
                    HEIGHT="75"
                    ></String>
          </TextLine>
          <TextLine ID="eSc_line_06094266"
                    TAGREFS="LT1"
                    BASELINE="3458 1646 3789 1638" 
                    HPOS="3456"
                    VPOS="1616"
                    WIDTH="330"
                    HEIGHT="60">
            <Shape><Polygon POINTS="3456 1676 3786 1664 3786 1636 3784 1616 3499 1628 3456 1643 3456 1676"/></Shape>
            <String CONTENT=" سنة تسعين ومائتين وسنه سبع
وسبعون سن"
                    HPOS="3456"
                    VPOS="1616"
                    WIDTH="330"
                    HEIGHT="60"
                    ></String>
          </TextLine>
          <TextLine ID="eSc_line_1d0d8cf7"
                    TAGREFS="LT1"
                    BASELINE="3470 1695 3567 1712 3789 1709" 
                    HPOS="3466"
                    VPOS="1676"
                    WIDTH="320"
                    HEIGHT="61">
            <Shape><Polygon POINTS="3469 1694 3466 1727 3784 1737 3786 1706 3748 1694 3602 1676 3469 1691 3469 1694"/></Shape>
            <String CONTENT="وولى نيابه قلعه دمشق"
                    HPOS="3466"
                    VPOS="1676"
                    WIDTH="320"
                    HEIGHT="61"
                    ></String>
          </TextLine>
          <TextLine ID="eSc_line_0c7a5dce"
                    TAGREFS="LT1"
                    BASELINE="3469 1768 3794 1772" 
                    HPOS="3464"
                    VPOS="1742"
                    WIDTH="327"
                    HEIGHT="52">
            <Shape><Polygon POINTS="3466 1767 3464 1794 3789 1794 3791 1769 3791 1764 3630 1744 3605 1764 3580 1742 3466 1762 3466 1767"/></Shape>
            <String CONTENT="عوضا عن بهادر "
                    HPOS="3464"
                    VPOS="1742"
                    WIDTH="327"
                    HEIGHT="52"
                    ></String>
          </TextLine>
          <TextLine ID="eSc_line_b7c1bf6b"
                    TAGREFS="LT1"
                    BASELINE="3461 1830 3789 1830" 
                    HPOS="3459"
                    VPOS="1820"
                    WIDTH="327"
                    HEIGHT="60">
            <Shape><Polygon POINTS="3459 1862 3560 1880 3582 1865 3711 1880 3786 1862 3786 1827 3779 1820 3474 1820 3459 1827 3459 1862"/></Shape>
            <String CONTENT="السنجري في شهر رمضان "
                    HPOS="3459"
                    VPOS="1820"
                    WIDTH="327"
                    HEIGHT="60"
                    ></String>
          </TextLine>
          <TextLine ID="eSc_line_72acb4a9"
                    TAGREFS="LT1"
                    BASELINE="3464 1896 3786 1903" 
                    HPOS="3459"
                    VPOS="1875"
                    WIDTH="325"
                    HEIGHT="71">
            <Shape><Polygon POINTS="3459 1925 3492 1943 3623 1928 3643 1946 3781 1930 3784 1900 3771 1893 3696 1878 3655 1893 3623 1875 3464 1890 3461 1895 3459 1925"/></Shape>
            <String CONTENT="سنة
إحدى عشرة وعزل "
                    HPOS="3459"
                    VPOS="1875"
                    WIDTH="325"
                    HEIGHT="71"
                    ></String>
          </TextLine>
          <TextLine ID="eSc_line_45d748ee"
                    TAGREFS="LT1"
                    BASELINE="3530 1969 3771 1971" 
                    HPOS="3529"
                    VPOS="1915"
                    WIDTH="240"
                    HEIGHT="119">
            <Shape><Polygon POINTS="3529 1998 3585 2019 3650 2001 3769 2034 3769 1968 3733 1915 3701 1915 3635 1961 3540 1961 3529 1968 3529 1998"/></Shape>
            <String CONTENT="عنها وتوجه إلى "
                    HPOS="3529"
                    VPOS="1915"
                    WIDTH="240"
                    HEIGHT="119"
                    ></String>
          </TextLine>
        </TextBlock>
        <TextBlock HPOS="2014"
                   VPOS="257"
                   WIDTH="96"
                   HEIGHT="828"
                   ID="eSc_textblock_337f41de"
                   TAGREFS="BT1063">
          <Shape><Polygon POINTS="2014 382 2031 281 2082 257 2110 611 2110 613 2102 1085 2021 1085"/></Shape>
          <TextLine ID="eSc_line_c2957108"
                    TAGREFS="LT220"
                    BASELINE="2048 331 2068 1074" 
                    HPOS="2001"
                    VPOS="327"
                    WIDTH="96"
                    HEIGHT="745">
            <Shape><Polygon POINTS="2046 329 2001 329 2046 1072 2067 1072 2097 1069 2082 327 2046 329"/></Shape>
            <String CONTENT="فى حادى عشر ذي القعده سنه اربع عشره سبع مايه"
                    HPOS="2001"
                    VPOS="327"
                    WIDTH="96"
                    HEIGHT="745"
                    ></String>
          </TextLine>
        </TextBlock>
        <TextBlock HPOS="1998"
                   VPOS="1139"
                   WIDTH="103"
                   HEIGHT="695"
                   ID="eSc_textblock_c3edb72c"
                   TAGREFS="BT1063">
          <Shape><Polygon POINTS="2072 1822 2007 1834 1998 1558 2019 1139 2101 1139 2090 1827"/></Shape>
          <TextLine ID="eSc_line_3e1463ee"
                    TAGREFS="LT222"
                    BASELINE="2045 1809 2071 1149" 
                    HPOS="2001"
                    VPOS="1145"
                    WIDTH="91"
                    HEIGHT="662">
            <Shape><Polygon POINTS="2004 1704 2004 1729 2004 1754 2004 1769 2044 1807 2077 1807 2064 1716 2082 1653 2064 1611 2092 1412 2084 1147 2069 1147 2019 1145 2001 1681 2004 1704"/></Shape>
            <String CONTENT="يعد ما اقام نحويا زيا ده على عشرسنين جر"
                    HPOS="2001"
                    VPOS="1145"
                    WIDTH="91"
                    HEIGHT="662"
                    ></String>
          </TextLine>
        </TextBlock>
        <TextBlock HPOS="519"
                   VPOS="250"
                   WIDTH="1432"
                   HEIGHT="2517"
                   ID="eSc_textblock_91ad330a"
                   TAGREFS="BT2">
          <Shape><Polygon POINTS="1700 250 1931 271 1951 1900 1921 2655 1900 2686 1659 2696 519 2767 535 1283 556 925 561 380 606 336 782 284 1228 263 1229 263 1612 312"/></Shape>
          <TextLine ID="eSc_line_96f4ab31"
                    TAGREFS="LT1"
                    BASELINE="610 352 1900 319" 
                    HPOS="606"
                    VPOS="266"
                    WIDTH="1292"
                    HEIGHT="116">
            <Shape><Polygon POINTS="1639 292 1613 309 1606 307 1596 317 1070 324 1004 289 805 294 747 322 712 312 606 334 609 349 609 370 652 362 692 382 808 357 939 354 984 375 1022 357 1102 372 1206 347 1387 365 1407 349 1563 360 1601 339 1644 357 1898 342 1898 317 1895 266 1656 276 1639 292"/></Shape>
            <String CONTENT="برلغى الامير سيف الدين احد البرجيه من المماليك المنصوريه"
                    HPOS="606"
                    VPOS="266"
                    WIDTH="1292"
                    HEIGHT="116"
                    ></String>
          </TextLine>
          <TextLine ID="eSc_line_5c97d20e"
                    TAGREFS="LT1"
                    BASELINE="546 425 1905 395" 
                    HPOS="543"
                    VPOS="367"
                    WIDTH="1360"
                    HEIGHT="101">
            <Shape><Polygon POINTS="543 453 715 468 742 453 1107 460 1450 433 1538 450 1613 433 1671 445 1686 427 1770 445 1797 430 1903 440 1903 392 1878 385 1734 372 1641 390 1618 367 1561 367 1493 385 1470 370 1409 385 1155 377 1102 402 1009 380 976 402 949 405 926 382 856 407 825 385 750 410 586 412 543 422 543 453"/></Shape>
            <String CONTENT="وترقى في الخدم إلى أن صار من الأمراء
 فلما أعيد الناصر محمد بن قلاوون بعد قتل "
                    HPOS="543"
                    VPOS="367"
                    WIDTH="1360"
                    HEIGHT="101"
                    ></String>
          </TextLine>
          <TextLine ID="eSc_line_4a88219b"
                    TAGREFS="LT1"
                    BASELINE="546 502 1908 485" 
                    HPOS="543"
                    VPOS="468"
                    WIDTH="1362"
                    HEIGHT="90">
            <Shape><Polygon POINTS="543 558 629 538 732 558 929 558 1087 541 1168 553 1236 533 1276 553 1374 533 1412 551 1437 531 1518 526 1596 548 1651 526 1734 538 1754 523 1903 523 1905 483 1903 478 1477 485 1452 468 1349 468 1279 488 1160 470 1143 488 1092 473 1032 490 929 473 883 493 543 495 543 500 543 558"/></Shape>
            <String CONTENT="المنصور لاجين وقويت البرجية
وقام بأمرهم الأمير بيبرس الجاشنكير "
                    HPOS="543"
                    VPOS="468"
                    WIDTH="1362"
                    HEIGHT="90"
                    ></String>
          </TextLine>
          <TextLine ID="eSc_line_2ee4e815"
                    TAGREFS="LT1"
                    BASELINE="546 585 1004 591 1911 571" 
                    HPOS="541"
                    VPOS="548"
                    WIDTH="1367"
                    HEIGHT="96">
            <Shape><Polygon POINTS="543 584 543 641 833 644 893 626 974 641 1032 624 1193 639 1326 621 1482 634 1908 611 1908 568 1858 561 1634 551 1603 566 1586 548 1528 548 1485 568 1412 551 1379 568 1256 571 1193 553 1070 556 1037 573 871 558 823 579 777 563 762 579 541 579 543 584"/></Shape>
            <String CONTENT="واشترك هو والأمير سلار في تدبير أمور
الدولة زاحمهما برلغي في الأمر "
                    HPOS="541"
                    VPOS="548"
                    WIDTH="1367"
                    HEIGHT="96"
                    ></String>
          </TextLine>
          <TextLine ID="eSc_line_4d5d63c3"
                    TAGREFS="LT1"
                    BASELINE="546 698 606 687 1905 662" 
                    HPOS="543"
                    VPOS="641"
                    WIDTH="1360"
                    HEIGHT="94">
            <Shape><Polygon POINTS="545 653 543 735 767 717 1029 727 1077 707 1163 725 1304 722 1357 702 1503 717 1561 697 1707 694 1727 712 1815 692 1903 699 1903 659 1722 644 1258 641"/></Shape>
            <String CONTENT="والنهي وقويت شوكته باجتماع المماليك
الأشرفية عليه وتزوج "
                    HPOS="543"
                    VPOS="641"
                    WIDTH="1360"
                    HEIGHT="94"
                    ></String>
          </TextLine>
          <TextLine ID="eSc_line_31b61faf"
                    TAGREFS="LT1"
                    BASELINE="546 778 1905 747" 
                    HPOS="541"
                    VPOS="735"
                    WIDTH="1362"
                    HEIGHT="85">
            <Shape><Polygon POINTS="543 777 543 820 1276 815 1306 798 1384 810 1485 790 1588 808 1631 787 1754 803 1785 785 1812 798 1903 780 1903 745 1900 742 1379 735 1331 757 1289 740 1256 760 1233 740 1168 740 1022 762 1007 747 931 767 803 752 770 770 541 772 543 777"/></Shape>
            <String CONTENT="بابنة الأمير بيبرس فتضاعفت حرمته إلى أن كانت وقعة
شقحب ظاهر "
                    HPOS="541"
                    VPOS="735"
                    WIDTH="1362"
                    HEIGHT="85"
                    ></String>
          </TextLine>
          <TextLine ID="eSc_line_979f56d7"
                    TAGREFS="LT1"
                    BASELINE="558 866 1898 850" 
                    HPOS="558"
                    VPOS="833"
                    WIDTH="1340"
                    HEIGHT="88">
            <Shape><Polygon POINTS="558 906 727 898 762 921 936 921 1075 898 1110 916 1226 918 1367 916 1379 901 1437 916 1475 893 1538 913 1674 886 1895 886 1898 850 1895 845 1623 833 1586 850 1477 835 1347 853 1271 833 1206 855 1163 835 1002 835 961 858 936 840 916 853 848 838 775 860 732 845 715 860 558 860 558 866 558 906"/></Shape>
            <String CONTENT="دمشق مع التتار ف انهزم هزيمة قبيحة
 فلما انتصر المسلمون وقدم السلطان "
                    HPOS="558"
                    VPOS="833"
                    WIDTH="1340"
                    HEIGHT="88"
                    ></String>
          </TextLine>
          <TextLine ID="eSc_line_289fd5b6"
                    TAGREFS="LT1"
                    BASELINE="596 970 1065 959 1905 939" 
                    HPOS="594"
                    VPOS="913"
                    WIDTH="1309"
                    HEIGHT="104">
            <Shape><Polygon POINTS="594 999 810 994 898 1017 1198 991 1291 1007 1414 989 1485 1001 1508 984 1530 999 1661 996 1719 971 1795 991 1903 969 1903 936 1815 928 1543 913 1467 936 1440 913 1331 933 1306 916 1248 939 1221 918 1173 944 1082 923 1012 923 992 941 898 926 639 956 594 969 594 999"/></Shape>
            <String CONTENT="دمشق عاد برلغي فمنعه السلطان أن يدخل
إليه وقال
 بأي وجه تد"
                    HPOS="594"
                    VPOS="913"
                    WIDTH="1309"
                    HEIGHT="104"
                    ></String>
          </TextLine>
          <TextLine ID="eSc_line_2cac5868"
                    BASELINE="555 957 657 923" 
                    HPOS="553"
                    VPOS="916"
                    WIDTH="104"
                    HEIGHT="55">
            <Shape><Polygon POINTS="558 971 657 936 654 921 652 916 553 951 553 956 558 971"/></Shape>
            <String CONTENT="خل "
                    HPOS="553"
                    VPOS="916"
                    WIDTH="104"
                    HEIGHT="55"
                    ></String>
          </TextLine>
          <TextLine ID="eSc_line_edaf9983"
                    TAGREFS="LT1"
                    BASELINE="563 1054 1908 1042" 
                    HPOS="563"
                    VPOS="1012"
                    WIDTH="1345"
                    HEIGHT="90">
            <Shape><Polygon POINTS="563 1102 604 1085 956 1102 1004 1082 1070 1097 1100 1080 1198 1100 1905 1080 1908 1042 1888 1034 1742 1034 1717 1012 1679 1034 1636 1022 1601 1037 1533 1017 1465 1029 1367 1014 1256 1017 1233 1039 1135 1019 1100 1034 1082 1019 949 1019 621 1044 563 1054 563 1102"/></Shape>
            <String CONTENT="إلي أو تنظر في وجهي
 فلم يزل الأمراء به حتى عفا عنه وأنعم عليه
 بعد قدو"
                    HPOS="563"
                    VPOS="1012"
                    WIDTH="1345"
                    HEIGHT="90"
                    ></String>
          </TextLine>
          <TextLine ID="eSc_line_4b9bbc04"
                    BASELINE="579 1013 637 1011" 
                    HPOS="576"
                    VPOS="994"
                    WIDTH="58"
                    HEIGHT="38">
            <Shape><Polygon POINTS="576 1032 634 1019 634 1009 629 999 591 994 576 1012 576 1032"/></Shape>
            <String CONTENT="مه "
                    HPOS="576"
                    VPOS="994"
                    WIDTH="58"
                    HEIGHT="38"
                    ></String>
          </TextLine>
          <TextLine ID="eSc_line_b3818606"
                    TAGREFS="LT1"
                    BASELINE="553 1137 1913 1130" 
                    HPOS="553"
                    VPOS="1102"
                    WIDTH="1360"
                    HEIGHT="88">
            <Shape><Polygon POINTS="553 1173 614 1190 727 1170 1455 1188 1563 1170 1644 1185 1669 1165 1822 1185 1911 1165 1913 1130 1908 1125 1777 1125 1742 1102 1679 1120 1629 1102 1608 1117 1573 1105 1553 1125 1095 1105 1065 1127 810 1107 767 1130 654 1130 614 1112 558 1130 553 1137 553 1173"/></Shape>
            <String CONTENT="إلى مصر بثلاثين ألف درهم
 وسار بالركب إلى الحج في سنة اثنتين وسبعما"
                    HPOS="553"
                    VPOS="1102"
                    WIDTH="1360"
                    HEIGHT="88"
                    ></String>
          </TextLine>
          <TextLine ID="eSc_line_aef912c7"
                    BASELINE="553 1091 621 1088" 
                    HPOS="551"
                    VPOS="1069"
                    WIDTH="68"
                    HEIGHT="36">
            <Shape><Polygon POINTS="551 1105 619 1102 619 1087 614 1082 576 1069 551 1090 551 1105"/></Shape>
            <String CONTENT="ئة "
                    HPOS="551"
                    VPOS="1069"
                    WIDTH="68"
                    HEIGHT="36"
                    ></String>
          </TextLine>
          <TextLine ID="eSc_line_4460591f"
                    TAGREFS="LT1"
                    BASELINE="553 1215 1911 1220" 
                    HPOS="551"
                    VPOS="1190"
                    WIDTH="1360"
                    HEIGHT="81">
            <Shape><Polygon POINTS="553 1215 551 1248 659 1251 692 1268 737 1251 795 1251 815 1268 898 1251 924 1268 1216 1253 1253 1271 1274 1253 1344 1271 1508 1253 1571 1271 1717 1256 1777 1271 1800 1253 1908 1253 1911 1220 1908 1215 1656 1200 1568 1215 1538 1193 1515 1210 1490 1193 1452 1210 1364 1193 1218 1205 1198 1190 1065 1210 1042 1190 964 1190 926 1213 553 1210 553 1215"/></Shape>
            <String CONTENT="وأبطل من الحرم الأذان ب
«حي على خير العمل» ومنع الزيدية من الإمامة في "
                    HPOS="551"
                    VPOS="1190"
                    WIDTH="1360"
                    HEIGHT="81"
                    ></String>
          </TextLine>
          <TextLine ID="eSc_line_3c4150a0"
                    TAGREFS="LT1"
                    BASELINE="556 1311 1916 1299" 
                    HPOS="556"
                    VPOS="1273"
                    WIDTH="1360"
                    HEIGHT="86">
            <Shape><Polygon POINTS="556 1346 679 1341 720 1359 840 1339 866 1356 986 1356 1037 1339 1085 1356 1221 1336 1349 1354 1513 1351 1533 1336 1548 1351 1641 1351 1671 1331 1777 1349 1916 1329 1916 1299 1911 1293 1601 1296 1571 1273 1382 1273 1359 1299 1263 1283 1180 1299 1155 1281 984 1301 959 1278 825 1278 757 1299 727 1283 710 1299 574 1304 556 1311 556 1346"/></Shape>
            <String CONTENT="الصلاة بالحرم وعاد
إلى القاهرة
 فلما تسلطن بيبرس الجاشنكير وتلقب "
                    HPOS="556"
                    VPOS="1273"
                    WIDTH="1360"
                    HEIGHT="86"
                    ></String>
          </TextLine>
          <TextLine ID="eSc_line_aae60cc5"
                    TAGREFS="LT1"
                    BASELINE="553 1399 1913 1392" 
                    HPOS="553"
                    VPOS="1367"
                    WIDTH="1360"
                    HEIGHT="78">
            <Shape><Polygon POINTS="553 1432 644 1422 679 1440 747 1422 788 1445 921 1445 966 1422 1002 1445 1200 1419 1233 1440 1339 1422 1457 1442 1596 1417 1623 1440 1674 1422 1790 1440 1911 1417 1913 1392 1908 1387 1767 1387 1696 1367 1666 1387 1608 1372 1550 1387 1475 1367 1455 1387 1417 1369 1286 1369 1263 1389 1200 1372 1180 1389 1127 1374 1090 1389 1037 1369 999 1389 981 1372 906 1389 866 1372 815 1392 591 1392 553 1399 553 1432"/></Shape>
            <String CONTENT="بالملك المظفر في شوال سنة ثمان
وسبعمائة أنعم عليه بإقطاعه "
                    HPOS="553"
                    VPOS="1367"
                    WIDTH="1360"
                    HEIGHT="78"
                    ></String>
          </TextLine>
          <TextLine ID="eSc_line_a2bac0bd"
                    TAGREFS="LT1"
                    BASELINE="556 1492 1916 1465" 
                    HPOS="556"
                    VPOS="1450"
                    WIDTH="1360"
                    HEIGHT="93">
            <Shape><Polygon POINTS="556 1543 654 1538 679 1518 712 1538 793 1538 881 1515 926 1535 1173 1507 1258 1507 1296 1528 1347 1510 1397 1525 1462 1505 1759 1497 1790 1515 1913 1495 1916 1465 1913 1460 1724 1452 1649 1467 1593 1450 1538 1470 1447 1452 1399 1470 1296 1455 1216 1475 1085 1460 1044 1480 976 1462 959 1480 926 1462 851 1482 798 1470 556 1487 556 1492 556 1543"/></Shape>
            <String CONTENT="قبل سلطنته فإنه كان تزوج بابنته وجهزها
بيبرس بجهاز عظيم "
                    HPOS="556"
                    VPOS="1450"
                    WIDTH="1360"
                    HEIGHT="93"
                    ></String>
          </TextLine>
          <TextLine ID="eSc_line_3b7fa6d8"
                    TAGREFS="LT1"
                    BASELINE="548 1588 1883 1553" 
                    HPOS="548"
                    VPOS="1518"
                    WIDTH="1335"
                    HEIGHT="120">
            <Shape><Polygon POINTS="548 1626 642 1638 755 1616 833 1633 949 1613 1009 1628 1042 1608 1180 1623 1263 1603 1404 1618 1548 1613 1598 1593 1674 1593 1691 1611 1883 1588 1883 1553 1868 1540 1775 1518 1719 1540 1699 1520 1586 1525 1550 1548 1513 1525 1402 1528 1354 1553 1301 1530 1281 1550 1223 1540 1175 1558 1127 1535 1105 1560 1047 1538 687 1570 548 1588 548 1626"/></Shape>
            <String CONTENT="جدا وأنعم بإقطاع برلغي على بدخاص وبإقطاع بدخاص على
الأمير جمال "
                    HPOS="548"
                    VPOS="1518"
                    WIDTH="1335"
                    HEIGHT="120"
                    ></String>
          </TextLine>
          <TextLine ID="eSc_line_b4247772"
                    TAGREFS="LT1"
                    BASELINE="561 1674 1913 1651" 
                    HPOS="561"
                    VPOS="1633"
                    WIDTH="1352"
                    HEIGHT="96">
            <Shape><Polygon POINTS="561 1709 667 1729 835 1711 924 1721 951 1701 1012 1699 1090 1721 1173 1699 1188 1714 1213 1701 1281 1719 1311 1704 1447 1716 1465 1696 1513 1714 1550 1691 1689 1709 1719 1689 1913 1684 1913 1651 1911 1646 1603 1653 1576 1633 1460 1633 853 1666 752 1666 722 1646 667 1669 561 1669 561 1674 561 1709"/></Shape>
            <String CONTENT="الدين آقوش الأشرفي نائب الكرك
 فلما أهلت ستة تسع وسبعمائة "
                    HPOS="561"
                    VPOS="1633"
                    WIDTH="1352"
                    HEIGHT="96"
                    ></String>
          </TextLine>
          <TextLine ID="eSc_line_7a7775e5"
                    TAGREFS="LT1"
                    BASELINE="561 1772 1918 1749" 
                    HPOS="561"
                    VPOS="1721"
                    WIDTH="1357"
                    HEIGHT="101">
            <Shape><Polygon POINTS="561 1822 621 1800 669 1820 765 1797 861 1817 992 1815 1012 1800 1211 1810 1248 1789 1311 1810 1344 1787 1465 1784 1500 1800 1744 1782 1878 1800 1916 1782 1918 1749 1873 1742 1681 1744 1596 1727 1543 1747 1520 1724 1465 1721 1276 1727 1246 1752 1183 1727 1130 1752 1085 1729 1059 1754 984 1734 964 1749 944 1732 878 1757 853 1734 712 1734 586 1762 561 1772 561 1822"/></Shape>
            <String CONTENT="زفت ابنة السلطان الملك المظفر على برلغي
 وعمل مهم عظيم خلع فيه على جميع "
                    HPOS="561"
                    VPOS="1721"
                    WIDTH="1357"
                    HEIGHT="101"
                    ></String>
          </TextLine>
          <TextLine ID="eSc_line_a8e8be9f"
                    TAGREFS="LT1"
                    BASELINE="558 1875 1916 1840" 
                    HPOS="558"
                    VPOS="1805"
                    WIDTH="1358"
                    HEIGHT="115">
            <Shape><Polygon POINTS="558 1920 704 1920 798 1898 845 1918 896 1895 976 1913 1211 1890 1409 1903 1432 1880 1581 1898 1626 1875 1815 1893 1916 1867 1916 1840 1905 1835 1714 1805 1520 1810 1467 1842 1407 1817 1374 1847 1314 1850 1276 1817 1241 1817 1195 1850 1133 1820 1080 1855 1002 1830 840 1845 823 1862 785 1850 586 1867 558 1875 558 1920"/></Shape>
            <String CONTENT="الأمراء وأرباب الوظائف
 فلم يتهن أ بذلك وبعده ب قليل تحرك الملك الناصر "
                    HPOS="558"
                    VPOS="1805"
                    WIDTH="1358"
                    HEIGHT="115"
                    ></String>
          </TextLine>
          <TextLine ID="eSc_line_cd132ea8"
                    TAGREFS="LT1"
                    BASELINE="563 1956 1908 1938" 
                    HPOS="563"
                    VPOS="1918"
                    WIDTH="1345"
                    HEIGHT="90">
            <Shape><Polygon POINTS="563 1998 757 1988 783 2006 845 1991 863 2008 946 2008 1024 1988 1329 2003 1475 1986 1500 2001 1591 1978 1908 1981 1908 1938 1903 1933 1608 1935 1543 1918 1435 1938 1414 1918 1352 1918 1304 1940 1268 1920 1193 1935 1138 1920 1090 1940 1019 1923 941 1946 830 1933 594 1948 563 1956 563 1998"/></Shape>
            <String CONTENT="من الكرك لأخذ
السلطنة فخرج برلغي على العسكر يريد محاربته ونزل "
                    HPOS="563"
                    VPOS="1918"
                    WIDTH="1345"
                    HEIGHT="90"
                    ></String>
          </TextLine>
          <TextLine ID="eSc_line_4885eea7"
                    TAGREFS="LT1"
                    BASELINE="546 2049 1905 2026" 
                    HPOS="546"
                    VPOS="1991"
                    WIDTH="1359"
                    HEIGHT="108">
            <Shape><Polygon POINTS="546 2099 616 2076 707 2089 803 2074 845 2097 966 2076 1007 2089 1039 2071 1065 2092 1153 2076 1246 2089 1286 2071 1347 2087 1404 2066 1450 2087 1903 2056 1905 2026 1898 2014 1865 1991 1790 1991 1724 2019 1676 1993 1508 1996 1485 2019 1445 1996 1399 2024 1372 1998 1213 2021 1150 2001 1127 2021 1052 2003 949 2031 642 2036 546 2049 546 2099"/></Shape>
            <String CONTENT="العباسة طرف الرمل
فخامر العسكر ولحق بالناصر شيئا بعد شيء حتى لم "
                    HPOS="546"
                    VPOS="1991"
                    WIDTH="1359"
                    HEIGHT="108"
                    ></String>
          </TextLine>
          <TextLine ID="eSc_line_2efa51de"
                    TAGREFS="LT1"
                    BASELINE="561 2124 1905 2104" 
                    HPOS="561"
                    VPOS="2089"
                    WIDTH="1344"
                    HEIGHT="86">
            <Shape><Polygon POINTS="657 2154 720 2175 788 2160 866 2175 886 2154 916 2172 1374 2167 1558 2142 1586 2154 1905 2134 1905 2104 1900 2099 1513 2089 1475 2104 1447 2089 1276 2107 1231 2092 596 2117 561 2124 561 2157"/></Shape>
            <String CONTENT="يبق عنده الجند فسار هو
والأمير آقوش نائب الكرك ولحقا "
                    HPOS="561"
                    VPOS="2089"
                    WIDTH="1344"
                    HEIGHT="86"
                    ></String>
          </TextLine>
          <TextLine ID="eSc_line_8ae5d99d"
                    TAGREFS="LT1"
                    BASELINE="553 2207 1231 2207 1908 2182" 
                    HPOS="553"
                    VPOS="2160"
                    WIDTH="1355"
                    HEIGHT="110">
            <Shape><Polygon POINTS="553 2245 634 2270 717 2245 959 2265 1002 2240 1049 2263 1200 2260 1263 2238 1286 2258 1364 2258 1457 2230 1500 2253 1555 2227 1659 2240 1684 2225 1908 2217 1908 2182 1900 2177 1634 2160 1420 2165 1352 2187 1314 2170 1216 2190 1014 2172 934 2195 886 2177 586 2200 553 2207 553 2245"/></Shape>
            <String CONTENT="بالناصر بعد ما وصل إلى برلغي من المظفر في
هذه الحركة زيادة على أربعين ألف "
                    HPOS="553"
                    VPOS="2160"
                    WIDTH="1355"
                    HEIGHT="110"
                    ></String>
          </TextLine>
          <TextLine ID="eSc_line_8455b2c1"
                    TAGREFS="LT1"
                    BASELINE="566 2308 1329 2298 1581 2278 1900 2268" 
                    HPOS="565"
                    VPOS="2248"
                    WIDTH="1335"
                    HEIGHT="110">
            <Shape><Polygon POINTS="566 2308 566 2338 684 2338 710 2358 798 2358 891 2331 939 2353 1160 2336 1271 2348 1629 2313 1707 2338 1747 2313 1900 2308 1900 2268 1858 2263 1629 2265 1538 2248 1488 2270 1457 2258 565 2270"/></Shape>
            <String CONTENT="دينار مصرية
 فلقي الناصر بغزة وقدم معه إلى مصر في شوال فلم يمهله إلا "
                    HPOS="565"
                    VPOS="2248"
                    WIDTH="1335"
                    HEIGHT="110"
                    ></String>
          </TextLine>
          <TextLine ID="eSc_line_479f786f"
                    TAGREFS="LT1"
                    BASELINE="571 2399 1352 2386 1898 2358" 
                    HPOS="571"
                    VPOS="2348"
                    WIDTH="1327"
                    HEIGHT="106">
            <Shape><Polygon POINTS="571 2434 697 2429 752 2454 845 2436 971 2447 994 2431 1321 2436 1352 2414 1394 2436 1523 2404 1583 2424 1671 2399 1898 2394 1898 2358 1895 2353 1596 2348 1540 2371 1409 2353 1377 2374 1331 2356 1299 2376 1115 2384 1027 2363 961 2386 843 2368 813 2391 780 2374 757 2391 574 2394 571 2399 571 2434"/></Shape>
            <String CONTENT="قليلا وقبض
عليه في ذي الحجة منها وقبض معه على الأمير علاء الدين مغلطاي "
                    HPOS="571"
                    VPOS="2348"
                    WIDTH="1327"
                    HEIGHT="106"
                    ></String>
          </TextLine>
          <TextLine ID="eSc_line_658e7a86"
                    TAGREFS="LT1"
                    BASELINE="563 2474 1178 2474 1898 2449" 
                    HPOS="561"
                    VPOS="2429"
                    WIDTH="1337"
                    HEIGHT="111">
            <Shape><Polygon POINTS="563 2474 563 2509 596 2507 652 2540 735 2522 755 2537 777 2517 861 2535 1034 2532 1158 2507 1276 2527 1316 2502 1427 2509 1467 2489 1508 2520 1548 2522 1621 2499 1636 2512 1654 2492 1895 2482 1898 2449 1895 2444 1553 2429 1467 2431 1409 2457 1233 2436 1178 2462 1122 2459 1087 2439 1029 2464 966 2449 929 2467 853 2452 561 2469 563 2474"/></Shape>
            <String CONTENT="القازاني
وكان قد توجه معه إلى السلطان من مصر
 فلما قدم الأمير مهنا "
                    HPOS="561"
                    VPOS="2429"
                    WIDTH="1337"
                    HEIGHT="111"
                    ></String>
          </TextLine>
          <TextLine ID="eSc_line_f0195980"
                    TAGREFS="LT1"
                    BASELINE="558 2570 1895 2535" 
                    HPOS="558"
                    VPOS="2514"
                    WIDTH="1337"
                    HEIGHT="106">
            <Shape><Polygon POINTS="558 2620 654 2600 747 2620 823 2603 883 2615 903 2598 959 2613 1286 2605 1324 2582 1352 2603 1455 2585 1513 2600 1555 2577 1820 2570 1843 2587 1895 2567 1895 2535 1888 2527 1772 2532 1699 2514 1681 2535 1603 2522 1535 2537 1520 2522 1409 2522 1296 2545 1150 2530 1120 2550 891 2537 586 2562 558 2570 558 2620"/></Shape>
            <String CONTENT="في سنة عشر وسبعمائة إلى مصر حدث السلطان في
الإفراج عنه فلم "
                    HPOS="558"
                    VPOS="2514"
                    WIDTH="1337"
                    HEIGHT="106"
                    ></String>
          </TextLine>
          <TextLine ID="eSc_line_ed7c7d6f"
                    TAGREFS="LT1"
                    BASELINE="569 2655 1223 2650 1875 2618" 
                    HPOS="566"
                    VPOS="2610"
                    WIDTH="1309"
                    HEIGHT="111">
            <Shape><Polygon POINTS="569 2655 569 2693 606 2693 654 2721 672 2701 742 2718 833 2686 908 2711 992 2711 1150 2706 1180 2681 1266 2703 1331 2678 1452 2696 1490 2678 1530 2693 1571 2666 1669 2668 1689 2688 1744 2660 1875 2668 1875 2618 1873 2620 1525 2610 1503 2630 1349 2620 1316 2635 1289 2618 1261 2638 1130 2640 1090 2623 997 2645 858 2630 737 2653 566 2653 569 2655"/></Shape>
            <String CONTENT="يجبه وألح مهنا إلى أن وعده بتخلية سبيله بعد شهر
وأجرى له راتبا "
                    HPOS="566"
                    VPOS="2610"
                    WIDTH="1309"
                    HEIGHT="111"
                    ></String>
          </TextLine>
        </TextBlock>
        <TextBlock HPOS="1550"
                   VPOS="86"
                   WIDTH="96"
                   HEIGHT="223"
                   ID="eSc_textblock_e87291e9"
                   TAGREFS="BT1063">
          <Shape><Polygon POINTS="1550 86 1550 309 1646 309 1646 86"/></Shape>
          <TextLine ID="eSc_line_3fb8a619"
                    TAGREFS="LT220"
                    BASELINE="1616 104 1619 308" 
                    HPOS="1558"
                    VPOS="103"
                    WIDTH="78"
                    HEIGHT="204">
            <Shape><Polygon POINTS="1558 103 1586 304 1618 307 1623 304 1636 208 1618 103 1613 103 1558 103"/></Shape>
            <String CONTENT="سر فى الا"
                    HPOS="1558"
                    VPOS="103"
                    WIDTH="78"
                    HEIGHT="204"
                    ></String>
          </TextLine>
        </TextBlock>
        <TextBlock HPOS="181"
                   VPOS="221"
                   WIDTH="578"
                   HEIGHT="655"
                   ID="eSc_textblock_98557fa1"
                   TAGREFS="BT1063">
          <Shape><Polygon POINTS="410 843 271 853 201 813 181 674 226 221 727 250 759 295 558 375 550 876 455 876"/></Shape>
          <TextLine ID="eSc_line_e32a82e5"
                    TAGREFS="LT1"
                    BASELINE="239 281 717 307" 
                    HPOS="236"
                    VPOS="259"
                    WIDTH="481"
                    HEIGHT="80">
            <Shape><Polygon POINTS="465 261 440 261 415 264 390 264 365 264 339 266 314 266 289 266 271 266 239 281 236 302 337 327 407 314 574 339 715 327 717 307 679 259 475 259 465 261"/></Shape>
            <String CONTENT="قلاوون
 كان أولا مملوكا لل"
                    HPOS="236"
                    VPOS="259"
                    WIDTH="481"
                    HEIGHT="80"
                    ></String>
          </TextLine>
          <TextLine ID="eSc_line_263c105f"
                    BASELINE="217 277 294 243" 
                    HPOS="208"
                    VPOS="226"
                    WIDTH="84"
                    HEIGHT="63">
            <Shape><Polygon POINTS="244 276 292 244 292 241 281 226 208 256 216 276 221 289"/></Shape>
            <String CONTENT="أمير "
                    HPOS="208"
                    VPOS="226"
                    WIDTH="84"
                    HEIGHT="63"
                    ></String>
          </TextLine>
          <TextLine ID="eSc_line_64d82161"
                    TAGREFS="LT1"
                    BASELINE="288 382 530 370" 
                    HPOS="287"
                    VPOS="344"
                    WIDTH="241"
                    HEIGHT="58">
            <Shape><Polygon POINTS="287 402 528 402 528 367 521 362 377 344 294 372 287 380 287 402"/></Shape>
            <String CONTENT="حسام الدين "
                    HPOS="287"
                    VPOS="344"
                    WIDTH="241"
                    HEIGHT="58"
                    ></String>
          </TextLine>
          <TextLine ID="eSc_line_37140316"
                    TAGREFS="LT1"
                    BASELINE="229 346 346 351" 
                    HPOS="224"
                    VPOS="322"
                    WIDTH="120"
                    HEIGHT="48">
            <Shape><Polygon POINTS="226 344 224 370 342 362 344 349 342 344 317 322 226 337 226 344"/></Shape>
            <String CONTENT="مهنا "
                    HPOS="224"
                    VPOS="322"
                    WIDTH="120"
                    HEIGHT="48"
                    ></String>
          </TextLine>
          <TextLine ID="eSc_line_3a41ae57"
                    TAGREFS="LT1"
                    BASELINE="218 393 273 402" 
                    HPOS="211"
                    VPOS="377"
                    WIDTH="60"
                    HEIGHT="35">
            <Shape><Polygon POINTS="211 410 269 412 271 400 271 387 231 377 216 392 211 410"/></Shape>
            <String CONTENT="فى"
                    HPOS="211"
                    VPOS="377"
                    WIDTH="60"
                    HEIGHT="35"
                    ></String>
          </TextLine>
          <TextLine ID="eSc_line_8487979f"
                    TAGREFS="LT1"
                    BASELINE="206 442 533 447" 
                    HPOS="201"
                    VPOS="415"
                    WIDTH="330"
                    HEIGHT="58">
            <Shape><Polygon POINTS="201 465 528 473 531 445 531 438 465 417 367 435 329 415 208 433 203 440 201 465"/></Shape>
            <String CONTENT="أمير العرب أسره في "
                    HPOS="201"
                    VPOS="415"
                    WIDTH="330"
                    HEIGHT="58"
                    ></String>
          </TextLine>
          <TextLine ID="eSc_line_8aa61da2"
                    TAGREFS="LT1"
                    BASELINE="219 516 537 521" 
                    HPOS="214"
                    VPOS="475"
                    WIDTH="322"
                    HEIGHT="78">
            <Shape><Polygon POINTS="214 546 266 533 395 553 533 541 536 518 503 506 435 506 367 475 317 490 264 475 224 503 216 513 214 546"/></Shape>
            <String CONTENT="بعض غاراته
على "
                    HPOS="214"
                    VPOS="475"
                    WIDTH="322"
                    HEIGHT="78"
                    ></String>
          </TextLine>
          <TextLine ID="eSc_line_777ef001"
                    TAGREFS="LT1"
                    BASELINE="219 581 531 585" 
                    HPOS="214"
                    VPOS="508"
                    WIDTH="314"
                    HEIGHT="101">
            <Shape><Polygon POINTS="214 609 526 601 528 584 518 508 450 508 375 551 256 563 216 579 214 609"/></Shape>
            <String CONTENT="التتار ووبعث به الى"
                    HPOS="214"
                    VPOS="508"
                    WIDTH="314"
                    HEIGHT="101"
                    ></String>
          </TextLine>
          <TextLine ID="eSc_line_cda16e39"
                    TAGREFS="LT1"
                    BASELINE="201 636 529 653" 
                    HPOS="196"
                    VPOS="561"
                    WIDTH="335"
                    HEIGHT="128">
            <Shape><Polygon POINTS="528 584 503 584 478 584 453 584 428 584 410 584 362 629 287 601 208 619 198 634 196 664 488 689 526 677 528 652 531 563 528 561 528 584"/></Shape>
            <String CONTENT="الملك المظفر ركن "
                    HPOS="196"
                    VPOS="561"
                    WIDTH="335"
                    HEIGHT="128"
                    ></String>
          </TextLine>
          <TextLine ID="eSc_line_cf7e095d"
                    TAGREFS="LT1"
                    BASELINE="198 712 493 707 531 700" 
                    HPOS="196"
                    VPOS="679"
                    WIDTH="332"
                    HEIGHT="68">
            <Shape><Polygon POINTS="196 747 526 747 528 699 516 689 324 679 312 694 221 694 196 709 196 747"/></Shape>
            <String CONTENT="فاعطاه لوليه الملك"
                    HPOS="196"
                    VPOS="679"
                    WIDTH="332"
                    HEIGHT="68"
                    ></String>
          </TextLine>
          <TextLine ID="eSc_line_a14f5f3a"
                    TAGREFS="LT1"
                    BASELINE="221 785 531 778" 
                    HPOS="219"
                    VPOS="762"
                    WIDTH="309"
                    HEIGHT="101">
            <Shape><Polygon POINTS="219 863 269 850 528 858 528 777 526 772 370 762 219 777 219 782 219 863"/></Shape>
            <String CONTENT="الاشرف خليل حتى"
                    HPOS="219"
                    VPOS="762"
                    WIDTH="309"
                    HEIGHT="101"
                    ></String>
          </TextLine>
        </TextBlock>
      </PrintSpace>
    </Page>
  </Layout>
</alto>
