<?xml version="1.0" encoding="UTF-8"?>
<alto xmlns:xsi="http://www.w3.org/2001/XMLSchema-instance"
      xmlns="http://www.loc.gov/standards/alto/ns-v4#"
      xsi:schemaLocation="http://www.loc.gov/standards/alto/ns-v4# http://www.loc.gov/standards/alto/v4/alto-4-2.xsd">
  <Description>
    <MeasurementUnit>pixel</MeasurementUnit>
    <sourceImageInformation>
      <fileName>Muqaffa-or14533-3.pdf_page_76.png</fileName>
      <fileIdentifier>pdf//Muqaffa-or14533-3.pdf</fileIdentifier>
    </sourceImageInformation>
  </Description>
  <Tags>
    <OtherTag ID="BT1094" LABEL="text" DESCRIPTION="block type text"/><OtherTag ID="BT1066" LABEL="Chancery_Material" DESCRIPTION="block type Chancery_Material"/><OtherTag ID="BT1065" LABEL="Flyleaf" DESCRIPTION="block type Flyleaf"/><OtherTag ID="BT1064" LABEL="default" DESCRIPTION="block type default"/><OtherTag ID="BT1063" LABEL="Marginal_Material" DESCRIPTION="block type Marginal_Material"/><OtherTag ID="BT1062" LABEL="Catchword" DESCRIPTION="block type Catchword"/><OtherTag ID="BT4" LABEL="Illustration" DESCRIPTION="block type Illustration"/><OtherTag ID="BT3" LABEL="Commentary" DESCRIPTION="block type Commentary"/><OtherTag ID="BT2" LABEL="Main" DESCRIPTION="block type Main"/><OtherTag ID="BT1" LABEL="Title" DESCRIPTION="block type Title"/>
    <OtherTag ID="LT1" LABEL="Main" DESCRIPTION="line type Main"/><OtherTag ID="LT219" LABEL="default" DESCRIPTION="line type default"/><OtherTag ID="LT220" LABEL="Main-90" DESCRIPTION="line type Main-90"/><OtherTag ID="LT221" LABEL="Main-180" DESCRIPTION="line type Main-180"/><OtherTag ID="LT222" LABEL="Main-270" DESCRIPTION="line type Main-270"/>
  </Tags>
  <Layout>
    <Page WIDTH="3992"
          HEIGHT="3021"
          PHYSICAL_IMG_NR="272"
          ID="eSc_dummypage_">
      <PrintSpace HPOS="0"
                  VPOS="0"
                  WIDTH="3992"
                  HEIGHT="3021">
        <TextBlock HPOS="2082"
                   VPOS="251"
                   WIDTH="1436"
                   HEIGHT="1931"
                   ID="eSc_textblock_af315184"
                   TAGREFS="BT2">
          <Shape><Polygon POINTS="3518 292 3508 1346 3507 1447 3508 1480 3498 2172 2395 2182 2082 2172 2133 1769 2112 587 2082 322 2178 251"/></Shape>
          <TextLine ID="eSc_line_68cf8db1"
                    TAGREFS="LT1"
                    BASELINE="2140 360 3495 342" 
                    HPOS="2138"
                    VPOS="281"
                    WIDTH="1357"
                    HEIGHT="124">
            <Shape><Polygon POINTS="3473 289 3447 289 3435 286 3196 304 3138 284 3077 314 2896 317 2742 292 2679 304 2649 286 2606 302 2581 281 2138 281 2140 360 2140 390 2332 405 2483 390 2513 402 2536 382 2586 400 2657 382 2687 400 2795 380 2858 392 3027 377 3090 395 3128 375 3216 392 3249 377 3390 372 3417 390 3493 372 3495 342 3493 289 3473 289"/></Shape>
            <String CONTENT="الراتسقد بعنها ابا يبسرس فاخرها منه وعار الى يكتن ووال له فد"
                    HPOS="2138"
                    VPOS="281"
                    WIDTH="1357"
                    HEIGHT="124"
                    ></String>
          </TextLine>
          <TextLine ID="eSc_line_6151791d"
                    TAGREFS="LT1"
                    BASELINE="2123 440 3495 425" 
                    HPOS="2123"
                    VPOS="400"
                    WIDTH="1372"
                    HEIGHT="88">
            <Shape><Polygon POINTS="2123 470 2344 488 2493 468 2576 485 2657 465 2697 483 2810 463 3019 480 3175 460 3246 478 3495 455 3495 425 3493 420 3347 422 3322 407 3291 422 3264 400 3165 425 2939 405 2906 425 2883 407 2805 405 2684 430 2538 433 2483 410 2422 430 2123 435 2123 440 2123 470"/></Shape>
            <String CONTENT="امع كلاما ما خنعم عنه همر وبعت اوم سسم سن طلفع ومل ارهب"
                    HPOS="2123"
                    VPOS="400"
                    WIDTH="1372"
                    HEIGHT="88"
                    ></String>
          </TextLine>
          <TextLine ID="eSc_line_49d5b8ea"
                    TAGREFS="LT1"
                    BASELINE="2132 525 2145 523 3488 523" 
                    HPOS="2130"
                    VPOS="495"
                    WIDTH="1355"
                    HEIGHT="76">
            <Shape><Polygon POINTS="2130 556 2249 556 2264 571 2710 571 2732 553 2775 571 2818 553 2886 571 2926 553 3115 553 3133 568 3259 553 3334 571 3483 558 3485 521 3483 516 3196 498 3163 516 3133 498 3052 516 3032 495 2911 516 2863 495 2712 495 2674 513 2654 495 2589 511 2470 495 2430 511 2412 498 2143 516 2130 523 2130 556"/></Shape>
            <String CONTENT="اليه واف ورككم بسا اعبد وعن مانى لم اقلا قلت ابلا مرخا وار"
                    HPOS="2130"
                    VPOS="495"
                    WIDTH="1355"
                    HEIGHT="76"
                    ></String>
          </TextLine>
          <TextLine ID="eSc_line_315f62e3"
                    TAGREFS="LT1"
                    BASELINE="2132 613 3500 604" 
                    HPOS="2130"
                    VPOS="576"
                    WIDTH="1368"
                    HEIGHT="86">
            <Shape><Polygon POINTS="2130 649 2198 644 2236 662 2375 644 2453 662 2473 644 2506 659 2614 659 2631 644 2649 659 2790 659 2886 639 2944 657 2964 639 3203 654 3251 636 3269 654 3319 654 3357 636 3495 636 3498 601 3493 596 3236 596 3206 581 3165 596 3085 576 3060 599 2999 599 2976 576 2843 594 2813 576 2767 596 2720 579 2694 601 2531 579 2465 604 2387 581 2153 601 2130 611 2130 649"/></Shape>
            <String CONTENT="انه مسوجة أليه وتحام وعلا عاكر وهو بفوال ما سوه  سبال ل حز"
                    HPOS="2130"
                    VPOS="576"
                    WIDTH="1368"
                    HEIGHT="86"
                    ></String>
          </TextLine>
          <TextLine ID="eSc_line_a4660f3d"
                    TAGREFS="LT1"
                    BASELINE="2132 708 3490 692" 
                    HPOS="2130"
                    VPOS="664"
                    WIDTH="1358"
                    HEIGHT="96">
            <Shape><Polygon POINTS="2130 745 2266 760 2359 740 2483 757 2579 737 2710 755 2788 735 2815 752 2903 752 2936 735 2994 750 3027 732 3140 745 3198 730 3291 747 3485 727 3488 689 3483 684 3241 687 3221 669 3072 664 3037 687 3012 664 2929 679 2727 667 2699 694 2669 669 2591 669 2546 689 2513 674 2478 697 2163 699 2130 707 2130 745"/></Shape>
            <String CONTENT="عليهم سبعت كلر وطلهوا وبوان الحوابح حاناه وفصد واضرهم"
                    HPOS="2130"
                    VPOS="664"
                    WIDTH="1358"
                    HEIGHT="96"
                    ></String>
          </TextLine>
          <TextLine ID="eSc_line_621241e0"
                    TAGREFS="LT1"
                    BASELINE="2132 785 3485 790" 
                    HPOS="2128"
                    VPOS="760"
                    WIDTH="1355"
                    HEIGHT="73">
            <Shape><Polygon POINTS="2128 833 3480 825 3483 787 3480 782 3256 782 3221 767 3206 782 3115 782 3085 767 3067 782 3034 762 2805 760 2770 780 2730 760 2541 780 2518 760 2453 760 2415 780 2133 780 2130 782 2128 833"/></Shape>
            <String CONTENT="مصرا مرصم لعب لم تدشووا ارم ما مع الواتب ممار لت سى اصعهن"
                    HPOS="2128"
                    VPOS="760"
                    WIDTH="1355"
                    HEIGHT="73"
                    ></String>
          </TextLine>
          <TextLine ID="eSc_line_b6c7997c"
                    TAGREFS="LT1"
                    BASELINE="2168 883 3485 878" 
                    HPOS="2168"
                    VPOS="853"
                    WIDTH="1317"
                    HEIGHT="78">
            <Shape><Polygon POINTS="2168 916 2667 931 2730 913 2793 931 2813 916 3007 928 3042 911 3160 913 3175 928 3390 911 3440 928 3483 911 3485 878 3480 873 3110 858 3085 873 3060 853 2921 868 2851 853 2823 871 2765 855 2742 876 2561 855 2208 876 2168 883 2168 916"/></Shape>
            <String CONTENT="ق لل ادير معر سف والام بعلا وما سرب له م لم بعرف سم"
                    HPOS="2168"
                    VPOS="853"
                    WIDTH="1317"
                    HEIGHT="78"
                    ></String>
          </TextLine>
          <TextLine ID="eSc_line_9ebb483a"
                    TAGREFS="LT1"
                    BASELINE="2143 966 3493 971" 
                    HPOS="2140"
                    VPOS="931"
                    WIDTH="1353"
                    HEIGHT="88">
            <Shape><Polygon POINTS="2140 994 2231 1017 2352 1017 2397 996 2425 1017 2752 1017 2793 996 2881 1019 3490 999 3493 971 3455 961 3233 961 3206 933 3055 933 2987 961 2856 933 2795 956 2767 931 2684 939 2662 959 2568 931 2478 949 2438 931 2352 959 2218 941 2153 959 2143 966 2140 994"/></Shape>
            <String CONTENT="وصله العصبة ا مبان وقم حجلنا من اير وطفع الاعبده مرهد"
                    HPOS="2140"
                    VPOS="931"
                    WIDTH="1353"
                    HEIGHT="88"
                    ></String>
          </TextLine>
          <TextLine ID="eSc_line_aa7ed042"
                    TAGREFS="LT1"
                    BASELINE="2140 1057 3493 1049" 
                    HPOS="2140"
                    VPOS="1017"
                    WIDTH="1353"
                    HEIGHT="90">
            <Shape><Polygon POINTS="2140 1090 2196 1107 2244 1087 2589 1107 2611 1087 2664 1105 2702 1085 2783 1105 2833 1085 3032 1105 3050 1087 3344 1102 3385 1082 3490 1082 3493 1049 3480 1042 3294 1042 3264 1017 3193 1017 3138 1042 3097 1017 3039 1022 3014 1044 2976 1019 2888 1019 2843 1039 2800 1019 2722 1034 2692 1019 2543 1047 2498 1029 2221 1047 2140 1057 2140 1090"/></Shape>
            <String CONTENT="ام خبن والتومت لهن انى اعرف الاير انهوا الرانب وصكف"
                    HPOS="2140"
                    VPOS="1017"
                    WIDTH="1353"
                    HEIGHT="90"
                    ></String>
          </TextLine>
          <TextLine ID="eSc_line_f6881d74"
                    TAGREFS="LT1"
                    BASELINE="2130 1142 3498 1147" 
                    HPOS="2128"
                    VPOS="1100"
                    WIDTH="1370"
                    HEIGHT="93">
            <Shape><Polygon POINTS="2128 1180 2405 1175 2422 1190 2470 1173 2516 1188 2707 1173 2727 1190 2820 1193 2853 1175 3153 1193 3208 1175 3238 1193 3342 1175 3359 1193 3450 1193 3495 1175 3498 1147 3460 1132 3379 1132 3352 1105 3284 1132 3249 1102 3105 1102 3077 1127 3045 1102 3009 1132 2964 1132 2929 1107 2886 1127 2813 1100 2717 1130 2619 1130 2581 1105 2490 1130 2387 1100 2249 1100 2150 1130 2130 1142 2128 1180"/></Shape>
            <String CONTENT="راب كنب اتفا وله وابر اكرا من عنبه فيتع هذا عن بكر واحجبه"
                    HPOS="2128"
                    VPOS="1100"
                    WIDTH="1370"
                    HEIGHT="93"
                    ></String>
          </TextLine>
          <TextLine ID="eSc_line_fe740df9"
                    TAGREFS="LT1"
                    BASELINE="2118 1218 3490 1228" 
                    HPOS="2115"
                    VPOS="1193"
                    WIDTH="1375"
                    HEIGHT="88">
            <Shape><Polygon POINTS="2118 1218 2115 1251 2148 1268 2213 1253 2249 1273 2427 1256 2468 1276 2488 1258 2576 1276 2642 1256 2702 1276 3148 1281 3243 1261 3488 1261 3490 1228 3488 1223 3412 1205 3387 1220 3357 1198 3153 1210 3135 1195 2974 1220 2946 1195 2853 1198 2808 1220 2614 1210 2586 1193 2561 1218 2440 1215 2415 1198 2324 1215 2118 1213 2118 1218"/></Shape>
            <String CONTENT="معه هما القول فل تكز بحر ملبات حممه حواصه الحا ابصبه واعرت"
                    HPOS="2115"
                    VPOS="1193"
                    WIDTH="1375"
                    HEIGHT="88"
                    ></String>
          </TextLine>
          <TextLine ID="eSc_line_21fc2ccb"
                    TAGREFS="LT1"
                    BASELINE="2136 1314 3493 1314" 
                    HPOS="2135"
                    VPOS="1283"
                    WIDTH="1355"
                    HEIGHT="81">
            <Shape><Polygon POINTS="2135 1356 2216 1364 2279 1346 2488 1364 2531 1346 2581 1364 2606 1346 2851 1346 2893 1364 3047 1349 3228 1364 3299 1346 3344 1364 3420 1346 3450 1364 3490 1346 3490 1311 3453 1304 3223 1304 3196 1286 3165 1304 3125 1288 3067 1304 3022 1283 2929 1304 2840 1283 2805 1304 2767 1283 2619 1283 2586 1304 2347 1283 2155 1304 2135 1311 2135 1356"/></Shape>
            <String CONTENT="بالكايب فلم لعحصبه ذكر وفالس ابال كرقنب انه كاف با"
                    HPOS="2135"
                    VPOS="1283"
                    WIDTH="1355"
                    HEIGHT="81"
                    ></String>
          </TextLine>
          <TextLine ID="eSc_line_12c337e5"
                    TAGREFS="LT1"
                    BASELINE="2136 1416 3480 1404" 
                    HPOS="2135"
                    VPOS="1374"
                    WIDTH="1343"
                    HEIGHT="88">
            <Shape><Polygon POINTS="2135 1447 2203 1457 2264 1442 2362 1462 2407 1440 2523 1440 2541 1457 2589 1445 2639 1460 2765 1437 2808 1457 2939 1457 3014 1440 3090 1455 3289 1434 3407 1452 3478 1429 3478 1402 3475 1397 3105 1402 3070 1374 2974 1374 2951 1392 2934 1377 2848 1392 2687 1377 2596 1407 2516 1382 2395 1409 2135 1409 2135 1414 2135 1447"/></Shape>
            <String CONTENT="الوابف كنعه ومنا من كنا زهد المكب سعق ملن حمبساى العا"
                    HPOS="2135"
                    VPOS="1374"
                    WIDTH="1343"
                    HEIGHT="88"
                    ></String>
          </TextLine>
          <TextLine ID="eSc_line_5c9ee443"
                    TAGREFS="LT1"
                    BASELINE="2136 1502 3475 1497" 
                    HPOS="2135"
                    VPOS="1465"
                    WIDTH="1338"
                    HEIGHT="80">
            <Shape><Polygon POINTS="2135 1530 2634 1545 2689 1528 2720 1545 2803 1525 2929 1543 2979 1528 3034 1543 3060 1525 3158 1543 3470 1528 3473 1495 3468 1490 3170 1472 3135 1490 2989 1465 2936 1490 2911 1465 2800 1465 2775 1482 2702 1467 2659 1492 2634 1467 2521 1467 2488 1492 2171 1492 2135 1500 2135 1530"/></Shape>
            <String CONTENT="ولمدا نبع فن اسنه أنلاموواه ث الرانبب معع امن"
                    HPOS="2135"
                    VPOS="1465"
                    WIDTH="1338"
                    HEIGHT="80"
                    ></String>
          </TextLine>
          <TextLine ID="eSc_line_88807e93"
                    TAGREFS="LT1"
                    BASELINE="2772 1586 3480 1586" 
                    HPOS="2772"
                    VPOS="1555"
                    WIDTH="708"
                    HEIGHT="78">
            <Shape><Polygon POINTS="2772 1633 3082 1613 3143 1633 3306 1613 3327 1633 3480 1613 3480 1586 3458 1578 3294 1578 3266 1555 3226 1575 3198 1555 3019 1555 2989 1578 2863 1558 2783 1578 2772 1586 2772 1633"/></Shape>
            <String CONTENT="ما دم مكارم الا تلاف رمه ابفه"
                    HPOS="2772"
                    VPOS="1555"
                    WIDTH="708"
                    HEIGHT="78"
                    ></String>
          </TextLine>
          <TextLine ID="eSc_line_1b5013d0"
                    TAGREFS="LT222"
                    BASELINE="2130 2013 2150 1648" 
                    HPOS="2065"
                    VPOS="1646"
                    WIDTH="95"
                    HEIGHT="365">
            <Shape><Polygon POINTS="2135 1669 2130 1800 2095 1835 2065 1963 2128 2011 2143 2011 2135 1764 2160 1646 2148 1646"/></Shape>
            <String CONTENT="ا "
                    HPOS="2065"
                    VPOS="1646"
                    WIDTH="95"
                    HEIGHT="365"
                    ></String>
          </TextLine>
          <TextLine ID="eSc_line_a50074e5"
                    TAGREFS="LT1"
                    BASELINE="2163 1676 2334 1672" 
                    HPOS="2160"
                    VPOS="1633"
                    WIDTH="172"
                    HEIGHT="63">
            <Shape><Polygon POINTS="2160 1696 2329 1694 2332 1671 2322 1656 2294 1633 2254 1633 2173 1656 2160 1674 2160 1696"/></Shape>
            <String CONTENT="موعف"
                    HPOS="2160"
                    VPOS="1633"
                    WIDTH="172"
                    HEIGHT="63"
                    ></String>
          </TextLine>
          <TextLine ID="eSc_line_bf83fcdb"
                    TAGREFS="LT1"
                    BASELINE="2155 1762 2380 1699 3311 1694 3362 1694 3500 1696" 
                    HPOS="2148"
                    VPOS="1502"
                    WIDTH="1350"
                    HEIGHT="260">
            <Shape><Polygon POINTS="3475 1586 2770 1586 2767 1578 2720 1586 2664 1560 2601 1570 2508 1540 2470 1550 2354 1525 2337 1540 2322 1674 2173 1674 2153 1555 2148 1550 2153 1762 2234 1742 2488 1754 2571 1734 2659 1749 2725 1732 2911 1744 3090 1724 3150 1742 3175 1727 3385 1737 3495 1716 3498 1694 3488 1502 3480 1502 3475 1586"/></Shape>
            <String CONTENT="شسه"
                    HPOS="2148"
                    VPOS="1502"
                    WIDTH="1350"
                    HEIGHT="260"
                    ></String>
          </TextLine>
          <TextLine ID="eSc_line_f291146a"
                    TAGREFS="LT1"
                    BASELINE="2148 1774 3488 1769" 
                    HPOS="2145"
                    VPOS="1737"
                    WIDTH="1340"
                    HEIGHT="93">
            <Shape><Polygon POINTS="2193 1749 2168 1757 2166 1752 2163 1757 2145 1772 2145 1817 2284 1812 2329 1830 2352 1815 2395 1830 2445 1812 2526 1830 2543 1812 2561 1830 2800 1830 2979 1827 3012 1810 3045 1827 3092 1812 3231 1827 3276 1810 3296 1827 3377 1827 3405 1810 3485 1810 3485 1767 3460 1757 3276 1737 3241 1757 3110 1757 3082 1737 3062 1757 2987 1757 2926 1737 2830 1757 2775 1739 2740 1759 2707 1744 2657 1757 2576 1742 2521 1759 2352 1739 2281 1759 2208 1744 2193 1749"/></Shape>
            <String CONTENT="تبعل ع الجدم خما ومن له الامراوم لن استدا دار البر الن دمر"
                    HPOS="2145"
                    VPOS="1737"
                    WIDTH="1340"
                    HEIGHT="93"
                    ></String>
          </TextLine>
          <TextLine ID="eSc_line_7dcfa92a"
                    TAGREFS="LT1"
                    BASELINE="2153 1867 3495 1857" 
                    HPOS="2150"
                    VPOS="1832"
                    WIDTH="1343"
                    HEIGHT="93">
            <Shape><Polygon POINTS="2150 1925 2221 1903 2266 1915 2375 1900 2400 1923 2432 1900 2767 1920 2805 1905 2992 1918 3037 1895 3070 1913 3107 1895 3390 1910 3490 1893 3493 1855 3490 1850 3296 1852 3193 1832 3095 1855 3070 1832 2949 1832 2926 1855 2886 1840 2810 1855 2765 1835 2740 1855 2707 1842 2692 1857 2574 1857 2536 1835 2473 1857 2329 1837 2150 1860 2150 1865 2150 1925"/></Shape>
            <String CONTENT="امعاكر كص مله وحم له ال الهم صحسه الامر بصرس فالا قدم اخربهى"
                    HPOS="2150"
                    VPOS="1832"
                    WIDTH="1343"
                    HEIGHT="93"
                    ></String>
          </TextLine>
          <TextLine ID="eSc_line_fca33f7e"
                    TAGREFS="LT1"
                    BASELINE="2153 1966 3495 1958" 
                    HPOS="2150"
                    VPOS="1928"
                    WIDTH="1343"
                    HEIGHT="88">
            <Shape><Polygon POINTS="2150 2014 2249 2016 2281 1993 2337 1991 2375 2016 2594 2016 2634 1998 2725 2014 2755 1998 2813 2008 2843 1988 3062 1988 3082 2003 3165 1986 3339 2011 3390 1986 3490 1986 3493 1956 3490 1951 3314 1953 3175 1930 3097 1951 3050 1928 2949 1948 2861 1930 2803 1956 2740 1956 2594 1930 2521 1958 2352 1943 2150 1958 2150 1963 2150 2014"/></Shape>
            <String CONTENT="مسف لم العل مله ولاه منا به مص ثم بعله الى كر بمر اعاله السانع"
                    HPOS="2150"
                    VPOS="1928"
                    WIDTH="1343"
                    HEIGHT="88"
                    ></String>
          </TextLine>
          <TextLine ID="eSc_line_fa253584"
                    TAGREFS="LT1"
                    BASELINE="2155 2066 3485 2044" 
                    HPOS="2155"
                    VPOS="2031"
                    WIDTH="1330"
                    HEIGHT="91">
            <Shape><Polygon POINTS="2155 2119 2236 2104 2284 2122 2387 2119 2475 2092 2586 2114 2626 2089 2672 2114 2727 2114 2747 2092 2830 2112 2878 2087 2999 2099 3057 2081 3107 2081 3135 2107 3236 2079 3334 2104 3485 2074 3485 2044 3480 2039 2745 2031 2606 2051 2531 2036 2188 2059 2155 2066 2155 2119"/></Shape>
            <String CONTENT="فصر ومه لاب في سععه مس له عير وسبع اله وكان مها لا كسر"
                    HPOS="2155"
                    VPOS="2031"
                    WIDTH="1330"
                    HEIGHT="91"
                    ></String>
          </TextLine>
          <TextLine ID="eSc_line_588f6f35"
                    TAGREFS="LT1"
                    BASELINE="2548 2137 3485 2137" 
                    HPOS="2548"
                    VPOS="2107"
                    WIDTH="937"
                    HEIGHT="90">
            <Shape><Polygon POINTS="2548 2182 2712 2177 2732 2192 2825 2175 2941 2197 3017 2177 3070 2197 3191 2197 3251 2180 3410 2197 3440 2175 3485 2175 3485 2137 3347 2137 3322 2119 3284 2137 3241 2114 3208 2137 3170 2107 3138 2124 2919 2107 2853 2137 2762 2137 2735 2117 2702 2137 2548 2137 2548 2182"/></Shape>
            <String CONTENT="المالروامتولا يريدر الهير لبوب العه"
                    HPOS="2548"
                    VPOS="2107"
                    WIDTH="937"
                    HEIGHT="90"
                    ></String>
          </TextLine>
        </TextBlock>
        <TextBlock HPOS="3515"
                   VPOS="1208"
                   WIDTH="334"
                   HEIGHT="489"
                   ID="eSc_textblock_8cc87add"
                   TAGREFS="BT1063">
          <Shape><Polygon POINTS="3599 1208 3849 1303 3795 1697 3533 1537 3515 1399 3520 1348 3531 1208"/></Shape>
          <TextLine ID="eSc_line_3b1d2c5c"
                    TAGREFS="LT1"
                    BASELINE="3539 1240 3586 1279 3601 1293 3664 1321 3792 1352" 
                    HPOS="3505"
                    VPOS="1210"
                    WIDTH="303"
                    HEIGHT="189">
            <Shape><Polygon POINTS="3538 1238 3505 1329 3528 1359 3626 1394 3692 1369 3770 1399 3790 1351 3808 1291 3546 1210 3538 1238"/></Shape>
            <String CONTENT="اقرزوص اه"
                    HPOS="3505"
                    VPOS="1210"
                    WIDTH="303"
                    HEIGHT="189"
                    ></String>
          </TextLine>
          <TextLine ID="eSc_line_3ad50027"
                    TAGREFS="LT1"
                    BASELINE="3537 1335 3788 1435" 
                    HPOS="3523"
                    VPOS="1329"
                    WIDTH="264"
                    HEIGHT="121">
            <Shape><Polygon POINTS="3523 1361 3578 1369 3606 1399 3707 1440 3780 1450 3787 1434 3777 1422 3659 1369 3636 1341 3546 1329 3536 1334 3523 1361"/></Shape>
            <String CONTENT="بدمر ار نهر فوس"
                    HPOS="3523"
                    VPOS="1329"
                    WIDTH="264"
                    HEIGHT="121"
                    ></String>
          </TextLine>
          <TextLine ID="eSc_line_dea53970"
                    TAGREFS="LT1"
                    BASELINE="3521 1394 3799 1498" 
                    HPOS="3503"
                    VPOS="1382"
                    WIDTH="295"
                    HEIGHT="133">
            <Shape><Polygon POINTS="3518 1392 3503 1424 3790 1515 3798 1497 3782 1482 3576 1382 3521 1382 3518 1392"/></Shape>
            <String CONTENT="عهم كابرا الده مالاهم"
                    HPOS="3503"
                    VPOS="1382"
                    WIDTH="295"
                    HEIGHT="133"
                    ></String>
          </TextLine>
          <TextLine ID="eSc_line_e928b3b4"
                    TAGREFS="LT1"
                    BASELINE="3572 1482 3802 1559" 
                    HPOS="3563"
                    VPOS="1429"
                    WIDTH="250"
                    HEIGHT="144">
            <Shape><Polygon POINTS="3563 1495 3717 1565 3793 1573 3800 1558 3813 1510 3692 1490 3596 1429 3571 1480 3563 1495"/></Shape>
            <String CONTENT="من يمرس وافراح"
                    HPOS="3563"
                    VPOS="1429"
                    WIDTH="250"
                    HEIGHT="144"
                    ></String>
          </TextLine>
          <TextLine ID="eSc_line_4fb8236b"
                    TAGREFS="LT1"
                    BASELINE="3544 1522 3770 1612" 
                    HPOS="3523"
                    VPOS="1515"
                    WIDTH="244"
                    HEIGHT="141">
            <Shape><Polygon POINTS="3523 1565 3747 1656 3767 1611 3762 1601 3664 1535 3548 1515 3543 1520 3523 1565"/></Shape>
            <String CONTENT="له الوكر وصص"
                    HPOS="3523"
                    VPOS="1515"
                    WIDTH="244"
                    HEIGHT="141"
                    ></String>
          </TextLine>
        </TextBlock>
        <TextBlock HPOS="1992"
                   VPOS="478"
                   WIDTH="118"
                   HEIGHT="424"
                   ID="eSc_textblock_3496a6fc"
                   TAGREFS="BT1063">
          <Shape><Polygon POINTS="1992 478 1992 902 2110 902 2110 478"/></Shape>
          <TextLine ID="eSc_line_533e64a3"
                    TAGREFS="LT220"
                    BASELINE="2059 534 2095 886" 
                    HPOS="2019"
                    VPOS="533"
                    WIDTH="96"
                    HEIGHT="353">
            <Shape><Polygon POINTS="2019 536 2050 662 2060 886 2092 883 2103 860 2092 765 2115 725 2098 694 2108 667 2082 646 2100 573 2070 533 2057 533 2019 536"/></Shape>
            <String CONTENT="معن اسل مفاى"
                    HPOS="2019"
                    VPOS="533"
                    WIDTH="96"
                    HEIGHT="353"
                    ></String>
          </TextLine>
        </TextBlock>
        <TextBlock HPOS="473"
                   VPOS="221"
                   WIDTH="1448"
                   HEIGHT="2394"
                   ID="eSc_textblock_06f7a53d"
                   TAGREFS="BT2">
          <Shape><Polygon POINTS="1516 261 1890 221 1919 433 1921 489 1842 489 1823 1473 1827 1494 1809 2451 1829 2491 1838 2615 483 2615 473 563 503 271 569 251"/></Shape>
          <TextLine ID="eSc_line_9c25c9e4"
                    TAGREFS="LT1"
                    BASELINE="544 327 1652 347 1742 344 1833 347" 
                    HPOS="538"
                    VPOS="269"
                    WIDTH="1293"
                    HEIGHT="123">
            <Shape><Polygon POINTS="538 339 589 375 677 362 745 377 798 354 926 382 941 367 994 380 1103 362 1138 387 1226 375 1410 392 1508 372 1556 387 1621 360 1828 362 1831 344 1793 337 1470 332 1407 312 1355 329 1332 307 1244 302 1224 317 1158 294 1125 314 1047 297 1009 324 921 276 652 269 541 324 538 339"/></Shape>
            <String CONTENT="ب لحاجب الاب حال الد من الحببامى كان من حمله ما ليلب ال"
                    HPOS="538"
                    VPOS="269"
                    WIDTH="1293"
                    HEIGHT="123"
                    ></String>
          </TextLine>
          <TextLine ID="eSc_line_4980752a"
                    TAGREFS="LT1"
                    BASELINE="516 410 1009 427 1841 430" 
                    HPOS="513"
                    VPOS="387"
                    WIDTH="1328"
                    HEIGHT="96">
            <Shape><Polygon POINTS="516 410 513 458 664 450 695 470 735 453 753 473 821 458 1077 475 1100 455 1130 475 1186 455 1244 478 1344 478 1375 460 1473 480 1654 465 1679 483 1712 463 1838 463 1841 430 1841 425 1727 425 1657 402 1627 425 1591 422 1566 397 1521 422 1448 397 1420 422 1377 395 1317 420 1163 417 1093 392 1035 392 1009 412 969 390 785 405 748 387 695 412 642 397 516 405 516 410"/></Shape>
            <String CONTENT="جسبام الدمن طررطا في البمب مسف وقى الجدم الى ان انع عليه كبصو"
                    HPOS="513"
                    VPOS="387"
                    WIDTH="1328"
                    HEIGHT="96"
                    ></String>
          </TextLine>
          <TextLine ID="eSc_line_960519d6"
                    TAGREFS="LT1"
                    BASELINE="513 508 1846 516" 
                    HPOS="511"
                    VPOS="483"
                    WIDTH="1335"
                    HEIGHT="83">
            <Shape><Polygon POINTS="511 546 664 536 692 558 717 536 795 551 876 536 899 558 921 546 1037 563 1103 538 1133 563 1201 543 1234 563 1473 566 1538 546 1584 566 1611 546 1682 563 1843 541 1846 516 1813 508 1485 493 1443 508 1385 485 1339 503 1297 488 1269 506 1231 485 1201 503 1183 485 999 485 959 506 921 483 838 503 755 488 642 503 617 488 516 503 513 508 511 546"/></Shape>
            <String CONTENT="لا جبف با من عته بم ارح جلبهما من طعلى فوي مصعف ومع الاخم"
                    HPOS="511"
                    VPOS="483"
                    WIDTH="1335"
                    HEIGHT="83"
                    ></String>
          </TextLine>
          <TextLine ID="eSc_line_9433eff9"
                    TAGREFS="LT1"
                    BASELINE="496 594 1846 601" 
                    HPOS="493"
                    VPOS="573"
                    WIDTH="1353"
                    HEIGHT="71">
            <Shape><Polygon POINTS="496 594 493 614 531 639 596 609 685 641 768 641 841 611 863 634 894 624 946 644 1322 644 1380 601 1843 604 1846 601 1846 599 1760 599 1740 581 1717 599 1609 584 1589 599 1397 599 1314 576 1281 596 944 573 816 573 788 594 750 576 700 594 496 589 496 594"/></Shape>
            <String CONTENT="صى مه لعهر وها لعا ف لفا حر كربعمنن"
                    HPOS="493"
                    VPOS="573"
                    WIDTH="1353"
                    HEIGHT="71"
                    ></String>
          </TextLine>
          <TextLine ID="eSc_line_a0bdad24"
                    TAGREFS="LT1"
                    BASELINE="498 677 1229 694 1851 687" 
                    HPOS="496"
                    VPOS="657"
                    WIDTH="1355"
                    HEIGHT="78">
            <Shape><Polygon POINTS="496 704 533 722 551 704 617 725 680 702 717 720 775 709 793 727 982 727 1085 722 1128 692 1357 694 1390 709 1407 694 1546 694 1591 735 1760 714 1790 727 1848 704 1851 687 1848 687 1642 689 1619 667 1584 687 1501 687 1485 672 1465 687 1156 672 1113 684 1072 662 982 679 957 659 843 659 788 682 717 657 554 657 498 677 496 704"/></Shape>
            <String CONTENT="كمنه اسبوا خفتم قعا منس ذله الى يبنر اتم وسح"
                    HPOS="496"
                    VPOS="657"
                    WIDTH="1355"
                    HEIGHT="78"
                    ></String>
          </TextLine>
          <TextLine ID="eSc_line_351d7c7b"
                    TAGREFS="LT1"
                    BASELINE="493 775 1843 775" 
                    HPOS="493"
                    VPOS="752"
                    WIDTH="1350"
                    HEIGHT="78">
            <Shape><Polygon POINTS="493 775 493 808 753 808 788 825 891 808 924 830 1040 830 1055 815 1488 830 1523 810 1604 830 1677 808 1843 808 1843 775 1843 772 1793 755 1712 767 1695 752 1533 752 1506 772 1453 757 1407 772 1367 752 1347 772 1176 772 1148 752 1067 772 1045 752 856 752 805 772 773 752 702 772 493 772 493 775"/></Shape>
            <String CONTENT="مابه ففعل على أبام من هبوس وسبلارم اخلر امه اكسر القلام مع املب"
                    HPOS="493"
                    VPOS="752"
                    WIDTH="1350"
                    HEIGHT="78"
                    ></String>
          </TextLine>
          <TextLine ID="eSc_line_40f0dd84"
                    TAGREFS="LT1"
                    BASELINE="508 871 1289 886 1828 879" 
                    HPOS="503"
                    VPOS="850"
                    WIDTH="1322"
                    HEIGHT="81">
            <Shape><Polygon POINTS="506 868 503 898 606 918 793 901 828 926 1027 911 1045 926 1219 928 1274 911 1327 931 1370 916 1468 931 1536 908 1619 931 1639 913 1823 911 1825 878 1823 878 1576 858 1518 876 1445 858 1201 873 1183 855 1075 853 848 871 826 850 506 866 506 868"/></Shape>
            <String CONTENT="تعام حهر فلامن وكار خفعه مجورا علبه وصرواه واوار بط"
                    HPOS="503"
                    VPOS="850"
                    WIDTH="1322"
                    HEIGHT="81"
                    ></String>
          </TextLine>
          <TextLine ID="eSc_line_d73a74aa"
                    TAGREFS="LT1"
                    BASELINE="498 961 1828 976" 
                    HPOS="493"
                    VPOS="939"
                    WIDTH="1332"
                    HEIGHT="88">
            <Shape><Polygon POINTS="496 959 493 996 528 1009 561 991 700 991 715 1007 783 994 843 1017 957 1014 989 996 1050 1019 1130 996 1193 1022 1269 1001 1327 1022 1433 1004 1475 1024 1581 1012 1606 1027 1823 1004 1825 974 1808 966 1609 969 1548 946 1485 966 1465 946 1382 944 1183 964 1120 941 1042 961 1022 941 896 939 851 959 805 939 770 959 680 944 496 954 496 959"/></Shape>
            <String CONTENT="مله الىاب مات معاصاى البهوىم تق فابع علييه بمع نه وامن"
                    HPOS="493"
                    VPOS="939"
                    WIDTH="1332"
                    HEIGHT="88"
                    ></String>
          </TextLine>
          <TextLine ID="eSc_line_c063992f"
                    TAGREFS="LT1"
                    BASELINE="498 1047 1828 1068" 
                    HPOS="493"
                    VPOS="1029"
                    WIDTH="1332"
                    HEIGHT="91">
            <Shape><Polygon POINTS="496 1044 493 1082 642 1080 682 1100 773 1082 800 1105 904 1087 941 1105 1088 1110 1198 1090 1236 1112 1362 1092 1412 1115 1599 1102 1621 1117 1677 1097 1757 1120 1823 1100 1825 1067 1805 1062 1576 1059 1528 1039 1385 1057 1355 1037 1304 1054 1234 1034 1193 1052 1098 1049 1070 1032 1012 1049 886 1047 856 1029 780 1044 717 1029 672 1044 496 1039 496 1044"/></Shape>
            <String CONTENT="من لعاهه وع ارعونه امير اخح رعر الد من حر الاصماى سعم"
                    HPOS="493"
                    VPOS="1029"
                    WIDTH="1332"
                    HEIGHT="91"
                    ></String>
          </TextLine>
          <TextLine ID="eSc_line_242fe439"
                    TAGREFS="LT1"
                    BASELINE="501 1130 1828 1159" 
                    HPOS="496"
                    VPOS="1115"
                    WIDTH="1329"
                    HEIGHT="88">
            <Shape><Polygon POINTS="498 1127 496 1163 574 1163 612 1183 795 1168 831 1188 926 1170 959 1190 1045 1178 1163 1195 1221 1180 1274 1198 1468 1185 1496 1203 1531 1185 1569 1200 1599 1185 1823 1190 1825 1158 1825 1153 1553 1147 1493 1127 1385 1145 1284 1140 1269 1122 1163 1140 1042 1117 1015 1135 939 1115 813 1130 498 1122 498 1127"/></Shape>
            <String CONTENT="خاخعا به مسق لي ا افرح عن ابلام سبفاله من الخناح بهاد والحلى الصلام"
                    HPOS="496"
                    VPOS="1115"
                    WIDTH="1329"
                    HEIGHT="88"
                    ></String>
          </TextLine>
          <TextLine ID="eSc_line_74b02ce4"
                    TAGREFS="LT1"
                    BASELINE="496 1220 1828 1228" 
                    HPOS="491"
                    VPOS="1198"
                    WIDTH="1334"
                    HEIGHT="85">
            <Shape><Polygon POINTS="493 1218 491 1256 579 1258 599 1278 664 1258 929 1258 967 1281 1035 1261 1070 1281 1276 1281 1309 1266 1382 1283 1528 1266 1576 1283 1717 1283 1737 1263 1780 1283 1823 1263 1825 1226 1820 1220 1672 1220 1644 1203 1465 1220 1428 1203 1344 1218 1309 1203 1110 1215 1093 1200 919 1198 826 1215 493 1213 493 1218"/></Shape>
            <String CONTENT="واحرع الى دمسن عل امطاعح قبر ان ساكر الدرارن واسنم حاخم"
                    HPOS="491"
                    VPOS="1198"
                    WIDTH="1334"
                    HEIGHT="85"
                    ></String>
          </TextLine>
          <TextLine ID="eSc_line_5e662e09"
                    TAGREFS="LT1"
                    BASELINE="496 1314 1815 1326" 
                    HPOS="493"
                    VPOS="1288"
                    WIDTH="1322"
                    HEIGHT="86">
            <Shape><Polygon POINTS="496 1314 493 1346 521 1364 538 1346 644 1344 682 1361 949 1346 1025 1369 1123 1369 1156 1351 1173 1369 1372 1372 1390 1354 1448 1372 1493 1351 1521 1367 1632 1359 1647 1374 1752 1354 1813 1372 1815 1326 1813 1321 1606 1321 1551 1301 1468 1319 1405 1293 1347 1309 1319 1293 1274 1316 1224 1291 1151 1291 1108 1316 1022 1288 894 1311 868 1288 823 1309 778 1291 748 1311 496 1309 496 1314"/></Shape>
            <String CONTENT="لها عوصا عن طم وبعل مكثم من لججوسه لى شمذ الدواومن سنة"
                    HPOS="493"
                    VPOS="1288"
                    WIDTH="1322"
                    HEIGHT="86"
                    ></String>
          </TextLine>
          <TextLine ID="eSc_line_bc340f7d"
                    TAGREFS="LT1"
                    BASELINE="506 1404 1823 1419" 
                    HPOS="501"
                    VPOS="1374"
                    WIDTH="1319"
                    HEIGHT="83">
            <Shape><Polygon POINTS="501 1442 722 1434 904 1450 921 1434 967 1452 1032 1437 1103 1452 1123 1437 1327 1455 1360 1437 1473 1457 1511 1442 1700 1457 1818 1442 1820 1417 1788 1409 1604 1409 1511 1389 1473 1407 1428 1382 1161 1377 1085 1392 1065 1377 1035 1402 999 1402 941 1374 901 1374 876 1399 725 1399 687 1377 662 1397 506 1397 503 1402 501 1442"/></Shape>
            <String CONTENT="مسن وسبع ايه فماشر الشد الى مام عشرتب الححه سفه مسبتم معل"
                    HPOS="501"
                    VPOS="1374"
                    WIDTH="1319"
                    HEIGHT="83"
                    ></String>
          </TextLine>
          <TextLine ID="eSc_line_07da6e6f"
                    TAGREFS="LT1"
                    BASELINE="506 1485 1825 1485" 
                    HPOS="506"
                    VPOS="1462"
                    WIDTH="1319"
                    HEIGHT="73">
            <Shape><Polygon POINTS="506 1485 506 1528 642 1515 682 1535 720 1520 1004 1535 1022 1520 1042 1533 1178 1515 1244 1535 1344 1515 1372 1535 1574 1535 1611 1515 1825 1515 1825 1485 1825 1482 1523 1482 1443 1462 1251 1462 1229 1477 1103 1462 1052 1482 989 1462 906 1482 873 1467 818 1482 740 1467 700 1482 506 1480 506 1485"/></Shape>
            <String CONTENT="معه ف جوببه وولى السه عوسنه افوشن الرست والى مولا وسلم"
                    HPOS="506"
                    VPOS="1462"
                    WIDTH="1319"
                    HEIGHT="73"
                    ></String>
          </TextLine>
          <TextLine ID="eSc_line_429b439d"
                    TAGREFS="LT1"
                    BASELINE="516 1565 798 1578 1831 1578" 
                    HPOS="513"
                    VPOS="1545"
                    WIDTH="1318"
                    HEIGHT="83">
            <Shape><Polygon POINTS="516 1565 513 1611 599 1626 695 1606 800 1626 873 1608 911 1626 1171 1628 1309 1603 1347 1626 1412 1606 1458 1628 1538 1603 1667 1628 1828 1603 1831 1578 1793 1570 1506 1555 1475 1570 1453 1548 1264 1548 1224 1570 1045 1570 1015 1545 516 1563 516 1565"/></Shape>
            <String CONTENT="بول الى ازلسلطن الملك المطق سيرس ومحرك الملك لفاصر من"
                    HPOS="513"
                    VPOS="1545"
                    WIDTH="1318"
                    HEIGHT="83"
                    ></String>
          </TextLine>
          <TextLine ID="eSc_line_42057537"
                    TAGREFS="LT1"
                    BASELINE="496 1664 1836 1669" 
                    HPOS="493"
                    VPOS="1636"
                    WIDTH="1343"
                    HEIGHT="85">
            <Shape><Polygon POINTS="493 1706 680 1696 730 1719 957 1719 972 1704 1173 1719 1362 1699 1387 1721 1516 1706 1637 1721 1687 1699 1720 1721 1765 1721 1790 1699 1833 1699 1836 1669 1825 1661 1770 1661 1745 1641 1697 1661 1611 1661 1551 1638 1473 1638 1440 1661 1322 1638 1284 1661 1173 1661 1148 1636 1103 1636 1077 1659 1022 1659 997 1636 838 1659 778 1636 715 1653 657 1636 634 1659 574 1643 498 1659 496 1664 493 1706"/></Shape>
            <String CONTENT="ومسف ورحا كتمرت ما اعنه وسا رمعه ألى مصر مولا السباط"
                    HPOS="493"
                    VPOS="1636"
                    WIDTH="1343"
                    HEIGHT="85"
                    ></String>
          </TextLine>
          <TextLine ID="eSc_line_2f209e18"
                    TAGREFS="LT1"
                    BASELINE="516 1759 1820 1767" 
                    HPOS="513"
                    VPOS="1742"
                    WIDTH="1307"
                    HEIGHT="78">
            <Shape><Polygon POINTS="516 1759 513 1789 584 1815 755 1815 803 1794 833 1815 931 1815 972 1794 1035 1817 1103 1792 1186 1817 1362 1817 1415 1800 1473 1820 1538 1794 1818 1794 1820 1767 1818 1764 1619 1764 1604 1749 1546 1764 1521 1747 1339 1762 1322 1744 1289 1762 1072 1744 1047 1762 969 1762 926 1742 516 1757 516 1759"/></Shape>
            <String CONTENT="معا مكرم  يفرارح تكرزكوم منه عتم وسبع بايه وموحه النها"
                    HPOS="513"
                    VPOS="1742"
                    WIDTH="1307"
                    HEIGHT="78"
                    ></String>
          </TextLine>
          <TextLine ID="eSc_line_cde23c8a"
                    TAGREFS="LT1"
                    BASELINE="1067 1865 1818 1852" 
                    HPOS="1067"
                    VPOS="1830"
                    WIDTH="751"
                    HEIGHT="78">
            <Shape><Polygon POINTS="1067 1893 1148 1908 1176 1890 1407 1903 1430 1885 1465 1903 1518 1883 1576 1883 1594 1900 1629 1883 1785 1898 1818 1878 1818 1852 1813 1847 1556 1830 1533 1845 1455 1832 1425 1855 1332 1857 1276 1835 1178 1860 1067 1860 1067 1865 1067 1893"/></Shape>
            <String CONTENT="كر وسرف عرها نفف اميم ي سامع بحم"
                    HPOS="1067"
                    VPOS="1830"
                    WIDTH="751"
                    HEIGHT="78"
                    ></String>
          </TextLine>
          <TextLine ID="eSc_line_dca7e2f3"
                    TAGREFS="LT1"
                    BASELINE="511 1867 853 1865" 
                    HPOS="511"
                    VPOS="1825"
                    WIDTH="342"
                    HEIGHT="108">
            <Shape><Polygon POINTS="511 1933 639 1933 669 1913 853 1895 853 1865 841 1852 785 1825 750 1847 720 1825 632 1825 544 1852 511 1867 511 1933"/></Shape>
            <String CONTENT="وقدم أل العامه"
                    HPOS="511"
                    VPOS="1825"
                    WIDTH="342"
                    HEIGHT="108"
                    ></String>
          </TextLine>
          <TextLine ID="eSc_line_9a9978c0"
                    TAGREFS="LT1"
                    BASELINE="763 1956 1820 1943" 
                    HPOS="763"
                    VPOS="1920"
                    WIDTH="1057"
                    HEIGHT="91">
            <Shape><Polygon POINTS="763 2011 848 1993 941 2008 982 1986 1012 2006 1130 1991 1173 2006 1216 1983 1342 2003 1423 1986 1458 2001 1496 1981 1606 2001 1652 1978 1687 1998 1818 1978 1820 1943 1815 1938 1581 1923 1448 1940 1410 1920 1382 1938 1360 1923 1261 1923 1241 1943 1198 1923 1067 1938 1020 1925 952 1948 788 1948 763 1956 763 2011"/></Shape>
            <String CONTENT="لوك الور ان حوصا والصاب بحر الدبة كمر را كبلى"
                    HPOS="763"
                    VPOS="1920"
                    WIDTH="1057"
                    HEIGHT="91"
                    ></String>
          </TextLine>
          <TextLine ID="eSc_line_371a49e3"
                    TAGREFS="LT1"
                    BASELINE="493 2051 1820 2034" 
                    HPOS="493"
                    VPOS="2001"
                    WIDTH="1327"
                    HEIGHT="96">
            <Shape><Polygon POINTS="493 2087 619 2097 644 2081 680 2097 742 2079 863 2094 884 2076 1004 2076 1060 2092 1103 2074 1198 2087 1297 2071 1438 2087 1480 2069 1501 2084 1629 2084 1644 2069 1702 2081 1818 2066 1820 2034 1815 2024 1619 2001 1591 2019 1473 2003 1443 2029 1332 2006 1287 2031 1241 2006 1176 2031 1120 2008 1088 2034 1040 2019 994 2036 941 2011 906 2036 556 2041 493 2051 493 2087"/></Shape>
            <String CONTENT="ثمر رق ما ميف اللم عمر امعد العنام بي سا كبير مميع لا خر سنه"
                    HPOS="493"
                    VPOS="2001"
                    WIDTH="1327"
                    HEIGHT="96"
                    ></String>
          </TextLine>
          <TextLine ID="eSc_line_37384fca"
                    TAGREFS="LT1"
                    BASELINE="498 2129 1818 2114" 
                    HPOS="498"
                    VPOS="2099"
                    WIDTH="1320"
                    HEIGHT="83">
            <Shape><Polygon POINTS="498 2162 627 2177 727 2160 768 2177 821 2160 904 2182 964 2160 994 2180 1075 2177 1098 2160 1123 2180 1234 2177 1259 2160 1297 2177 1380 2160 1407 2175 1596 2175 1642 2149 1682 2165 1737 2149 1752 2165 1818 2147 1818 2114 1815 2109 1375 2099 1317 2117 1173 2102 1148 2119 997 2104 931 2122 853 2107 498 2124 498 2129 498 2162"/></Shape>
            <String CONTENT="املم خعه وعحار حا جبام فنص عليه ح اول موم مف رسع الاورسنه"
                    HPOS="498"
                    VPOS="2099"
                    WIDTH="1320"
                    HEIGHT="83"
                    ></String>
          </TextLine>
          <TextLine ID="eSc_line_7003bbd8"
                    TAGREFS="LT1"
                    BASELINE="498 2215 1266 2220 1813 2200" 
                    HPOS="496"
                    VPOS="2182"
                    WIDTH="1317"
                    HEIGHT="91">
            <Shape><Polygon POINTS="498 2215 498 2250 589 2248 639 2268 710 2250 760 2273 800 2258 931 2270 946 2255 1171 2268 1193 2248 1219 2263 1266 2250 1337 2268 1377 2250 1433 2268 1810 2238 1813 2200 1810 2195 1599 2205 1574 2182 1526 2205 1430 2207 1400 2187 1334 2207 1304 2185 1188 2185 1156 2207 1100 2210 1042 2187 1007 2210 962 2187 926 2210 904 2187 861 2202 808 2187 727 2210 667 2197 496 2210 498 2215"/></Shape>
            <String CONTENT="مسرحه وسحق م اجدلهابه الف ونه ولا بولى الا تحمعال وهو"
                    HPOS="496"
                    VPOS="2182"
                    WIDTH="1317"
                    HEIGHT="91"
                    ></String>
          </TextLine>
          <TextLine ID="eSc_line_5dcbc32a"
                    TAGREFS="LT1"
                    BASELINE="496 2303 1251 2308 1809 2286" 
                    HPOS="491"
                    VPOS="2268"
                    WIDTH="1317"
                    HEIGHT="93">
            <Shape><Polygon POINTS="493 2300 493 2338 634 2336 710 2361 755 2343 886 2353 931 2333 1032 2358 1085 2343 1347 2356 1443 2328 1496 2351 1541 2328 1647 2353 1710 2326 1805 2326 1808 2285 1805 2285 1682 2268 1304 2293 1274 2273 1239 2288 1196 2273 1173 2293 1067 2295 1020 2275 997 2295 919 2280 848 2295 798 2275 725 2298 697 2280 491 2295 493 2300"/></Shape>
            <String CONTENT="مكوم الى ن افرح عنه ي موم الحممش سوا لرسته نت عثه وكنامب مره"
                    HPOS="491"
                    VPOS="2268"
                    WIDTH="1317"
                    HEIGHT="93"
                    ></String>
          </TextLine>
          <TextLine ID="eSc_line_8ef85eeb"
                    TAGREFS="LT1"
                    BASELINE="488 2399 1156 2404 1808 2384" 
                    HPOS="486"
                    VPOS="2361"
                    WIDTH="1319"
                    HEIGHT="88">
            <Shape><Polygon POINTS="486 2426 586 2426 614 2449 672 2429 740 2449 795 2426 823 2449 952 2431 967 2447 1002 2431 1052 2447 1246 2431 1377 2444 1805 2414 1805 2381 1803 2381 1657 2361 1599 2379 1559 2363 1521 2384 1405 2363 1387 2381 1203 2366 1138 2389 1110 2371 1088 2389 1020 2389 977 2368 919 2391 798 2376 740 2391 705 2374 486 2391 486 2396 486 2426"/></Shape>
            <String CONTENT="جه إليها
 ثم صرف عنها بقطلقتمر في سابع عشرين وقدم إلى القاهر"
                    HPOS="486"
                    VPOS="2361"
                    WIDTH="1319"
                    HEIGHT="88"
                    ></String>
          </TextLine>
          <TextLine ID="eSc_line_387aea8d"
                    TAGREFS="LT1"
                    BASELINE="501 2482 896 2489 1828 2467" 
                    HPOS="501"
                    VPOS="2449"
                    WIDTH="1327"
                    HEIGHT="93">
            <Shape><Polygon POINTS="501 2520 642 2542 685 2517 742 2540 790 2514 926 2537 984 2520 1025 2535 1173 2517 1347 2530 1425 2507 1455 2525 1559 2502 1725 2512 1828 2497 1828 2467 1778 2462 1355 2449 1201 2472 924 2457 884 2477 861 2459 785 2459 745 2479 727 2462 707 2479 526 2477 501 2482 501 2520"/></Shape>
            <String CONTENT="لبل رك واعم عليه بما تبح الف دره فسبام النها واقام بها الى اب"
                    HPOS="501"
                    VPOS="2449"
                    WIDTH="1327"
                    HEIGHT="93"
                    ></String>
          </TextLine>
          <TextLine ID="eSc_line_705aa388"
                    TAGREFS="LT1"
                    BASELINE="496 2577 1183 2575 1808 2550" 
                    HPOS="493"
                    VPOS="2532"
                    WIDTH="1315"
                    HEIGHT="106">
            <Shape><Polygon POINTS="496 2577 496 2610 627 2610 725 2638 821 2623 1075 2630 1090 2615 1239 2628 1299 2610 1362 2623 1402 2595 1453 2618 1498 2593 1604 2593 1634 2610 1657 2590 1808 2587 1808 2550 1805 2550 1715 2535 1637 2552 1604 2532 1564 2552 1543 2532 1488 2532 1425 2535 1397 2557 1276 2560 1239 2537 1110 2565 994 2565 941 2545 906 2567 828 2552 810 2570 720 2555 690 2572 493 2572 496 2577"/></Shape>
            <String CONTENT="بطعاك حسامى الكسر فعوم الى الها مو سبا كر سوعو صفر عسه كان"
                    HPOS="493"
                    VPOS="2532"
                    WIDTH="1315"
                    HEIGHT="106"
                    ></String>
          </TextLine>
        </TextBlock>
        <TextBlock HPOS="1846"
                   VPOS="727"
                   WIDTH="98"
                   HEIGHT="730"
                   ID="eSc_textblock_bd67b628"
                   TAGREFS="BT1063">
          <Shape><Polygon POINTS="1944 727 1944 1457 1846 1457 1846 727"/></Shape>
          <TextLine ID="eSc_line_1eae79b8"
                    TAGREFS="LT222"
                    BASELINE="1872 1429 1869 791" 
                    HPOS="1836"
                    VPOS="790"
                    WIDTH="68"
                    HEIGHT="637">
            <Shape><Polygon POINTS="1886 1379 1904 1291 1904 1190 1886 1155 1904 1097 1886 976 1896 790 1868 790 1856 793 1838 835 1851 863 1836 946 1856 1007 1836 1137 1856 1165 1856 1293 1836 1319 1856 1424 1871 1427 1901 1424"/></Shape>
            <String CONTENT="ومصد الامن من لا يبصرف به احد"
                    HPOS="1836"
                    VPOS="790"
                    WIDTH="68"
                    HEIGHT="637"
                    ></String>
          </TextLine>
        </TextBlock>
        <TextBlock HPOS="2003"
                   VPOS="1270"
                   WIDTH="125"
                   HEIGHT="538"
                   ID="eSc_textblock_8e31836e"
                   TAGREFS="BT1063">
          <Shape><Polygon POINTS="2003 1270 2003 1808 2128 1808 2128 1270"/></Shape>
          <TextLine ID="eSc_line_6aa2b386"
                    TAGREFS="LT222"
                    BASELINE="2099 1800 2086 1288" 
                    HPOS="2032"
                    VPOS="1283"
                    WIDTH="93"
                    HEIGHT="514">
            <Shape><Polygon POINTS="2085 1286 2032 1286 2035 1560 2037 1570 2037 1596 2037 1621 2037 1626 2037 1648 2040 1671 2040 1696 2040 1721 2040 1747 2042 1772 2042 1797 2098 1797 2125 1794 2120 1283 2085 1286"/></Shape>
            <String CONTENT="لمن انمران والربابح من"
                    HPOS="2032"
                    VPOS="1283"
                    WIDTH="93"
                    HEIGHT="514"
                    ></String>
          </TextLine>
        </TextBlock>
        <TextBlock HPOS="1819"
                   VPOS="2199"
                   WIDTH="86"
                   HEIGHT="250"
                   ID="eSc_textblock_c682cf57"
                   TAGREFS="BT1063">
          <Shape><Polygon POINTS="1905 2199 1905 2449 1819 2449 1819 2199"/></Shape>
          <TextLine ID="eSc_line_51d8c6bb"
                    TAGREFS="LT222"
                    BASELINE="1858 2414 1844 2233" 
                    HPOS="1800"
                    VPOS="2227"
                    WIDTH="91"
                    HEIGHT="184">
            <Shape><Polygon POINTS="1815 2233 1800 2313 1825 2351 1808 2386 1828 2411 1856 2411 1891 2409 1888 2353 1866 2326 1866 2227 1843 2230"/></Shape>
            <String CONTENT="أول يوم "
                    HPOS="1800"
                    VPOS="2227"
                    WIDTH="91"
                    HEIGHT="184"
                    ></String>
          </TextLine>
        </TextBlock>
        <TextBlock HPOS="136"
                   VPOS="2126"
                   WIDTH="339"
                   HEIGHT="367"
                   ID="eSc_textblock_6a870e01"
                   TAGREFS="BT1063">
          <Shape><Polygon POINTS="136 2126 136 2493 475 2493 475 2126"/></Shape>
          <TextLine ID="eSc_line_d93f6855"
                    TAGREFS="LT1"
                    BASELINE="204 2207 445 2212" 
                    HPOS="201"
                    VPOS="2154"
                    WIDTH="244"
                    HEIGHT="96">
            <Shape><Polygon POINTS="204 2207 201 2235 443 2250 445 2212 445 2157 400 2175 304 2154 264 2177 204 2175 204 2207"/></Shape>
            <String CONTENT="بحب الف ومن"
                    HPOS="201"
                    VPOS="2154"
                    WIDTH="244"
                    HEIGHT="96"
                    ></String>
          </TextLine>
          <TextLine ID="eSc_line_6556df86"
                    TAGREFS="LT1"
                    BASELINE="181 2280 445 2290" 
                    HPOS="178"
                    VPOS="2245"
                    WIDTH="267"
                    HEIGHT="86">
            <Shape><Polygon POINTS="181 2280 178 2313 249 2328 307 2313 329 2331 443 2318 445 2290 445 2255 181 2245 181 2280"/></Shape>
            <String CONTENT="ولكسمامه الف"
                    HPOS="178"
                    VPOS="2245"
                    WIDTH="267"
                    HEIGHT="86"
                    ></String>
          </TextLine>
          <TextLine ID="eSc_line_60141c71"
                    TAGREFS="LT1"
                    BASELINE="198 2358 433 2358" 
                    HPOS="198"
                    VPOS="2336"
                    WIDTH="235"
                    HEIGHT="55">
            <Shape><Polygon POINTS="198 2391 433 2391 433 2358 425 2351 324 2336 206 2351 198 2358 198 2391"/></Shape>
            <String CONTENT="معلام وممو"
                    HPOS="198"
                    VPOS="2336"
                    WIDTH="235"
                    HEIGHT="55"
                    ></String>
          </TextLine>
          <TextLine ID="eSc_line_f3b6638b"
                    TAGREFS="LT1"
                    BASELINE="226 2431 443 2421" 
                    HPOS="226"
                    VPOS="2396"
                    WIDTH="217"
                    HEIGHT="78">
            <Shape><Polygon POINTS="433 2414 334 2396 314 2419 287 2401 234 2421 226 2431 229 2474 443 2459 443 2421 433 2414"/></Shape>
            <String CONTENT="وعرها تتمه"
                    HPOS="226"
                    VPOS="2396"
                    WIDTH="217"
                    HEIGHT="78"
                    ></String>
          </TextLine>
        </TextBlock>
        <TextBlock HPOS="443"
                   VPOS="2275"
                   WIDTH="7"
                   HEIGHT="8"
                   ID="eSc_textblock_f6f12558"
                   TAGREFS="BT2">
          <Shape><Polygon POINTS="450 2283 443 2283 443 2275 448 2275"/></Shape>
        </TextBlock>
        <TextBlock HPOS="443"
                   VPOS="2295"
                   WIDTH="7"
                   HEIGHT="38"
                   ID="eSc_textblock_9eeff2d1"
                   TAGREFS="BT2">
          <Shape><Polygon POINTS="450 2333 443 2333 443 2295 448 2295"/></Shape>
        </TextBlock>
      </PrintSpace>
    </Page>
  </Layout>
</alto>
