<?xml version="1.0" encoding="UTF-8"?>
<alto xmlns:xsi="http://www.w3.org/2001/XMLSchema-instance"
      xmlns="http://www.loc.gov/standards/alto/ns-v4#"
      xsi:schemaLocation="http://www.loc.gov/standards/alto/ns-v4# http://www.loc.gov/standards/alto/v4/alto-4-2.xsd">
  <Description>
    <MeasurementUnit>pixel</MeasurementUnit>
    <sourceImageInformation>
      <fileName>Muqaffa-or14533-3.pdf_page_85.png</fileName>
      <fileIdentifier>pdf//Muqaffa-or14533-3.pdf</fileIdentifier>
    </sourceImageInformation>
  </Description>
  <Tags>
    <OtherTag ID="BT1094" LABEL="text" DESCRIPTION="block type text"/><OtherTag ID="BT1066" LABEL="Chancery_Material" DESCRIPTION="block type Chancery_Material"/><OtherTag ID="BT1065" LABEL="Flyleaf" DESCRIPTION="block type Flyleaf"/><OtherTag ID="BT1064" LABEL="default" DESCRIPTION="block type default"/><OtherTag ID="BT1063" LABEL="Marginal_Material" DESCRIPTION="block type Marginal_Material"/><OtherTag ID="BT1062" LABEL="Catchword" DESCRIPTION="block type Catchword"/><OtherTag ID="BT4" LABEL="Illustration" DESCRIPTION="block type Illustration"/><OtherTag ID="BT3" LABEL="Commentary" DESCRIPTION="block type Commentary"/><OtherTag ID="BT2" LABEL="Main" DESCRIPTION="block type Main"/><OtherTag ID="BT1" LABEL="Title" DESCRIPTION="block type Title"/>
    <OtherTag ID="LT1" LABEL="Main" DESCRIPTION="line type Main"/><OtherTag ID="LT219" LABEL="default" DESCRIPTION="line type default"/><OtherTag ID="LT220" LABEL="Main-90" DESCRIPTION="line type Main-90"/><OtherTag ID="LT221" LABEL="Main-180" DESCRIPTION="line type Main-180"/><OtherTag ID="LT222" LABEL="Main-270" DESCRIPTION="line type Main-270"/>
  </Tags>
  <Layout>
    <Page WIDTH="3963"
          HEIGHT="3021"
          PHYSICAL_IMG_NR="281"
          ID="eSc_dummypage_">
      <PrintSpace HPOS="0"
                  VPOS="0"
                  WIDTH="3963"
                  HEIGHT="3021">
        <TextBlock HPOS="2021"
                   VPOS="271"
                   WIDTH="1438"
                   HEIGHT="2203"
                   ID="eSc_textblock_55a078f4"
                   TAGREFS="BT2">
          <Shape><Polygon POINTS="3429 292 3459 523 3440 1767 3414 1767 3414 2223 3416 2223 3416 2465 2021 2474 2037 1158 2025 972 2031 733 2045 329 2062 281 2520 271"/></Shape>
          <TextLine ID="eSc_line_4b5c7022"
                    TAGREFS="LT1"
                    BASELINE="2057 360 2860 339 3366 347" 
                    HPOS="2054"
                    VPOS="281"
                    WIDTH="1312"
                    HEIGHT="124">
            <Shape><Polygon POINTS="3338 289 3313 289 3288 286 3268 286 3247 299 3192 284 3187 284 3174 284 3149 297 3137 284 3129 284 3111 302 2892 289 2756 307 2706 286 2676 307 2593 307 2490 281 2318 297 2054 286 2057 360 2057 405 2104 387 2238 402 2278 385 2422 400 2792 377 2930 392 2976 375 3074 390 3101 375 3288 372 3325 387 3363 372 3366 347 3363 289 3338 289"/></Shape>
            <String CONTENT="حية من نواحي المدينة هو وحرمه
وجواريه وبلغ أشعب الخبر فوافى الموضع الذي هم به ي"
                    HPOS="2054"
                    VPOS="281"
                    WIDTH="1312"
                    HEIGHT="124"
                    ></String>
          </TextLine>
          <TextLine ID="eSc_line_515883a7"
                    TAGREFS="LT1"
                    BASELINE="2046 440 3386 427" 
                    HPOS="2046"
                    VPOS="400"
                    WIDTH="1340"
                    HEIGHT="85">
            <Shape><Polygon POINTS="2046 478 2273 485 2381 465 2457 483 2474 465 2537 465 2580 483 2646 463 2663 480 2847 480 2955 460 3117 478 3192 458 3351 475 3386 455 3386 427 3381 422 3235 422 3205 405 3167 422 3114 400 2978 420 2938 402 2842 427 2580 405 2417 430 2318 407 2195 433 2069 433 2046 440 2046 478"/></Shape>
            <String CONTENT="ملاك احرح مبان عنده ومبعه ااكل والسرب ابا اح مست"
                    HPOS="2046"
                    VPOS="400"
                    WIDTH="1340"
                    HEIGHT="85"
                    ></String>
          </TextLine>
          <TextLine ID="eSc_line_715b11c1"
                    TAGREFS="LT1"
                    BASELINE="2051 523 3426 518" 
                    HPOS="2051"
                    VPOS="485"
                    WIDTH="1375"
                    HEIGHT="91">
            <Shape><Polygon POINTS="2051 571 2414 576 2432 558 2492 558 2520 576 2633 576 2668 556 2739 576 2965 553 3006 573 3079 556 3142 573 3172 553 3288 568 3424 553 3426 518 3381 511 3054 511 2976 488 2905 511 2850 485 2736 485 2631 506 2575 488 2427 488 2409 506 2376 488 2281 513 2228 490 2082 513 2051 523 2051 571"/></Shape>
            <String CONTENT="اعصاوه وخرس كسانه وححر عن الحركه ثمر قبل ليله الاربعا باى سهر"
                    HPOS="2051"
                    VPOS="485"
                    WIDTH="1375"
                    HEIGHT="91"
                    ></String>
          </TextLine>
          <TextLine ID="eSc_line_8e3f8d62"
                    TAGREFS="LT1"
                    BASELINE="2026 616 3401 601" 
                    HPOS="2026"
                    VPOS="576"
                    WIDTH="1375"
                    HEIGHT="93">
            <Shape><Polygon POINTS="2026 646 2177 646 2225 669 2283 644 2391 667 2424 646 2480 662 2580 646 2631 659 2651 644 2719 662 2976 646 3069 659 3101 644 3169 659 3260 634 3336 657 3401 631 3401 601 3393 596 3222 576 3200 596 3041 599 2998 579 2968 599 2938 579 2855 581 2829 601 2724 581 2580 604 2480 584 2412 586 2386 606 2336 591 2064 609 2026 616 2026 646"/></Shape>
            <String CONTENT="اخسده عر وسبعبه ورايب من السعال ولت المال كاسلا مرخصو"
                    HPOS="2026"
                    VPOS="576"
                    WIDTH="1375"
                    HEIGHT="93"
                    ></String>
          </TextLine>
          <TextLine ID="eSc_line_35904a35"
                    TAGREFS="LT1"
                    BASELINE="2031 699 3399 684" 
                    HPOS="2031"
                    VPOS="664"
                    WIDTH="1368"
                    HEIGHT="88">
            <Shape><Polygon POINTS="2031 735 2210 752 2235 737 2298 750 2313 735 2419 747 2500 732 2600 747 2638 727 2711 747 2835 725 2865 745 2928 745 2983 722 3142 742 3396 720 3399 684 3393 682 3006 684 2986 664 2940 664 2877 679 2714 667 2688 684 2600 669 2578 689 2414 692 2354 672 2306 692 2248 679 2039 694 2031 699 2031 735"/></Shape>
            <String CONTENT="م ما دجمومب بنفه المقلع كسر الخبز والحربه وسعه العطاء وكان"
                    HPOS="2031"
                    VPOS="664"
                    WIDTH="1368"
                    HEIGHT="88"
                    ></String>
          </TextLine>
          <TextLine ID="eSc_line_0dfbdd30"
                    TAGREFS="LT1"
                    BASELINE="2029 795 3401 772" 
                    HPOS="2029"
                    VPOS="745"
                    WIDTH="1372"
                    HEIGHT="85">
            <Shape><Polygon POINTS="2029 830 2777 830 2792 813 2935 828 2976 810 3094 825 3139 808 3247 823 3401 803 3401 772 3399 767 3260 770 3237 750 3134 745 3079 775 3031 775 2963 747 2920 777 2872 777 2832 750 2787 750 2542 755 2500 782 2401 760 2313 787 2283 770 2266 787 2029 790 2029 795 2029 830"/></Shape>
            <String CONTENT="ت صه أنه الب من فرسن وسلار ملا اراد السبل لمان قبله اسم"
                    HPOS="2029"
                    VPOS="745"
                    WIDTH="1372"
                    HEIGHT="85"
                    ></String>
          </TextLine>
          <TextLine ID="eSc_line_33cc3e44"
                    TAGREFS="LT1"
                    BASELINE="2036 881 3406 853" 
                    HPOS="2036"
                    VPOS="833"
                    WIDTH="1370"
                    HEIGHT="98">
            <Shape><Polygon POINTS="2036 913 2135 928 2167 911 2253 931 2301 916 2399 928 2414 913 2532 926 2709 903 2764 921 2784 898 2860 918 2933 896 2998 896 3028 916 3051 893 3154 913 3205 891 3280 911 3406 886 3406 853 3404 848 3076 853 3031 833 2960 855 2928 838 2784 838 2681 840 2631 863 2485 866 2419 845 2399 868 2286 848 2051 873 2036 881 2036 913"/></Shape>
            <String CONTENT="الايرا منتن حدى واسه أن مضى اليه فان وجعه متباد فنه واسا قبله"
                    HPOS="2036"
                    VPOS="833"
                    WIDTH="1370"
                    HEIGHT="98"
                    ></String>
          </TextLine>
          <TextLine ID="eSc_line_90850194"
                    TAGREFS="LT1"
                    BASELINE="2073 993 3389 957" 
                    HPOS="2072"
                    VPOS="866"
                    WIDTH="1316"
                    HEIGHT="156">
            <Shape><Polygon POINTS="2072 1009 2258 1022 2281 1004 2351 1019 2686 994 2729 1009 2769 991 3278 994 3388 974 3388 956 3313 866 3016 873 2988 898 2618 926 2537 964 2424 966 2389 941 2371 959 2215 971 2072 991 2072 1009"/></Shape>
            <String CONTENT="ان قمواشع اللوكل به اخر انه اشرف عما الوت فقيل اسر"
                    HPOS="2072"
                    VPOS="866"
                    WIDTH="1316"
                    HEIGHT="156"
                    ></String>
          </TextLine>
          <TextLine ID="eSc_line_fdd37416"
                    TAGREFS="LT1"
                    BASELINE="2038 943 2168 957" 
                    HPOS="2031"
                    VPOS="898"
                    WIDTH="136"
                    HEIGHT="68">
            <Shape><Polygon POINTS="2039 903 2036 941 2031 966 2165 966 2167 956 2140 941 2041 898 2039 903"/></Shape>
            <String CONTENT="برمصال"
                    HPOS="2031"
                    VPOS="898"
                    WIDTH="136"
                    HEIGHT="68"
                    ></String>
          </TextLine>
          <TextLine ID="eSc_line_6d478547"
                    TAGREFS="LT1"
                    BASELINE="2021 1052 3401 1039" 
                    HPOS="2021"
                    VPOS="1012"
                    WIDTH="1380"
                    HEIGHT="95">
            <Shape><Polygon POINTS="2021 1092 2296 1107 2651 1082 2678 1102 2799 1102 2867 1080 3114 1080 3164 1097 3200 1077 3252 1092 3275 1077 3305 1092 3401 1077 3401 1039 3399 1034 3343 1017 3325 1032 3293 1012 3217 1027 3190 1012 3031 1014 3001 1029 2983 1014 2867 1014 2832 1037 2799 1024 2782 1042 2704 1027 2618 1042 2568 1017 2530 1044 2447 1044 2391 1019 2369 1039 2341 1024 2288 1047 2021 1047 2021 1052 2021 1092"/></Shape>
            <String CONTENT="موت فقبل أيتمش الأرض وسأل أن يعفى من ذلك فأعفاه لما يعلمه
من تدينه واستدعى الأمير بدرجك وتقدم "
                    HPOS="2021"
                    VPOS="1012"
                    WIDTH="1380"
                    HEIGHT="95"
                    ></String>
          </TextLine>
          <TextLine ID="eSc_line_ddb96dad"
                    TAGREFS="LT1"
                    BASELINE="2046 1158 3406 1135" 
                    HPOS="2046"
                    VPOS="1112"
                    WIDTH="1360"
                    HEIGHT="83">
            <Shape><Polygon POINTS="2046 1185 2349 1195 2379 1178 2782 1188 2802 1170 2847 1185 2862 1170 3225 1180 3404 1163 3406 1135 3366 1127 3142 1115 3122 1130 3089 1112 3031 1132 3008 1112 2955 1112 2880 1135 2829 1115 2764 1137 2736 1117 2568 1120 2515 1140 2346 1122 2278 1145 2213 1127 2079 1147 2046 1158 2046 1185"/></Shape>
            <String CONTENT="إليه بذلك فمضى إليه فإذا به قد خرس
لسانه ويبست أعضاؤه واحترقت "
                    HPOS="2046"
                    VPOS="1112"
                    WIDTH="1360"
                    HEIGHT="83"
                    ></String>
          </TextLine>
          <TextLine ID="eSc_line_09b64fa8"
                    TAGREFS="LT1"
                    BASELINE="2072 1251 2852 1231 3401 1231" 
                    HPOS="2072"
                    VPOS="1203"
                    WIDTH="1329"
                    HEIGHT="88">
            <Shape><Polygon POINTS="2072 1286 2346 1291 2439 1273 2507 1288 2595 1271 2704 1283 2734 1268 2784 1283 2981 1263 3086 1278 3111 1261 3205 1276 3240 1258 3363 1273 3401 1256 3401 1231 3356 1223 3104 1210 3086 1226 2996 1205 2970 1223 2945 1203 2739 1208 2714 1233 2658 1208 2641 1223 2550 1210 2467 1236 2407 1218 2293 1241 2102 1243 2072 1251 2072 1286"/></Shape>
            <String CONTENT="آماق عينيه وهو جالس فحاول أن يقوم لدخول
بدرجك فلم يجد معه قوة "
                    HPOS="2072"
                    VPOS="1203"
                    WIDTH="1329"
                    HEIGHT="88"
                    ></String>
          </TextLine>
          <TextLine ID="eSc_line_4e11dd90"
                    TAGREFS="LT1"
                    BASELINE="2057 1349 2482 1329 3391 1321" 
                    HPOS="2057"
                    VPOS="1293"
                    WIDTH="1334"
                    HEIGHT="96">
            <Shape><Polygon POINTS="2057 1389 2266 1387 2298 1367 2323 1387 2384 1387 2422 1361 2555 1374 2653 1359 2683 1377 2736 1361 2762 1379 2930 1354 3041 1377 3079 1351 3132 1351 3258 1372 3290 1349 3336 1364 3388 1346 3391 1321 3371 1314 3051 1293 2945 1314 2890 1301 2819 1316 2762 1299 2686 1324 2661 1304 2603 1301 2525 1321 2492 1306 2371 1331 2172 1334 2057 1349 2057 1389"/></Shape>
            <String CONTENT="تنهض به وحاول ذلك بجهده حتى قام
 ثم سقط وصار يشير إليه بيده ولم يقدر "
                    HPOS="2057"
                    VPOS="1293"
                    WIDTH="1334"
                    HEIGHT="96"
                    ></String>
          </TextLine>
          <TextLine ID="eSc_line_86e38477"
                    TAGREFS="LT1"
                    BASELINE="2046 1468 2656 1419 3383 1407" 
                    HPOS="2044"
                    VPOS="1321"
                    WIDTH="1337"
                    HEIGHT="179">
            <Shape><Polygon POINTS="3371 1321 3197 1321 3174 1344 2832 1359 2777 1354 2734 1326 2490 1326 2087 1346 2062 1346 2051 1331 2044 1500 2218 1477 2306 1495 2502 1465 2590 1482 2615 1460 2658 1475 2729 1455 2837 1472 2865 1450 3011 1465 3124 1460 3144 1442 3167 1457 3207 1440 3232 1455 3381 1447 3376 1321 3371 1321"/></Shape>
            <String CONTENT="على الكلام من الجوع فرق له
بدرجك وبكى رحمة له وخرج وهو يقول في "
                    HPOS="2044"
                    VPOS="1321"
                    WIDTH="1337"
                    HEIGHT="179"
                    ></String>
          </TextLine>
          <TextLine ID="eSc_line_2991d49d"
                    TAGREFS="LT1"
                    BASELINE="2087 1528 3393 1502" 
                    HPOS="2087"
                    VPOS="1477"
                    WIDTH="1306"
                    HEIGHT="96">
            <Shape><Polygon POINTS="2087 1570 2306 1558 2346 1573 2376 1555 2396 1570 2553 1568 2615 1540 2668 1560 2744 1538 2865 1555 2892 1535 2993 1560 3038 1533 3111 1553 3187 1533 3393 1525 3393 1502 3285 1492 3066 1497 2976 1480 2930 1500 2885 1477 2739 1480 2688 1505 2628 1482 2520 1485 2497 1505 2437 1510 2412 1487 2349 1487 2135 1515 2087 1528 2087 1570"/></Shape>
            <String CONTENT="نفسه والله لا خليت هذا في صحيفتي أبدا
 وأسر بما رآه للسل"
                    HPOS="2087"
                    VPOS="1477"
                    WIDTH="1306"
                    HEIGHT="96"
                    ></String>
          </TextLine>
          <TextLine ID="eSc_line_64170983"
                    TAGREFS="LT1"
                    BASELINE="2064 1613 3393 1593" 
                    HPOS="2064"
                    VPOS="1565"
                    WIDTH="1329"
                    HEIGHT="94">
            <Shape><Polygon POINTS="2064 1659 2127 1643 2160 1659 2462 1638 2525 1653 2593 1633 2646 1651 3061 1626 3197 1626 3220 1641 3278 1623 3331 1638 3393 1621 3393 1593 3386 1588 3056 1565 2988 1568 2970 1586 2867 1570 2784 1596 2492 1575 2442 1601 2407 1583 2389 1603 2291 1591 2094 1606 2064 1613 2064 1659"/></Shape>
            <String CONTENT="طان فسبه سبا فاحشا وقد اشتد "
                    HPOS="2064"
                    VPOS="1565"
                    WIDTH="1329"
                    HEIGHT="94"
                    ></String>
          </TextLine>
          <TextLine ID="eSc_line_288b8614"
                    TAGREFS="LT1"
                    BASELINE="2051 1704 3393 1686" 
                    HPOS="2051"
                    VPOS="1631"
                    WIDTH="1342"
                    HEIGHT="126">
            <Shape><Polygon POINTS="2051 1739 2192 1757 2243 1737 2321 1754 2344 1737 2439 1752 2510 1734 2626 1752 2923 1729 2945 1747 3096 1727 3124 1744 3202 1729 3293 1742 3315 1724 3393 1721 3393 1686 3265 1631 3205 1631 3109 1681 3026 1659 2988 1689 2933 1686 2877 1651 2837 1676 2799 1653 2721 1666 2694 1648 2618 1694 2555 1694 2522 1666 2469 1694 2424 1669 2051 1699 2051 1704 2051 1739"/></Shape>
            <String CONTENT="حنقه منه وأخذ ينخسه في
رقبته بالنمجاة ثم طرده"
                    HPOS="2051"
                    VPOS="1631"
                    WIDTH="1342"
                    HEIGHT="126"
                    ></String>
          </TextLine>
          <TextLine ID="eSc_line_4660639b"
                    TAGREFS="LT1"
                    BASELINE="2359 1784 3391 1777" 
                    HPOS="2359"
                    VPOS="1754"
                    WIDTH="1032"
                    HEIGHT="83">
            <Shape><Polygon POINTS="2359 1837 2447 1820 2535 1835 2626 1820 2691 1837 2704 1822 2817 1817 3288 1832 3388 1815 3391 1777 3386 1772 3061 1754 3023 1774 2960 1757 2847 1774 2701 1757 2686 1772 2575 1759 2540 1777 2386 1777 2359 1784 2359 1837"/></Shape>
            <String CONTENT=" وأبعده وطلب الأمير قجليس وأمره بما تقدم فخنقه
"
                    HPOS="2359"
                    VPOS="1754"
                    WIDTH="1032"
                    HEIGHT="83"
                    ></String>
          </TextLine>
          <TextLine ID="eSc_line_24ec5821"
                    TAGREFS="LT1"
                    BASELINE="2062 1865 3185 1875 3263 1870 3378 1873" 
                    HPOS="2057"
                    VPOS="1789"
                    WIDTH="1319"
                    HEIGHT="136">
            <Shape><Polygon POINTS="2057 1900 2286 1918 2379 1900 2600 1915 2704 1903 2726 1920 2802 1923 2963 1905 3089 1925 3182 1910 3295 1925 3373 1908 3376 1870 3220 1792 2958 1789 2910 1830 2857 1827 2774 1860 2673 1860 2618 1827 2550 1857 2485 1840 2429 1857 2407 1835 2255 1857 2097 1855 2059 1862 2057 1900"/></Shape>
            <String CONTENT=" "
                    HPOS="2057"
                    VPOS="1789"
                    WIDTH="1319"
                    HEIGHT="136"
                    ></String>
          </TextLine>
          <TextLine ID="eSc_line_91e5e12e"
                    TAGREFS="LT1"
                    BASELINE="2079 1943 3400 1951" 
                    HPOS="2074"
                    VPOS="1915"
                    WIDTH="1325"
                    HEIGHT="86">
            <Shape><Polygon POINTS="2074 1976 2167 1978 2190 1996 2447 1978 2464 1996 2568 1998 2897 1981 2960 2001 3044 1983 3094 2001 3325 2001 3396 1983 3399 1948 3358 1940 2970 1940 2935 1918 2905 1938 2764 1918 2656 1935 2626 1918 2517 1915 2429 1933 2301 1915 2266 1935 2079 1935 2077 1940 2074 1976"/></Shape>
            <String CONTENT="الأمير سيف الدين قريب الملك الناصر محمد بن"
                    HPOS="2074"
                    VPOS="1915"
                    WIDTH="1325"
                    HEIGHT="86"
                    ></String>
          </TextLine>
          <TextLine ID="eSc_line_ea490907"
                    TAGREFS="LT1"
                    BASELINE="2089 2021 2230 2031 3400 2027" 
                    HPOS="2087"
                    VPOS="2003"
                    WIDTH="1312"
                    HEIGHT="86">
            <Shape><Polygon POINTS="2087 2089 2198 2069 2230 2087 2313 2064 2417 2087 2487 2061 2515 2081 2563 2061 2603 2087 2706 2061 2744 2087 2812 2061 3006 2066 3044 2087 3232 2061 3315 2087 3396 2061 3399 2026 3396 2024 3129 2024 3109 2003 3061 2024 2998 2024 2978 2003 2842 2003 2822 2024 2741 2003 2643 2024 2563 2003 2432 2003 2412 2024 2094 2014 2087 2019 2087 2089"/></Shape>
            <String CONTENT="قلاوون لأمه
 "
                    HPOS="2087"
                    VPOS="2003"
                    WIDTH="1312"
                    HEIGHT="86"
                    ></String>
          </TextLine>
          <TextLine ID="eSc_line_a82bbde4"
                    TAGREFS="LT1"
                    BASELINE="2082 2129 3396 2119" 
                    HPOS="2082"
                    VPOS="2084"
                    WIDTH="1314"
                    HEIGHT="93">
            <Shape><Polygon POINTS="2082 2160 2165 2177 2376 2177 2522 2175 2550 2154 2583 2175 2704 2175 2739 2152 2762 2172 2797 2152 2986 2152 3013 2172 3069 2149 3220 2149 3240 2170 3325 2152 3363 2170 3396 2152 3396 2119 3391 2114 3232 2114 3205 2089 3149 2084 3111 2107 3018 2087 2933 2107 2908 2087 2774 2087 2673 2119 2608 2117 2583 2094 2522 2117 2474 2094 2447 2119 2344 2104 2321 2122 2114 2122 2082 2129 2082 2160"/></Shape>
            <String CONTENT="وترقى حتى صار من جملة الأمراء ثم تنكر
"
                    HPOS="2082"
                    VPOS="2084"
                    WIDTH="1314"
                    HEIGHT="93"
                    ></String>
          </TextLine>
          <TextLine ID="eSc_line_3140a366"
                    TAGREFS="LT1"
                    BASELINE="2102 2215 3393 2207" 
                    HPOS="2102"
                    VPOS="2185"
                    WIDTH="1291"
                    HEIGHT="83">
            <Shape><Polygon POINTS="2102 2260 2187 2248 2276 2268 2502 2268 2545 2248 2578 2265 2618 2250 2724 2265 2764 2245 2792 2265 2837 2248 2925 2265 2953 2245 3207 2243 3331 2263 3393 2240 3393 2207 3388 2205 2970 2185 2953 2200 2777 2187 2719 2207 2688 2187 2603 2207 2555 2187 2520 2210 2376 2192 2359 2210 2102 2210 2102 2215 2102 2260"/></Shape>
            <String CONTENT="لامهرمه شر احنه الا يحوله وتقمص علمه وخمه مكاس مد سدسمه"
                    HPOS="2102"
                    VPOS="2185"
                    WIDTH="1291"
                    HEIGHT="83"
                    ></String>
          </TextLine>
          <TextLine ID="eSc_line_eea53f87"
                    TAGREFS="LT1"
                    BASELINE="2112 2333 3387 2310" 
                    HPOS="2109"
                    VPOS="2275"
                    WIDTH="1277"
                    HEIGHT="104">
            <Shape><Polygon POINTS="2109 2358 2130 2353 2162 2379 2187 2353 2228 2379 2507 2361 2532 2374 2560 2358 2661 2371 2719 2346 2960 2338 3061 2353 3167 2338 3190 2361 3242 2361 3386 2331 3386 2308 3353 2300 3182 2303 3149 2285 3081 2295 2963 2275 2925 2278 2897 2306 2832 2308 2802 2280 2714 2295 2673 2280 2585 2283 2555 2306 2459 2293 2424 2311 2162 2321 2109 2331 2109 2358"/></Shape>
            <String CONTENT="رسعه مففرقد فلماات لطم كربولة معصم اعم عليه"
                    HPOS="2109"
                    VPOS="2275"
                    WIDTH="1277"
                    HEIGHT="104"
                    ></String>
          </TextLine>
          <TextLine ID="eSc_line_2c88e10a"
                    TAGREFS="LT1"
                    BASELINE="2083 2295 2177 2300" 
                    HPOS="2079"
                    VPOS="2263"
                    WIDTH="96"
                    HEIGHT="43">
            <Shape><Polygon POINTS="2079 2306 2172 2306 2175 2298 2175 2290 2117 2263 2087 2283 2082 2293 2079 2306"/></Shape>
            <String CONTENT=""
                    HPOS="2079"
                    VPOS="2263"
                    WIDTH="96"
                    HEIGHT="43"
                    ></String>
          </TextLine>
          <TextLine ID="eSc_line_a5de1f0e"
                    TAGREFS="LT1"
                    BASELINE="2251 2406 2592 2410 2766 2393 3383 2399" 
                    HPOS="2248"
                    VPOS="2326"
                    WIDTH="1133"
                    HEIGHT="141">
            <Shape><Polygon POINTS="2248 2464 2487 2464 2532 2444 2580 2464 2618 2436 2656 2436 2699 2467 2724 2444 2756 2462 2794 2436 2814 2452 3046 2436 3069 2459 3114 2439 3159 2459 3220 2436 3245 2452 3378 2436 3381 2396 3258 2326 2832 2346 2767 2391 2724 2376 2643 2391 2618 2371 2598 2389 2374 2389 2250 2404 2248 2464"/></Shape>
            <String CONTENT="لم تقمر صر انام ومات يطا بمو سنه بع وله بع وسع"
                    HPOS="2248"
                    VPOS="2326"
                    WIDTH="1133"
                    HEIGHT="141"
                    ></String>
          </TextLine>
        </TextBlock>
        <TextBlock HPOS="3422"
                   VPOS="1907"
                   WIDTH="306"
                   HEIGHT="198"
                   ID="eSc_textblock_6d0a8cff"
                   TAGREFS="BT1063">
          <Shape><Polygon POINTS="3728 1907 3711 2092 3578 2100 3422 2105 3427 1915 3646 1911"/></Shape>
          <TextLine ID="eSc_line_9a822ce0"
                    TAGREFS="LT1"
                    BASELINE="3430 1968 3708 1953" 
                    HPOS="3426"
                    VPOS="1915"
                    WIDTH="280"
                    HEIGHT="104">
            <Shape><Polygon POINTS="3429 1966 3429 1996 3472 2019 3534 1991 3560 2008 3660 2008 3706 1981 3706 1951 3691 1935 3643 1938 3607 1915 3426 1946 3429 1966"/></Shape>
            <String CONTENT="وومر الى مصوسعه"
                    HPOS="3426"
                    VPOS="1915"
                    WIDTH="280"
                    HEIGHT="104"
                    ></String>
          </TextLine>
          <TextLine ID="eSc_line_ab9ad648"
                    TAGREFS="LT1"
                    BASELINE="3428 2051 3701 2040" 
                    HPOS="3426"
                    VPOS="2014"
                    WIDTH="272"
                    HEIGHT="75">
            <Shape><Polygon POINTS="3426 2087 3698 2089 3698 2039 3696 2031 3665 2014 3514 2019 3494 2039 3436 2041 3426 2049 3426 2087"/></Shape>
            <String CONTENT="رمع وسفع"
                    HPOS="3426"
                    VPOS="2014"
                    WIDTH="272"
                    HEIGHT="75"
                    ></String>
          </TextLine>
        </TextBlock>
        <TextBlock HPOS="592"
                   VPOS="1353"
                   WIDTH="1308"
                   HEIGHT="1244"
                   ID="eSc_textblock_1dbf3949"
                   TAGREFS="BT1065">
          <Shape><Polygon POINTS="1601 1374 1890 1377 1900 2394 1860 2565 981 2597 592 2552 644 1409 928 1353 1082 1366 1325 1373 1398 1439 1474 1371 1479 1371"/></Shape>
          <TextLine ID="eSc_line_9e3e695f"
                    TAGREFS="LT1"
                    BASELINE="720 1427 1291 1442 1873 1414" 
                    HPOS="717"
                    VPOS="1377"
                    WIDTH="1153"
                    HEIGHT="95">
            <Shape><Polygon POINTS="1445 1414 1420 1432 1414 1404 1374 1414 1347 1414 1344 1432 1319 1414 1284 1414 1236 1384 1178 1399 1155 1384 1082 1414 1032 1389 994 1414 936 1392 903 1419 813 1392 737 1397 717 1424 717 1460 851 1472 883 1455 939 1472 1268 1450 1387 1467 1462 1447 1727 1460 1764 1445 1825 1460 1868 1442 1870 1412 1868 1407 1827 1377 1674 1409 1646 1387 1598 1404 1553 1382 1467 1397 1445 1414"/></Shape>
            <String CONTENT="ومر مع من عسر من وتادين جرع بن خصرمين م"
                    HPOS="717"
                    VPOS="1377"
                    WIDTH="1153"
                    HEIGHT="95"
                    ></String>
          </TextLine>
          <TextLine ID="eSc_line_eb0b4e0f"
                    TAGREFS="LT1"
                    BASELINE="674 1492 1314 1520 1380 1521 1868 1487" 
                    HPOS="669"
                    VPOS="1460"
                    WIDTH="1196"
                    HEIGHT="93">
            <Shape><Polygon POINTS="672 1490 669 1538 906 1525 964 1553 1014 1535 1087 1553 1190 1538 1243 1553 1540 1553 1618 1525 1696 1553 1742 1525 1863 1525 1865 1485 1865 1477 1848 1460 1759 1477 1739 1460 1576 1460 1500 1485 1412 1460 1341 1485 1246 1465 1170 1485 1130 1462 1044 1485 672 1485 672 1490"/></Shape>
            <String CONTENT="البعمى مهري نهعد ان ريمرو الحاف بن مضاعة البهر"
                    HPOS="669"
                    VPOS="1460"
                    WIDTH="1196"
                    HEIGHT="93"
                    ></String>
          </TextLine>
          <TextLine ID="eSc_line_8874004c"
                    TAGREFS="LT1"
                    BASELINE="669 1584 1292 1611 1292 1611 1862 1587" 
                    HPOS="664"
                    VPOS="1563"
                    WIDTH="1196"
                    HEIGHT="73">
            <Shape><Polygon POINTS="664 1608 863 1608 896 1633 984 1616 1009 1633 1226 1636 1858 1611 1860 1586 1858 1583 1742 1565 1440 1565 1394 1586 1334 1565 1311 1586 1236 1568 1122 1583 1075 1563 1042 1583 871 1583 833 1565 803 1583 667 1583 664 1608"/></Shape>
            <String CONTENT="رققتما م سور انهه صلحابهه علمه وسل وسهد صبح مرر حه"
                    HPOS="664"
                    VPOS="1563"
                    WIDTH="1196"
                    HEIGHT="73"
                    ></String>
          </TextLine>
          <TextLine ID="eSc_line_2c303c4c"
                    TAGREFS="LT1"
                    BASELINE="677 1666 1303 1688 1870 1659" 
                    HPOS="674"
                    VPOS="1641"
                    WIDTH="1194"
                    HEIGHT="80">
            <Shape><Polygon POINTS="674 1696 793 1694 828 1719 848 1704 886 1716 908 1696 981 1719 1067 1704 1100 1721 1193 1721 1243 1706 1553 1719 1636 1696 1669 1711 1696 1694 1727 1706 1747 1691 1865 1691 1868 1656 1865 1661 1649 1643 1596 1661 1576 1641 1528 1641 1508 1661 1329 1661 1309 1641 1266 1656 1218 1643 1193 1664 1117 1643 679 1659 674 1664 674 1696"/></Shape>
            <String CONTENT="وسلبها وهع رحا معووف منها معرب لامن لبيعه كن"
                    HPOS="674"
                    VPOS="1641"
                    WIDTH="1194"
                    HEIGHT="80"
                    ></String>
          </TextLine>
          <TextLine ID="eSc_line_29b7befd"
                    TAGREFS="LT1"
                    BASELINE="657 1739 1285 1771 1870 1744" 
                    HPOS="652"
                    VPOS="1714"
                    WIDTH="1216"
                    HEIGHT="96">
            <Shape><Polygon POINTS="652 1774 810 1777 833 1794 873 1779 936 1794 964 1774 986 1794 1122 1782 1183 1807 1296 1789 1329 1807 1450 1810 1553 1810 1631 1779 1679 1794 1722 1779 1747 1805 1785 1779 1865 1779 1868 1742 1865 1734 1850 1716 1691 1716 1644 1742 1568 1724 1470 1742 1352 1714 1321 1739 1233 1739 1203 1716 1133 1739 1087 1714 1007 1714 961 1734 926 1714 828 1737 654 1737 652 1774"/></Shape>
            <String CONTENT="الدبوان ي ومن مععمه بن لي سفين أر بعنوا لعا مهر اربعه ا"
                    HPOS="652"
                    VPOS="1714"
                    WIDTH="1216"
                    HEIGHT="96"
                    ></String>
          </TextLine>
          <TextLine ID="eSc_line_c849ce1e"
                    TAGREFS="LT1"
                    BASELINE="634 1837 1212 1863 1288 1871 1868 1832" 
                    HPOS="631"
                    VPOS="1794"
                    WIDTH="1234"
                    HEIGHT="101">
            <Shape><Polygon POINTS="631 1878 745 1878 767 1895 788 1878 926 1873 954 1893 1057 1895 1206 1875 1221 1890 1404 1888 1457 1870 1485 1888 1553 1862 1629 1885 1865 1857 1865 1830 1863 1817 1785 1794 1762 1812 1699 1797 1639 1820 1563 1800 1543 1820 1485 1805 1445 1825 1218 1812 1175 1830 1127 1807 1077 1827 1037 1810 901 1810 798 1835 637 1830 631 1835 631 1878"/></Shape>
            <String CONTENT="عاس اتين فاعط مسلدن بحاراها الدوار اعطعا وب"
                    HPOS="631"
                    VPOS="1794"
                    WIDTH="1234"
                    HEIGHT="101"
                    ></String>
          </TextLine>
          <TextLine ID="eSc_line_65b016c9"
                    TAGREFS="LT1"
                    BASELINE="644 1928 1270 1949 1865 1918" 
                    HPOS="639"
                    VPOS="1900"
                    WIDTH="1224"
                    HEIGHT="83">
            <Shape><Polygon POINTS="642 1925 642 1958 712 1973 790 1958 861 1978 906 1963 979 1981 1070 1956 1112 1976 1311 1983 1603 1966 1696 1981 1739 1956 1775 1968 1863 1951 1863 1915 1860 1913 1696 1903 1659 1920 1631 1900 1503 1900 1482 1920 1407 1920 1384 1900 1216 1923 1009 1908 961 1925 936 1905 886 1905 825 1925 788 1910 762 1925 639 1923 642 1925"/></Shape>
            <String CONTENT="عيف كلاتهم وارراقهم وموابت البلا ومن جسوم واورا والكعب"
                    HPOS="639"
                    VPOS="1900"
                    WIDTH="1224"
                    HEIGHT="83"
                    ></String>
          </TextLine>
          <TextLine ID="eSc_line_46817063"
                    TAGREFS="LT1"
                    BASELINE="654 2001 1233 2036 1868 2014" 
                    HPOS="649"
                    VPOS="1978"
                    WIDTH="1216"
                    HEIGHT="96">
            <Shape><Polygon POINTS="649 2031 906 2054 1117 2036 1175 2061 1223 2049 1243 2069 1301 2051 1399 2071 1623 2074 1863 2044 1865 2014 1865 2011 1505 1986 1465 2011 1382 2011 1316 1983 1258 2008 1153 2008 1085 1981 964 1981 921 2006 893 1978 848 2003 767 1978 715 2003 652 2001 652 1998 649 2031"/></Shape>
            <String CONTENT="وحملا والقمح الى الحجازيربعث ال معومه سبايه الف وبباوفك"
                    HPOS="649"
                    VPOS="1978"
                    WIDTH="1216"
                    HEIGHT="96"
                    ></String>
          </TextLine>
          <TextLine ID="eSc_line_9c34ba3c"
                    TAGREFS="LT1"
                    BASELINE="654 2084 1264 2127 1331 2125 1870 2092" 
                    HPOS="649"
                    VPOS="2059"
                    WIDTH="1219"
                    HEIGHT="98">
            <Shape><Polygon POINTS="652 2081 649 2119 702 2134 856 2124 888 2147 954 2124 981 2149 1077 2137 1168 2152 1352 2152 1367 2137 1563 2149 1596 2129 1639 2157 1865 2132 1868 2089 1868 2087 1460 2092 1435 2071 1404 2087 1364 2064 1281 2064 1243 2084 1054 2087 939 2059 861 2059 833 2076 717 2059 652 2079 652 2081"/></Shape>
            <String CONTENT="ابن ععيومن مهضت الى بل افهم برح بن جسكل النهراي"
                    HPOS="649"
                    VPOS="2059"
                    WIDTH="1219"
                    HEIGHT="98"
                    ></String>
          </TextLine>
          <TextLine ID="eSc_line_197ee7f8"
                    TAGREFS="LT1"
                    BASELINE="662 2185 1267 2211 1267 2211 1865 2180" 
                    HPOS="657"
                    VPOS="2157"
                    WIDTH="1206"
                    HEIGHT="81">
            <Shape><Polygon POINTS="659 2182 659 2227 755 2217 780 2238 893 2222 926 2235 981 2217 1007 2238 1070 2217 1110 2238 1299 2238 1430 2220 1548 2235 1576 2215 1646 2230 1860 2215 1863 2177 1860 2175 1435 2157 1402 2180 1291 2182 1253 2162 1206 2180 1145 2160 1122 2182 853 2165 823 2182 793 2167 657 2180 659 2182"/></Shape>
            <String CONTENT="عفا لهذ لا يال ما لوا يخرج من لادما ود ووفرق وعم وهف"
                    HPOS="657"
                    VPOS="2157"
                    WIDTH="1206"
                    HEIGHT="81"
                    ></String>
          </TextLine>
          <TextLine ID="eSc_line_a9b648f0"
                    TAGREFS="LT1"
                    BASELINE="647 2278 1267 2306 1485 2273 1863 2255" 
                    HPOS="642"
                    VPOS="2235"
                    WIDTH="1218"
                    HEIGHT="98">
            <Shape><Polygon POINTS="642 2316 689 2323 730 2295 765 2326 858 2306 913 2328 984 2303 1022 2331 1087 2316 1102 2331 1299 2331 1357 2313 1377 2331 1488 2318 1515 2333 1593 2311 1621 2326 1654 2300 1858 2300 1860 2253 1860 2250 1699 2238 1666 2255 1553 2238 1510 2268 1467 2268 1402 2235 1309 2265 1276 2243 1223 2265 1112 2238 1047 2265 1007 2243 740 2263 644 2275 642 2316"/></Shape>
            <String CONTENT="ماالسبحد فقال ا حدرابمطبايا وادر اوك واعطبات مب الام"
                    HPOS="642"
                    VPOS="2235"
                    WIDTH="1218"
                    HEIGHT="98"
                    ></String>
          </TextLine>
          <TextLine ID="eSc_line_feea18da"
                    TAGREFS="LT1"
                    BASELINE="674 2368 1270 2403 1381 2391 1870 2338" 
                    HPOS="672"
                    VPOS="2328"
                    WIDTH="1196"
                    HEIGHT="91">
            <Shape><Polygon POINTS="672 2399 780 2391 805 2416 851 2396 898 2419 954 2386 1072 2419 1125 2404 1397 2416 1520 2394 1581 2414 1644 2379 1689 2401 1724 2379 1868 2379 1868 2336 1865 2336 1543 2328 1490 2346 1455 2328 1432 2351 1274 2338 1258 2353 1122 2356 1100 2333 1004 2333 961 2356 833 2343 682 2358 672 2366 672 2399"/></Shape>
            <String CONTENT="بوبع ما ت لا زم  ربعه ام فعه وكا مت سراه برح بعر بوت"
                    HPOS="672"
                    VPOS="2328"
                    WIDTH="1196"
                    HEIGHT="91"
                    ></String>
          </TextLine>
          <TextLine ID="eSc_line_25c4298a"
                    TAGREFS="LT1"
                    BASELINE="611 2434 1278 2467 1860 2431" 
                    HPOS="606"
                    VPOS="2414"
                    WIDTH="1252"
                    HEIGHT="85">
            <Shape><Polygon POINTS="609 2431 606 2469 704 2499 740 2482 775 2497 800 2477 833 2499 926 2477 979 2497 1211 2499 1284 2474 1324 2499 1460 2499 1488 2477 1568 2497 1626 2469 1855 2469 1858 2429 1858 2424 1759 2414 1689 2434 1659 2416 1553 2434 1523 2416 1482 2434 1425 2414 1392 2434 1362 2414 1341 2434 1178 2434 1150 2414 1082 2414 1039 2434 1017 2414 941 2414 856 2434 757 2416 712 2434 609 2429 609 2431"/></Shape>
            <String CONTENT="يوبدت مضرين مزبجى اجع ومن موابي با لكتب من وبي"
                    HPOS="606"
                    VPOS="2414"
                    WIDTH="1252"
                    HEIGHT="85"
                    ></String>
          </TextLine>
          <TextLine ID="eSc_line_85ea923c"
                    TAGREFS="LT1"
                    BASELINE="833 2527 1325 2539 1328 2539 1855 2517" 
                    HPOS="828"
                    VPOS="2494"
                    WIDTH="1025"
                    HEIGHT="99">
            <Shape><Polygon POINTS="830 2525 830 2565 1019 2565 1075 2593 1221 2577 1508 2590 1561 2562 1606 2582 1722 2565 1762 2585 1800 2555 1853 2555 1853 2514 1850 2512 1724 2514 1664 2497 1601 2514 1576 2494 1555 2514 1510 2499 1490 2517 1347 2517 1326 2497 1286 2497 1238 2520 1150 2499 1022 2522 971 2507 828 2520 830 2525"/></Shape>
            <String CONTENT="الذيب سرمهو بزسعوان من عروم الحاف ردصابحه"
                    HPOS="828"
                    VPOS="2494"
                    WIDTH="1025"
                    HEIGHT="99"
                    ></String>
          </TextLine>
        </TextBlock>
        <TextBlock HPOS="1100"
                   VPOS="1260"
                   WIDTH="401"
                   HEIGHT="200"
                   ID="eSc_textblock_20321890"
                   TAGREFS="BT1063">
          <Shape><Polygon POINTS="1488 1268 1489 1268 1501 1377 1383 1460 1287 1388 1100 1373 1111 1260 1337 1265"/></Shape>
          <TextLine ID="eSc_line_a4e289fb"
                    TAGREFS="LT220"
                    BASELINE="1209 1265 1282 1375" 
                    HPOS="1180"
                    VPOS="1261"
                    WIDTH="136"
                    HEIGHT="128">
            <Shape><Polygon POINTS="1223 1261 1208 1263 1180 1278 1218 1301 1256 1389 1281 1374 1316 1344 1274 1314 1276 1283 1236 1261 1223 1261"/></Shape>
            <String CONTENT="ومعال"
                    HPOS="1180"
                    VPOS="1261"
                    WIDTH="136"
                    HEIGHT="128"
                    ></String>
          </TextLine>
          <TextLine ID="eSc_line_2954f5cd"
                    TAGREFS="LT220"
                    BASELINE="1138 1280 1221 1389" 
                    HPOS="1100"
                    VPOS="1263"
                    WIDTH="118"
                    HEIGHT="136">
            <Shape><Polygon POINTS="1211 1377 1216 1367 1195 1341 1198 1309 1155 1263 1135 1278 1100 1301 1200 1399 1218 1387 1218 1379 1211 1377"/></Shape>
            <String CONTENT="تكسكل"
                    HPOS="1100"
                    VPOS="1263"
                    WIDTH="118"
                    HEIGHT="136"
                    ></String>
          </TextLine>
          <TextLine ID="eSc_line_0d2eca91"
                    TAGREFS="LT220"
                    BASELINE="1350 1287 1423 1416" 
                    HPOS="1334"
                    VPOS="1286"
                    WIDTH="146"
                    HEIGHT="138">
            <Shape><Polygon POINTS="1334 1293 1397 1424 1422 1414 1480 1367 1374 1296 1349 1286 1334 1293"/></Shape>
            <String CONTENT="ومعال"
                    HPOS="1334"
                    VPOS="1286"
                    WIDTH="146"
                    HEIGHT="138"
                    ></String>
          </TextLine>
          <TextLine ID="eSc_line_96bf1306"
                    TAGREFS="LT220"
                    BASELINE="1299 1296 1382 1435" 
                    HPOS="1274"
                    VPOS="1276"
                    WIDTH="108"
                    HEIGHT="161">
            <Shape><Polygon POINTS="1274 1304 1359 1432 1372 1437 1379 1434 1382 1422 1349 1367 1339 1276 1296 1293 1274 1304"/></Shape>
            <String CONTENT="مهري "
                    HPOS="1274"
                    VPOS="1276"
                    WIDTH="108"
                    HEIGHT="161"
                    ></String>
          </TextLine>
        </TextBlock>
        <TextBlock HPOS="1975"
                   VPOS="344"
                   WIDTH="74"
                   HEIGHT="909"
                   ID="eSc_textblock_d8b34d88"
                   TAGREFS="BT1063">
          <Shape><Polygon POINTS="1992 357 1975 1253 2034 1251 2049 486 2034 344"/></Shape>
        </TextBlock>
      </PrintSpace>
    </Page>
  </Layout>
</alto>
