<?xml version="1.0" encoding="UTF-8"?>
<alto xmlns:xsi="http://www.w3.org/2001/XMLSchema-instance"
      xmlns="http://www.loc.gov/standards/alto/ns-v4#"
      xsi:schemaLocation="http://www.loc.gov/standards/alto/ns-v4# http://www.loc.gov/standards/alto/v4/alto-4-2.xsd">
  <Description>
    <MeasurementUnit>pixel</MeasurementUnit>
    <sourceImageInformation>
      <fileName>Muqaffa-or14533-3.pdf_page_78.png</fileName>
      <fileIdentifier>pdf//Muqaffa-or14533-3.pdf</fileIdentifier>
    </sourceImageInformation>
  </Description>
  <Tags>
    <OtherTag ID="BT1094" LABEL="text" DESCRIPTION="block type text"/><OtherTag ID="BT1066" LABEL="Chancery_Material" DESCRIPTION="block type Chancery_Material"/><OtherTag ID="BT1065" LABEL="Flyleaf" DESCRIPTION="block type Flyleaf"/><OtherTag ID="BT1064" LABEL="default" DESCRIPTION="block type default"/><OtherTag ID="BT1063" LABEL="Marginal_Material" DESCRIPTION="block type Marginal_Material"/><OtherTag ID="BT1062" LABEL="Catchword" DESCRIPTION="block type Catchword"/><OtherTag ID="BT4" LABEL="Illustration" DESCRIPTION="block type Illustration"/><OtherTag ID="BT3" LABEL="Commentary" DESCRIPTION="block type Commentary"/><OtherTag ID="BT2" LABEL="Main" DESCRIPTION="block type Main"/><OtherTag ID="BT1" LABEL="Title" DESCRIPTION="block type Title"/>
    <OtherTag ID="LT1" LABEL="Main" DESCRIPTION="line type Main"/><OtherTag ID="LT219" LABEL="default" DESCRIPTION="line type default"/><OtherTag ID="LT220" LABEL="Main-90" DESCRIPTION="line type Main-90"/><OtherTag ID="LT221" LABEL="Main-180" DESCRIPTION="line type Main-180"/><OtherTag ID="LT222" LABEL="Main-270" DESCRIPTION="line type Main-270"/>
  </Tags>
  <Layout>
    <Page WIDTH="3992"
          HEIGHT="3021"
          PHYSICAL_IMG_NR="274"
          ID="eSc_dummypage_">
      <PrintSpace HPOS="0"
                  VPOS="0"
                  WIDTH="3992"
                  HEIGHT="3021">
        <TextBlock HPOS="2049"
                   VPOS="302"
                   WIDTH="1489"
                   HEIGHT="2430"
                   ID="eSc_textblock_54dd18a2"
                   TAGREFS="BT2">
          <Shape><Polygon POINTS="3478 302 3518 332 3538 2212 3498 2706 2163 2731 2104 2732 2089 2155 2049 1945 2096 1855 2092 352 2143 312 2652 302"/></Shape>
          <TextLine ID="eSc_line_0119c438"
                    TAGREFS="LT1"
                    BASELINE="2148 375 3465 352" 
                    HPOS="2145"
                    VPOS="302"
                    WIDTH="1320"
                    HEIGHT="118">
            <Shape><Polygon POINTS="3455 302 3430 302 3405 302 3379 302 3354 302 3329 302 3304 302 3279 302 3254 302 3228 302 3203 302 3201 302 3160 317 3004 304 2876 322 2735 307 2710 324 2528 324 2503 307 2460 322 2145 312 2148 375 2148 420 2186 405 2274 420 2357 402 2878 410 2924 392 3178 387 3271 402 3329 385 3422 400 3465 382 3465 352 3463 302 3455 302"/></Shape>
            <String CONTENT="ارباب الوظائف وعلى نائب الشام قام بذلك كله السلطان ثم يوحه مكتمر"
                    HPOS="2145"
                    VPOS="302"
                    WIDTH="1320"
                    HEIGHT="118"
                    ></String>
          </TextLine>
          <TextLine ID="eSc_line_912b431c"
                    TAGREFS="LT1"
                    BASELINE="2143 460 3468 445" 
                    HPOS="2143"
                    VPOS="412"
                    WIDTH="1325"
                    HEIGHT="94">
            <Shape><Polygon POINTS="2143 503 2329 506 2390 485 2432 503 2584 503 2677 483 2770 500 2828 480 2936 498 3468 480 3468 445 3463 440 3024 412 2939 417 2914 443 2881 415 2838 415 2715 425 2687 448 2649 433 2621 448 2581 422 2526 450 2397 438 2173 453 2143 460 2143 503"/></Shape>
            <String CONTENT="في ركاب السلطان إلى الحجاز في خامس عشر من شوال سنة اثنتين
وثلاثين "
                    HPOS="2143"
                    VPOS="412"
                    WIDTH="1325"
                    HEIGHT="94"
                    ></String>
          </TextLine>
          <TextLine ID="eSc_line_d9e4d006"
                    TAGREFS="LT1"
                    BASELINE="2148 543 3480 518" 
                    HPOS="2148"
                    VPOS="498"
                    WIDTH="1332"
                    HEIGHT="86">
            <Shape><Polygon POINTS="2148 581 2679 584 2712 563 2921 579 2936 563 2979 576 3140 556 3211 573 3238 553 3405 568 3480 548 3480 518 3478 513 3191 518 3173 500 3097 518 3060 498 2964 498 2886 523 2803 503 2672 528 2644 506 2571 528 2422 508 2392 531 2299 511 2160 536 2148 543 2148 581"/></Shape>
            <String CONTENT="فبلغ السلطان عنه أثناء طريقه أنه قد وافق جماعة من المماليك
"
                    HPOS="2148"
                    VPOS="498"
                    WIDTH="1332"
                    HEIGHT="86"
                    ></String>
          </TextLine>
          <TextLine ID="eSc_line_7564677e"
                    TAGREFS="LT1"
                    BASELINE="2120 636 3493 599" 
                    HPOS="2120"
                    VPOS="568"
                    WIDTH="1373"
                    HEIGHT="119">
            <Shape><Polygon POINTS="2120 674 2259 667 2299 687 2342 667 2359 684 2485 682 2579 657 2599 677 2662 677 2687 659 2873 664 2969 646 3082 664 3186 646 3218 662 3301 639 3493 634 3493 599 3480 591 3387 594 3362 568 3243 589 3213 571 3170 594 3143 573 3105 594 3029 576 2997 601 2959 579 2846 581 2805 609 2710 611 2684 594 2571 589 2538 616 2432 594 2385 621 2155 624 2120 636 2120 674"/></Shape>
            <String CONTENT="السلطانية على قتله وأخذه الملك لنفسه فهم بالعود إلى مصر وقد تزايد "
                    HPOS="2120"
                    VPOS="568"
                    WIDTH="1373"
                    HEIGHT="119"
                    ></String>
          </TextLine>
          <TextLine ID="eSc_line_b7176bc9"
                    TAGREFS="LT1"
                    BASELINE="2126 733 3502 692" 
                    HPOS="2125"
                    VPOS="669"
                    WIDTH="1375"
                    HEIGHT="108">
            <Shape><Polygon POINTS="2125 765 2367 777 2407 755 2422 770 2528 772 2621 767 2647 747 2853 762 3024 735 3095 755 3153 752 3178 730 3334 747 3500 720 3500 689 3498 684 3226 692 3191 674 3163 694 3135 672 3090 687 3065 669 2997 699 2982 684 2840 692 2772 677 2692 679 2636 709 2370 689 2138 725 2125 732 2125 765"/></Shape>
            <String CONTENT="قلقه
ثم مضى وهو في غاية القلق حتى نزل خليص ف فر نحو ثلاثين مملوكا إلى
"
                    HPOS="2125"
                    VPOS="669"
                    WIDTH="1375"
                    HEIGHT="108"
                    ></String>
          </TextLine>
          <TextLine ID="eSc_line_79e848cb"
                    TAGREFS="LT1"
                    BASELINE="2153 813 3490 785" 
                    HPOS="2153"
                    VPOS="760"
                    WIDTH="1337"
                    HEIGHT="93">
            <Shape><Polygon POINTS="2153 853 2561 848 2596 833 2636 848 2659 830 2732 845 2785 828 2881 843 3004 823 3246 835 3369 815 3430 830 3490 813 3490 785 3483 780 3334 782 3254 760 3233 777 3133 762 3105 782 3022 765 2997 787 2964 767 2911 767 2876 793 2790 770 2742 795 2677 772 2629 798 2500 777 2427 800 2183 805 2153 813 2153 853"/></Shape>
            <String CONTENT="جهة العراق فكثر توهمه من بكتمر وأخذ يداهنه ويلطف بملازمته "
                    HPOS="2153"
                    VPOS="760"
                    WIDTH="1337"
                    HEIGHT="93"
                    ></String>
          </TextLine>
          <TextLine ID="eSc_line_d0676deb"
                    TAGREFS="LT1"
                    BASELINE="2118 903 2916 881 3490 876" 
                    HPOS="2118"
                    VPOS="833"
                    WIDTH="1372"
                    HEIGHT="118">
            <Shape><Polygon POINTS="2118 941 2450 951 2601 946 2624 926 2727 944 2752 923 3050 916 3160 936 3490 911 3490 876 3465 860 3425 860 3390 833 3372 853 3286 833 3191 863 3160 838 3120 853 3039 838 2846 855 2813 843 2750 876 2692 876 2657 853 2619 871 2596 858 2266 886 2118 903 2118 941"/></Shape>
            <String CONTENT="حتى لم يجد
بكتمر فراغا من السلطان أن يجتمع بأهله فإنه كان إذا ركب أخذه "
                    HPOS="2118"
                    VPOS="833"
                    WIDTH="1372"
                    HEIGHT="118"
                    ></String>
          </TextLine>
          <TextLine ID="eSc_line_ae9e1002"
                    TAGREFS="LT1"
                    BASELINE="2119 993 3483 969" 
                    HPOS="2118"
                    VPOS="946"
                    WIDTH="1362"
                    HEIGHT="86">
            <Shape><Polygon POINTS="2118 1029 2176 1014 2385 1032 2571 1009 2589 1027 2647 1027 2707 1004 2765 1024 2838 1001 2929 1022 2966 999 3029 1019 3145 996 3478 1004 3480 966 3475 961 3221 964 3130 946 3080 966 3055 949 2934 949 2788 971 2659 954 2611 974 2448 959 2430 976 2385 964 2327 981 2148 984 2118 991 2118 1029"/></Shape>
            <String CONTENT="بجانبه في
مدة سيره فإذا نزل جلس معه ولا يدعه لحظة واحدة حتى إن "
                    HPOS="2118"
                    VPOS="946"
                    WIDTH="1362"
                    HEIGHT="86"
                    ></String>
          </TextLine>
          <TextLine ID="eSc_line_2305145f"
                    TAGREFS="LT1"
                    BASELINE="2163 1080 3490 1057" 
                    HPOS="2163"
                    VPOS="1029"
                    WIDTH="1327"
                    HEIGHT="98">
            <Shape><Polygon POINTS="2163 1120 2410 1127 2432 1110 2450 1127 2541 1125 2586 1105 2662 1122 2752 1100 2994 1117 3077 1095 3181 1115 3249 1095 3342 1112 3490 1087 3490 1057 3485 1052 3155 1057 3047 1032 3024 1054 2982 1037 2961 1054 2934 1029 2893 1062 2848 1032 2785 1049 2682 1034 2657 1052 2604 1034 2181 1072 2163 1080 2163 1120"/></Shape>
            <String CONTENT="الأمير جنكلي ابن
البابا بعث بابنه ناصر الدين محمد إلى الأمير بكتمر في حا"
                    HPOS="2163"
                    VPOS="1029"
                    WIDTH="1327"
                    HEIGHT="98"
                    ></String>
          </TextLine>
          <TextLine ID="eSc_line_d2eea1ac"
                    BASELINE="2136 1060 2263 1036" 
                    HPOS="2128"
                    VPOS="991"
                    WIDTH="136"
                    HEIGHT="78">
            <Shape><Polygon POINTS="2261 1034 2251 991 2128 999 2135 1059 2138 1069 2264 1054 2261 1034"/></Shape>
            <String CONTENT="جة "
                    HPOS="2128"
                    VPOS="991"
                    WIDTH="136"
                    HEIGHT="78"
                    ></String>
          </TextLine>
          <TextLine ID="eSc_line_4f5563fa"
                    TAGREFS="LT1"
                    BASELINE="2125 1175 3488 1150" 
                    HPOS="2125"
                    VPOS="1120"
                    WIDTH="1363"
                    HEIGHT="103">
            <Shape><Polygon POINTS="2125 1205 2259 1223 2296 1203 2395 1220 2551 1198 2574 1215 2667 1215 2788 1210 2808 1193 2954 1208 3019 1190 3077 1208 3113 1188 3175 1205 3216 1185 3319 1200 3488 1180 3488 1150 3480 1145 3329 1120 3281 1140 3261 1120 3211 1120 3102 1147 3057 1127 2951 1153 2921 1127 2866 1127 2798 1158 2689 1158 2664 1132 2591 1132 2526 1163 2430 1145 2390 1165 2155 1168 2125 1175 2125 1205"/></Shape>
            <String CONTENT="عنت له فأقام
نحو عشرة أيام يتردد إلى مخيمه وهو لا يجده ثم آ"
                    HPOS="2125"
                    VPOS="1120"
                    WIDTH="1363"
                    HEIGHT="103"
                    ></String>
          </TextLine>
          <TextLine ID="eSc_line_227131ff"
                    BASELINE="2114 1186 2211 1132" 
                    HPOS="2095"
                    VPOS="1087"
                    WIDTH="126"
                    HEIGHT="141">
            <Shape><Polygon POINTS="2133 1168 2098 1155 2095 1155 2113 1185 2138 1228 2183 1210 2221 1153 2208 1130 2178 1087 2130 1147 2125 1147 2133 1168"/></Shape>
            <String CONTENT="خر "
                    HPOS="2095"
                    VPOS="1087"
                    WIDTH="126"
                    HEIGHT="141"
                    ></String>
          </TextLine>
          <TextLine ID="eSc_line_d0ee739a"
                    TAGREFS="LT1"
                    BASELINE="2125 1256 2349 1266 3488 1241" 
                    HPOS="2125"
                    VPOS="1223"
                    WIDTH="1363"
                    HEIGHT="88">
            <Shape><Polygon POINTS="2125 1311 2279 1311 2299 1291 2327 1304 2485 1288 2506 1306 2568 1286 2636 1301 2674 1283 2699 1299 2737 1283 2810 1301 2921 1286 2997 1299 3024 1276 3062 1296 3153 1281 3279 1293 3488 1268 3488 1241 3435 1233 2916 1243 2893 1226 2765 1223 2586 1243 2551 1228 2528 1251 2415 1231 2377 1256 2324 1236 2246 1258 2130 1251 2125 1256 2125 1311"/></Shape>
            <String CONTENT="أمره أنه وحده وقد خرج
من عند السلطان فسلم عليه وأخذ يحادثه "
                    HPOS="2125"
                    VPOS="1223"
                    WIDTH="1363"
                    HEIGHT="88"
                    ></String>
          </TextLine>
          <TextLine ID="eSc_line_12240ee0"
                    TAGREFS="LT1"
                    BASELINE="2136 1365 3493 1329" 
                    HPOS="2135"
                    VPOS="1306"
                    WIDTH="1355"
                    HEIGHT="108">
            <Shape><Polygon POINTS="2135 1409 2178 1399 2201 1414 2226 1394 2314 1412 2364 1392 2405 1409 2506 1387 2556 1404 2629 1387 2674 1402 2717 1382 2765 1399 2823 1379 2936 1394 2961 1374 3042 1389 3105 1372 3170 1387 3390 1382 3407 1361 3490 1359 3490 1326 3442 1319 3246 1309 3213 1326 3170 1311 3087 1326 3050 1306 3002 1331 2946 1309 2798 1329 2624 1319 2558 1344 2531 1321 2495 1341 2450 1324 2344 1326 2307 1349 2168 1354 2135 1364 2135 1409"/></Shape>
            <String CONTENT="فقال له دعني حتى أقضي شغلا وأسمع
حديثك ثم دخل الخلاء في خيمة "
                    HPOS="2135"
                    VPOS="1306"
                    WIDTH="1355"
                    HEIGHT="108"
                    ></String>
          </TextLine>
          <TextLine ID="eSc_line_a680fd92"
                    TAGREFS="LT1"
                    BASELINE="2150 1455 3488 1422" 
                    HPOS="2150"
                    VPOS="1394"
                    WIDTH="1338"
                    HEIGHT="113">
            <Shape><Polygon POINTS="2150 1502 2249 1507 2294 1485 2329 1505 2372 1482 2417 1500 2538 1480 2614 1497 2888 1470 2936 1490 3060 1467 3173 1485 3201 1462 3281 1482 3488 1455 3488 1422 3468 1414 3322 1402 3279 1417 3228 1394 3186 1419 3148 1397 3070 1397 2863 1417 2762 1404 2737 1432 2659 1407 2594 1432 2531 1414 2480 1437 2422 1424 2206 1445 2150 1455 2150 1502"/></Shape>
            <String CONTENT="وخرج ليجلس وإذا بجمدار 
 بعث به السلطان في طلبه فأخذ يتوضأ "
                    HPOS="2150"
                    VPOS="1394"
                    WIDTH="1338"
                    HEIGHT="113"
                    ></String>
          </TextLine>
          <TextLine ID="eSc_line_01f44af7"
                    TAGREFS="LT1"
                    BASELINE="2135 1543 3490 1523" 
                    HPOS="2135"
                    VPOS="1492"
                    WIDTH="1355"
                    HEIGHT="101">
            <Shape><Polygon POINTS="2135 1593 2160 1573 2246 1573 2286 1593 2465 1588 2531 1568 2568 1588 2644 1570 2689 1586 2707 1570 2740 1586 2941 1583 3039 1560 3148 1580 3223 1558 3317 1578 3490 1553 3490 1523 3478 1515 3337 1492 3314 1515 3233 1518 3148 1495 3080 1510 2979 1497 2954 1518 2921 1500 2818 1500 2722 1525 2647 1507 2581 1528 2500 1505 2465 1523 2445 1510 2380 1530 2191 1533 2135 1543 2135 1593"/></Shape>
            <String CONTENT="والجمدارية تتوالى عليه فلم يفرغ من
وضوءه حتى صار عنده اثنا عشر "
                    HPOS="2135"
                    VPOS="1492"
                    WIDTH="1355"
                    HEIGHT="101"
                    ></String>
          </TextLine>
          <TextLine ID="eSc_line_678f3961"
                    TAGREFS="LT1"
                    BASELINE="2128 1628 3503 1616" 
                    HPOS="2128"
                    VPOS="1580"
                    WIDTH="1375"
                    HEIGHT="106">
            <Shape><Polygon POINTS="2128 1661 2198 1684 2234 1669 2276 1686 2299 1671 2314 1686 2364 1671 2400 1686 2717 1656 2737 1674 2770 1656 2891 1681 2929 1661 2979 1679 3050 1653 3097 1679 3188 1653 3279 1676 3332 1651 3367 1674 3417 1651 3503 1648 3503 1616 3483 1606 3417 1606 3395 1583 3243 1580 3191 1608 3163 1583 3029 1606 2992 1588 2946 1608 2911 1586 2840 1611 2742 1598 2674 1613 2606 1613 2576 1588 2498 1588 2478 1606 2435 1588 2412 1611 2362 1616 2251 1591 2216 1616 2138 1616 2128 1628 2128 1661"/></Shape>
            <String CONTENT="جمدارا ما منهم إلا من يستعجله فقام يمشي وهو
يقول اللهم أرحني بالموت "
                    HPOS="2128"
                    VPOS="1580"
                    WIDTH="1375"
                    HEIGHT="106"
                    ></String>
          </TextLine>
          <TextLine ID="eSc_line_7c166aa6"
                    TAGREFS="LT1"
                    BASELINE="2153 1721 3510 1709" 
                    HPOS="2153"
                    VPOS="1681"
                    WIDTH="1357"
                    HEIGHT="98">
            <Shape><Polygon POINTS="2153 1754 2367 1779 2395 1764 2473 1777 2516 1757 2606 1777 2664 1754 2694 1774 2722 1749 2788 1754 2813 1774 2898 1774 2921 1757 2941 1774 3007 1772 3037 1747 3201 1772 3231 1754 3289 1769 3324 1744 3510 1749 3510 1709 3468 1701 3238 1704 3092 1681 3029 1704 2989 1681 2949 1706 2861 1706 2830 1684 2778 1706 2707 1706 2684 1686 2568 1704 2498 1686 2458 1709 2385 1689 2208 1689 2158 1711 2153 1721 2153 1754"/></Shape>
            <String CONTENT="حتى أستريح مما أنا فيه! ولم يتسع له وقت
لسماع كلام ابن البابا حتى "
                    HPOS="2153"
                    VPOS="1681"
                    WIDTH="1357"
                    HEIGHT="98"
                    ></String>
          </TextLine>
          <TextLine ID="eSc_line_99a888bb"
                    TAGREFS="LT1"
                    BASELINE="2163 1822 3505 1800" 
                    HPOS="2163"
                    VPOS="1777"
                    WIDTH="1342"
                    HEIGHT="96">
            <Shape><Polygon POINTS="2163 1873 2269 1852 2417 1873 2488 1870 2521 1850 2621 1867 2679 1847 2732 1867 2868 1852 2903 1865 2921 1845 2974 1857 3060 1837 3269 1835 3354 1857 3505 1830 3505 1800 3500 1794 3233 1797 3183 1777 3143 1797 3125 1779 3055 1777 2999 1802 2961 1782 2941 1802 2881 1805 2856 1782 2742 1802 2715 1784 2609 1784 2574 1805 2528 1787 2445 1812 2193 1815 2163 1822 2163 1873"/></Shape>
            <String CONTENT="دخل على السلطان
 فلما انقضى موسم الحج وعاد السلطان من مكة ونزل "
                    HPOS="2163"
                    VPOS="1777"
                    WIDTH="1342"
                    HEIGHT="96"
                    ></String>
          </TextLine>
          <TextLine ID="eSc_line_f3ca6e46"
                    TAGREFS="LT1"
                    BASELINE="2176 1923 3503 1898" 
                    HPOS="2176"
                    VPOS="1873"
                    WIDTH="1327"
                    HEIGHT="98">
            <Shape><Polygon POINTS="2427 1951 2453 1968 2500 1943 2576 1940 2674 1966 2707 1943 2833 1951 2863 1935 2908 1961 2966 1961 3012 1933 3060 1953 3236 1956 3294 1930 3364 1930 3390 1948 3503 1925 3503 1898 3500 1893 3178 1900 3110 1873 2969 1875 2908 1878 2891 1895 2838 1878 2778 1908 2704 1880 2599 1900 2576 1883 2548 1913 2453 1895 2430 1915 2364 1903 2176 1918 2176 1923 2176 1971"/></Shape>
            <String CONTENT="المدينة النبوية هبت في
الليل ريح عاصفة أظلم منها الجو وأتلفت جميع الخيم "
                    HPOS="2176"
                    VPOS="1873"
                    WIDTH="1327"
                    HEIGHT="98"
                    ></String>
          </TextLine>
          <TextLine ID="eSc_line_399ea954"
                    TAGREFS="LT1"
                    BASELINE="2188 2021 3498 1996" 
                    HPOS="2188"
                    VPOS="1968"
                    WIDTH="1310"
                    HEIGHT="114">
            <Shape><Polygon POINTS="2191 2082 2317 2071 2412 2069 2465 2044 2548 2056 2591 2041 2621 2064 2710 2064 2735 2044 2846 2054 2898 2034 3065 2046 3206 2029 3231 2054 3498 2036 3498 1996 3453 1988 3130 1971 3092 1991 3045 1968 3014 1986 2997 1968 2956 1998 2911 1971 2840 1971 2251 2011 2188 2021 2188 2059"/></Shape>
            <String CONTENT="وكثر انزعاج الناس
واختبطوا وصار كل أحد لا يهتدي إلى خيمته "
                    HPOS="2188"
                    VPOS="1968"
                    WIDTH="1310"
                    HEIGHT="114"
                    ></String>
          </TextLine>
          <TextLine ID="eSc_line_ba853391"
                    TAGREFS="LT1"
                    BASELINE="2124 2110 2362 2119 2843 2099 3503 2089" 
                    HPOS="2123"
                    VPOS="2054"
                    WIDTH="1377"
                    HEIGHT="121">
            <Shape><Polygon POINTS="2123 2149 2140 2165 2198 2149 2312 2175 2495 2172 2704 2157 2750 2137 2966 2134 2994 2157 3032 2142 3191 2157 3274 2137 3296 2154 3372 2154 3410 2127 3432 2142 3500 2122 3500 2087 3495 2076 3422 2054 3354 2079 3314 2054 3233 2056 3203 2084 3067 2087 3014 2069 2949 2089 2893 2061 2820 2081 2732 2064 2586 2097 2556 2069 2480 2069 2392 2099 2352 2079 2322 2102 2123 2104 2123 2109 2123 2149"/></Shape>
            <String CONTENT="ويهجم على موضع غير موضعه لشدة
الظلمة وقوة الرياح واجتمع الممالي"
                    HPOS="2123"
                    VPOS="2054"
                    WIDTH="1377"
                    HEIGHT="121"
                    ></String>
          </TextLine>
          <TextLine ID="eSc_line_a21a7edd"
                    TAGREFS="LT1"
                    BASELINE="2112 2233 2270 2165 2248 2249 2611 2221 2863 2202 3510 2190" 
                    HPOS="2110"
                    VPOS="2144"
                    WIDTH="1398"
                    HEIGHT="141">
            <Shape><Polygon POINTS="2110 2268 2198 2265 2223 2285 2281 2285 2314 2265 2364 2280 2563 2260 2631 2270 2760 2240 2898 2253 2987 2233 3045 2253 3133 2227 3226 2245 3249 2225 3344 2240 3508 2210 3508 2187 3432 2165 3304 2170 3274 2144 3181 2175 3148 2152 3037 2182 2921 2160 2896 2187 2737 2195 2684 2170 2609 2200 2563 2177 2473 2202 2392 2182 2186 2192 2130 2217 2110 2230 2110 2268"/></Shape>
            <String CONTENT="ك والأمراء حول دهليز السلطان وقد اشتد
خوفه أن يغتال في تلك الليلة واتفق"
                    HPOS="2110"
                    VPOS="2144"
                    WIDTH="1398"
                    HEIGHT="141"
                    ></String>
          </TextLine>
          <TextLine ID="eSc_line_a2dd839f"
                    TAGREFS="LT222"
                    BASELINE="2091 1938 2118 2138" 
                    HPOS="2052"
                    VPOS="1935"
                    WIDTH="91"
                    HEIGHT="204">
            <Shape><Polygon POINTS="2120 2134 2143 2039 2095 1935 2090 1935 2052 1940 2065 2097 2085 2139 2115 2137 2120 2134"/></Shape>
            <String CONTENT="والمماليك"
                    HPOS="2052"
                    VPOS="1935"
                    WIDTH="91"
                    HEIGHT="204"
                    ></String>
          </TextLine>
          <TextLine ID="eSc_line_2a083324"
                    TAGREFS="LT1"
                    BASELINE="2133 2311 2475 2318 2987 2298 3498 2293" 
                    HPOS="2133"
                    VPOS="2265"
                    WIDTH="1365"
                    HEIGHT="106">
            <Shape><Polygon POINTS="2133 2346 2322 2371 2443 2371 2468 2346 2511 2368 2667 2353 2730 2366 2848 2336 3105 2328 3155 2358 3218 2358 3271 2326 3397 2323 3432 2348 3498 2323 3498 2293 3450 2285 3211 2290 3193 2273 3075 2283 3032 2265 2914 2265 2737 2270 2707 2298 2606 2298 2561 2278 2518 2293 2488 2275 2385 2285 2367 2303 2133 2306 2133 2311 2133 2346"/></Shape>
            <String CONTENT="مع ذلك هجوم جماعة على أمير أحمد بن
بكتمر تريد قتله فاتهم السلطان بأنه "
                    HPOS="2133"
                    VPOS="2265"
                    WIDTH="1365"
                    HEIGHT="106"
                    ></String>
          </TextLine>
          <TextLine ID="eSc_line_1c15e1e1"
                    TAGREFS="LT1"
                    BASELINE="2148 2419 3495 2391" 
                    HPOS="2148"
                    VPOS="2368"
                    WIDTH="1347"
                    HEIGHT="99">
            <Shape><Polygon POINTS="2148 2447 2191 2467 2279 2444 2390 2464 2596 2439 2636 2457 2720 2436 2750 2454 2883 2431 3052 2429 3100 2449 3135 2426 3243 2447 3317 2424 3362 2444 3495 2419 3495 2391 3453 2384 3158 2368 3140 2386 3085 2371 3037 2391 2893 2374 2785 2391 2704 2379 2684 2399 2571 2381 2551 2401 2450 2386 2430 2404 2206 2409 2148 2419 2148 2447"/></Shape>
            <String CONTENT="ندبهم لذلك فلم يتمكنوا منه ورعب
منهم وغشي عليه
 ثم وقع الرحيل من "
                    HPOS="2148"
                    VPOS="2368"
                    WIDTH="1347"
                    HEIGHT="99"
                    ></String>
          </TextLine>
          <TextLine ID="eSc_line_3d0579f6"
                    TAGREFS="LT1"
                    BASELINE="2140 2507 3505 2489" 
                    HPOS="2140"
                    VPOS="2447"
                    WIDTH="1365"
                    HEIGHT="105">
            <Shape><Polygon POINTS="2140 2542 2430 2552 2455 2535 2473 2552 2531 2530 2642 2530 2722 2550 2813 2530 2901 2547 2936 2525 3034 2540 3120 2522 3165 2542 3249 2542 3314 2520 3453 2540 3505 2517 3505 2489 3465 2479 3113 2447 3055 2482 2974 2479 2941 2449 2737 2452 2692 2469 2601 2454 2563 2484 2531 2464 2513 2484 2387 2489 2354 2467 2314 2492 2173 2494 2140 2507 2140 2542"/></Shape>
            <String CONTENT="المدينة وبكتمر على عادته مساير السلطان بجانبه حتى
وصلا بئر علي
 ف "
                    HPOS="2140"
                    VPOS="2447"
                    WIDTH="1365"
                    HEIGHT="105"
                    ></String>
          </TextLine>
          <TextLine ID="eSc_line_c9e72214"
                    TAGREFS="LT1"
                    BASELINE="2128 2580 3495 2590" 
                    HPOS="2125"
                    VPOS="2542"
                    WIDTH="1370"
                    HEIGHT="101">
            <Shape><Polygon POINTS="2125 2615 2337 2635 2359 2615 2425 2613 2470 2638 2531 2638 2563 2615 2647 2638 2770 2623 2828 2640 2911 2618 3100 2618 3123 2640 3201 2643 3271 2623 3319 2643 3410 2620 3493 2625 3495 2590 3468 2577 3357 2547 3317 2562 3221 2547 3163 2572 3113 2545 3037 2562 3014 2545 2936 2545 2908 2570 2863 2552 2825 2570 2783 2542 2639 2572 2551 2550 2425 2570 2206 2570 2128 2580 2125 2615"/></Shape>
            <String CONTENT="وجد احمد بن مكتمر فى نفسه الما يزايد به الى ان مات بوادي عنتر ثم مات بعده"
                    HPOS="2125"
                    VPOS="2542"
                    WIDTH="1370"
                    HEIGHT="101"
                    ></String>
          </TextLine>
          <TextLine ID="eSc_line_a239d130"
                    TAGREFS="LT1"
                    BASELINE="2150 2663 3500 2676" 
                    HPOS="2148"
                    VPOS="2593"
                    WIDTH="1352"
                    HEIGHT="141">
            <Shape><Polygon POINTS="3493 2640 3100 2640 3082 2623 3029 2640 2987 2613 2961 2638 2878 2635 2848 2610 2808 2630 2652 2603 2586 2615 2475 2595 2223 2593 2150 2663 2148 2721 2533 2726 2571 2706 2805 2718 2835 2703 2853 2718 2931 2703 2959 2723 2992 2706 3092 2721 3148 2706 3198 2731 3246 2718 3304 2734 3367 2708 3498 2708 3500 2676 3498 2666 3493 2640"/></Shape>
            <String CONTENT="أبوه بكتمر بثلاثة أيام فاتهم السلطان أنه سمهما فحملا ودفنا
بعيون القصب "
                    HPOS="2148"
                    VPOS="2593"
                    WIDTH="1352"
                    HEIGHT="141"
                    ></String>
          </TextLine>
        </TextBlock>
        <TextBlock HPOS="2098"
                   VPOS="2727"
                   WIDTH="168"
                   HEIGHT="201"
                   ID="eSc_textblock_d194ff5b"
                   TAGREFS="BT1062">
          <Shape><Polygon POINTS="2266 2778 2191 2928 2098 2878 2188 2727"/></Shape>
          <TextLine ID="eSc_line_4eada6da"
                    TAGREFS="LT222"
                    BASELINE="2156 2894 2215 2781" 
                    HPOS="2103"
                    VPOS="2756"
                    WIDTH="138"
                    HEIGHT="149">
            <Shape><Polygon POINTS="2155 2892 2186 2905 2241 2794 2213 2779 2168 2756 2103 2864 2155 2892"/></Shape>
            <String CONTENT="أ "
                    HPOS="2103"
                    VPOS="2756"
                    WIDTH="138"
                    HEIGHT="149"
                    ></String>
          </TextLine>
        </TextBlock>
        <TextBlock HPOS="503"
                   VPOS="332"
                   WIDTH="1416"
                   HEIGHT="2361"
                   ID="eSc_textblock_a4b37d2a"
                   TAGREFS="BT2">
          <Shape><Polygon POINTS="1919 342 1880 1394 1880 1395 1885 1771 1858 2564 1852 2564 1851 2652 1169 2693 508 2677 527 1244 503 1225 503 473 544 372 1342 332"/></Shape>
          <TextLine ID="eSc_line_bd4425e7"
                    TAGREFS="LT1"
                    BASELINE="526 410 1878 395" 
                    HPOS="526"
                    VPOS="339"
                    WIDTH="1352"
                    HEIGHT="114">
            <Shape><Polygon POINTS="531 390 526 410 526 438 748 453 790 435 964 450 1183 448 1211 430 1239 445 1433 427 1589 443 1632 427 1878 433 1878 395 1876 339 1556 344 1533 360 1491 347 1468 362 1425 349 1344 370 1289 347 1208 347 1171 377 1030 365 962 380 914 362 889 380 763 380 748 365 697 380 662 365 538 380 531 390"/></Shape>
            <String CONTENT="وكان يوما مهولا خرجت فيه أم ولد بكتمر بسببه
 وصاحت على السلطان "
                    HPOS="526"
                    VPOS="339"
                    WIDTH="1352"
                    HEIGHT="114"
                    ></String>
          </TextLine>
          <TextLine ID="eSc_line_71d9d7cb"
                    TAGREFS="LT1"
                    BASELINE="533 503 1878 473" 
                    HPOS="533"
                    VPOS="453"
                    WIDTH="1345"
                    HEIGHT="100">
            <Shape><Polygon POINTS="533 536 750 553 773 533 790 551 863 551 914 526 977 548 1128 521 1206 543 1292 541 1339 516 1387 531 1433 516 1453 533 1488 513 1584 511 1604 526 1740 508 1800 523 1815 506 1876 506 1878 473 1825 465 1564 455 1508 473 1485 453 1428 453 1246 478 1203 458 1128 480 982 463 941 483 909 470 596 493 533 503 533 536"/></Shape>
            <String CONTENT="بأعلى صوتها يا ظالم أين تروح من الله ولدي
وزوجي! زوجي كان "
                    HPOS="533"
                    VPOS="453"
                    WIDTH="1345"
                    HEIGHT="100"
                    ></String>
          </TextLine>
          <TextLine ID="eSc_line_e9d1fc5d"
                    TAGREFS="LT1"
                    BASELINE="522 572 653 604 1156 584 1541 563 1881 558" 
                    HPOS="521"
                    VPOS="536"
                    WIDTH="1357"
                    HEIGHT="113">
            <Shape><Polygon POINTS="521 629 662 649 715 624 866 644 1080 621 1098 636 1183 621 1208 634 1294 611 1349 626 1387 604 1435 604 1455 624 1491 604 1664 614 1778 594 1833 611 1878 596 1878 556 1820 546 1601 536 1579 551 1546 536 1488 556 1465 536 1382 536 1337 561 1244 541 1193 566 1113 568 1057 546 946 573 889 553 775 579 662 558 569 563 551 581 521 566 521 571 521 629"/></Shape>
            <String CONTENT="مملوكك ولدي إيش كان بينك وبينه وكررت ذلك حتى
 سمعها الأمراء "
                    HPOS="521"
                    VPOS="536"
                    WIDTH="1357"
                    HEIGHT="113"
                    ></String>
          </TextLine>
          <TextLine ID="eSc_line_e1e51ee5"
                    TAGREFS="LT1"
                    BASELINE="1251 657 1888 652" 
                    HPOS="1251"
                    VPOS="624"
                    WIDTH="637"
                    HEIGHT="83">
            <Shape><Polygon POINTS="1251 704 1521 689 1566 707 1586 687 1604 704 1752 704 1785 687 1888 684 1888 652 1866 644 1569 624 1528 646 1483 626 1417 641 1367 626 1261 646 1251 657 1251 704"/></Shape>
            <String CONTENT="وهو معرض عنها وذلك في يوم ال"
                    HPOS="1251"
                    VPOS="624"
                    WIDTH="637"
                    HEIGHT="83"
                    ></String>
          </TextLine>
          <TextLine ID="eSc_line_852ddcdc"
                    TAGREFS="LT1"
                    BASELINE="526 755 1881 740" 
                    HPOS="526"
                    VPOS="707"
                    WIDTH="1355"
                    HEIGHT="103">
            <Shape><Polygon POINTS="526 793 627 782 659 810 705 782 778 808 851 793 959 808 979 790 994 805 1128 805 1145 790 1176 805 1357 803 1405 787 1493 798 1523 772 1790 770 1828 787 1878 770 1881 740 1871 732 1760 707 1639 732 1581 709 1518 735 1493 709 1425 709 1390 737 1254 712 1226 730 1173 717 1148 740 1035 714 979 735 926 722 899 742 863 725 838 742 594 745 526 755 526 793"/></Shape>
            <String CONTENT="جمعة عاشر المحرم سنة 
 ثم نقلا حتى دفنا بتربة بكتمر من القرافة وعمل اجتماع بها مدة سبع
ليال "
                    HPOS="526"
                    VPOS="707"
                    WIDTH="1355"
                    HEIGHT="103"
                    ></String>
          </TextLine>
          <TextLine ID="eSc_line_b7ae72a3"
                    TAGREFS="LT1"
                    BASELINE="526 840 1093 845 1888 828" 
                    HPOS="526"
                    VPOS="810"
                    WIDTH="1362"
                    HEIGHT="86">
            <Shape><Polygon POINTS="526 888 632 876 737 896 773 873 909 893 1065 871 1128 891 1271 876 1329 888 1445 866 1599 886 1654 863 1745 883 1765 866 1808 881 1833 860 1888 860 1888 828 1886 823 1669 828 1644 813 1564 830 1506 810 1423 830 1385 810 1349 833 1201 833 1178 813 1035 835 954 815 921 835 808 818 735 840 644 840 622 823 528 835 526 840 526 888"/></Shape>
            <String CONTENT="يقرأ فيها القرآن واحتفلت زوجته فيها احتفالا زائدا وتصدقت بمبلغ
"
                    HPOS="526"
                    VPOS="810"
                    WIDTH="1362"
                    HEIGHT="86"
                    ></String>
          </TextLine>
          <TextLine ID="eSc_line_deded706"
                    TAGREFS="LT1"
                    BASELINE="567 956 1881 938" 
                    HPOS="566"
                    VPOS="911"
                    WIDTH="1312"
                    HEIGHT="96">
            <Shape><Polygon POINTS="566 979 720 976 758 1007 891 979 914 996 934 976 979 989 997 971 1080 1004 1213 989 1314 1001 1362 999 1402 966 1463 969 1498 999 1521 984 1561 996 1616 964 1745 981 1783 961 1876 961 1878 936 1876 931 1735 933 1702 918 1652 936 1584 911 1496 939 1450 913 1377 913 1352 936 1254 916 1108 944 1055 918 939 918 906 944 871 921 846 946 790 928 579 949 566 954 566 979"/></Shape>
            <String CONTENT="ثلاثين ألف درهم فرأى الشيخ زادة شيخ خانكاه بكتمر في منامه آ"
                    HPOS="566"
                    VPOS="911"
                    WIDTH="1312"
                    HEIGHT="96"
                    ></String>
          </TextLine>
          <TextLine ID="eSc_line_1d9dae5c"
                    TAGREFS="LT1"
                    BASELINE="522 929 643 896" 
                    HPOS="521"
                    VPOS="886"
                    WIDTH="123"
                    HEIGHT="73">
            <Shape><Polygon POINTS="624 886 556 893 533 913 521 928 531 959 644 903 642 893 624 886"/></Shape>
            <String CONTENT="خر "
                    HPOS="521"
                    VPOS="886"
                    WIDTH="123"
                    HEIGHT="73"
                    ></String>
          </TextLine>
          <TextLine ID="eSc_line_196e9391"
                    TAGREFS="LT1"
                    BASELINE="526 1039 1886 1024" 
                    HPOS="526"
                    VPOS="991"
                    WIDTH="1360"
                    HEIGHT="104">
            <Shape><Polygon POINTS="526 1069 589 1069 647 1095 833 1067 886 1067 924 1090 1020 1067 1090 1090 1130 1074 1166 1090 1208 1074 1324 1087 1347 1072 1380 1087 1468 1072 1659 1085 1730 1057 1886 1057 1886 1024 1881 1019 1775 1019 1755 1001 1717 1017 1657 991 1606 1022 1538 994 1430 994 1370 996 1339 1024 1236 996 1216 1017 1178 1004 1156 1027 999 999 952 1029 805 1012 732 1032 556 1032 526 1039 526 1069"/></Shape>
            <String CONTENT="هذه
الليالي السبع كأن بكتمر الساقي على عادته في مكانه الذي كان "
                    HPOS="526"
                    VPOS="991"
                    WIDTH="1360"
                    HEIGHT="104"
                    ></String>
          </TextLine>
          <TextLine ID="eSc_line_98f04bf0"
                    TAGREFS="LT1"
                    BASELINE="536 1127 1873 1117" 
                    HPOS="533"
                    VPOS="1097"
                    WIDTH="1340"
                    HEIGHT="86">
            <Shape><Polygon POINTS="536 1127 536 1155 674 1153 710 1183 816 1165 846 1180 894 1155 967 1180 1009 1150 1113 1150 1178 1180 1332 1178 1357 1160 1382 1178 1480 1178 1501 1158 1579 1173 1669 1150 1730 1175 1873 1142 1873 1117 1871 1115 1629 1117 1586 1097 1538 1117 1513 1100 1438 1100 1415 1120 1317 1120 1289 1100 1216 1120 1123 1102 1095 1122 1072 1102 906 1102 861 1122 533 1122 536 1127"/></Shape>
            <String CONTENT="يجلس فيه إذا
جاء لزيارته وعلى يمينه ابنه أحمد وهو يقول يا شيخ "
                    HPOS="533"
                    VPOS="1097"
                    WIDTH="1340"
                    HEIGHT="86"
                    ></String>
          </TextLine>
          <TextLine ID="eSc_line_e80d5e66"
                    TAGREFS="LT1"
                    BASELINE="546 1215 1891 1215" 
                    HPOS="546"
                    VPOS="1178"
                    WIDTH="1345"
                    HEIGHT="88">
            <Shape><Polygon POINTS="546 1253 614 1266 649 1246 742 1266 763 1246 1067 1246 1088 1266 1148 1248 1168 1266 1478 1266 1533 1246 1566 1266 1584 1248 1891 1246 1891 1215 1813 1205 1516 1205 1493 1188 1417 1200 1342 1180 1196 1203 1171 1178 1030 1193 984 1178 931 1198 873 1178 748 1193 677 1178 554 1205 546 1215 546 1253"/></Shape>
            <String CONTENT="كنت في مكان موحش
فسألت الله تعالى أن يخلصني منه حتى أجيء وأصلي "
                    HPOS="546"
                    VPOS="1178"
                    WIDTH="1345"
                    HEIGHT="88"
                    ></String>
          </TextLine>
          <TextLine ID="eSc_line_bbadb528"
                    TAGREFS="LT1"
                    BASELINE="528 1291 1881 1304" 
                    HPOS="523"
                    VPOS="1243"
                    WIDTH="1355"
                    HEIGHT="111">
            <Shape><Polygon POINTS="526 1288 523 1329 554 1344 581 1321 654 1321 717 1344 773 1321 821 1344 878 1324 979 1341 1035 1324 1077 1341 1186 1326 1241 1349 1339 1351 1473 1351 1503 1334 1528 1351 1609 1351 1682 1331 1710 1354 1808 1354 1876 1331 1878 1301 1825 1293 1501 1278 1460 1291 1443 1276 1339 1291 1256 1268 1148 1288 1123 1263 1090 1278 1065 1251 964 1273 911 1248 526 1243 526 1288"/></Shape>
            <String CONTENT="معكم وتدعو لي
 وكان بكتمر قد حظي عند ب السلطان حظوة ما نالها أح"
                    HPOS="523"
                    VPOS="1243"
                    WIDTH="1355"
                    HEIGHT="111"
                    ></String>
          </TextLine>
          <TextLine ID="eSc_line_a167e57f"
                    TAGREFS="LT1"
                    BASELINE="522 1365 1881 1382" 
                    HPOS="518"
                    VPOS="1341"
                    WIDTH="1360"
                    HEIGHT="96">
            <Shape><Polygon POINTS="518 1424 753 1429 773 1409 856 1424 941 1409 1012 1432 1138 1412 1158 1432 1249 1419 1314 1434 1417 1414 1480 1434 1528 1417 1566 1437 1594 1422 1752 1437 1876 1419 1878 1379 1853 1372 1677 1356 1654 1372 1627 1349 1485 1369 1425 1346 1289 1367 1229 1346 972 1341 906 1341 873 1361 851 1344 785 1361 523 1359 521 1364 518 1424"/></Shape>
            <String CONTENT="غيره وكان يجمع خصالا حميده ولم يعارض السلطان فى امر من الامور"
                    HPOS="518"
                    VPOS="1341"
                    WIDTH="1360"
                    HEIGHT="96"
                    ></String>
          </TextLine>
          <TextLine ID="eSc_line_039ca43a"
                    TAGREFS="LT1"
                    BASELINE="532 1478 1881 1465" 
                    HPOS="531"
                    VPOS="1440"
                    WIDTH="1347"
                    HEIGHT="70">
            <Shape><Polygon POINTS="531 1510 1876 1492 1878 1462 1876 1457 1428 1440 1395 1465 1309 1450 1276 1465 1244 1442 1193 1465 1161 1450 1060 1467 1035 1445 977 1445 906 1447 876 1467 856 1450 795 1470 720 1457 531 1472 531 1477 531 1510"/></Shape>
            <String CONTENT="وإذا أراد
منه أمرا تلطف فيه حتى يقضيه له وكان السلطان يرجع "
                    HPOS="531"
                    VPOS="1440"
                    WIDTH="1347"
                    HEIGHT="70"
                    ></String>
          </TextLine>
          <TextLine ID="eSc_line_8e25ee4c"
                    TAGREFS="LT1"
                    BASELINE="522 1576 627 1563 1881 1545" 
                    HPOS="518"
                    VPOS="1437"
                    WIDTH="1360"
                    HEIGHT="179">
            <Shape><Polygon POINTS="1853 1465 1256 1467 1236 1480 1203 1467 1186 1467 1158 1492 1022 1507 695 1510 669 1487 632 1510 556 1487 518 1502 521 1596 576 1616 737 1613 770 1596 856 1613 1251 1586 1342 1606 1566 1580 1606 1601 1642 1580 1687 1596 1705 1578 1732 1598 1836 1598 1878 1575 1878 1543 1866 1437 1861 1437 1853 1465"/></Shape>
            <String CONTENT="إلى رأيه ويميل حيث مال
 وكان يلاطف الأمراء ويكثر من الإنعام عليهم وعلى "
                    HPOS="518"
                    VPOS="1437"
                    WIDTH="1360"
                    HEIGHT="179"
                    ></String>
          </TextLine>
          <TextLine ID="eSc_line_78d66486"
                    TAGREFS="LT1"
                    BASELINE="534 1675 1213 1646 1881 1643" 
                    HPOS="533"
                    VPOS="1618"
                    WIDTH="1345"
                    HEIGHT="101">
            <Shape><Polygon POINTS="533 1699 604 1699 634 1719 763 1714 843 1686 1145 1701 1178 1679 1327 1676 1455 1699 1586 1694 1611 1674 1639 1694 1828 1689 1878 1669 1878 1641 1866 1636 1621 1641 1503 1618 1417 1646 1382 1618 1334 1643 1251 1621 1077 1626 1057 1643 954 1628 838 1661 559 1666 533 1674 533 1699"/></Shape>
            <String CONTENT="من دونهم حتى ملك حاشية
السلطان بإحسانه إليهم وبلغ من "
                    HPOS="533"
                    VPOS="1618"
                    WIDTH="1345"
                    HEIGHT="101"
                    ></String>
          </TextLine>
          <TextLine ID="eSc_line_3fbb4c9c"
                    TAGREFS="LT1"
                    BASELINE="522 1750 1881 1742" 
                    HPOS="521"
                    VPOS="1701"
                    WIDTH="1357"
                    HEIGHT="96">
            <Shape><Polygon POINTS="521 1792 536 1777 614 1777 649 1797 674 1777 808 1789 858 1774 946 1789 1133 1774 1171 1794 1201 1777 1239 1792 1536 1792 1659 1769 1737 1789 1876 1772 1878 1739 1843 1729 1717 1714 1667 1729 1634 1701 1569 1701 1485 1732 1433 1704 1304 1719 1196 1704 1105 1727 1032 1706 1015 1724 974 1709 936 1734 886 1721 617 1737 521 1749 521 1792"/></Shape>
            <String CONTENT="السعادة مبلغا لم يحصل لأحد من أقرانه
وحملت إليه أمه وإخوته "
                    HPOS="521"
                    VPOS="1701"
                    WIDTH="1357"
                    HEIGHT="96"
                    ></String>
          </TextLine>
          <TextLine ID="eSc_line_0fa8ac44"
                    TAGREFS="LT1"
                    BASELINE="522 1832 1881 1842" 
                    HPOS="518"
                    VPOS="1767"
                    WIDTH="1360"
                    HEIGHT="128">
            <Shape><Polygon POINTS="518 1880 581 1888 601 1867 642 1867 740 1888 823 1867 861 1890 959 1888 977 1870 1201 1893 1289 1873 1317 1893 1405 1873 1621 1895 1876 1883 1878 1840 1803 1830 1571 1830 1538 1812 1352 1827 1289 1797 1083 1825 1012 1782 710 1767 521 1830 518 1880"/></Shape>
            <String CONTENT="وكثير 
 من أهله من بلاد الشرق فتملوا بنعمته
 واتفق أن السلطان في حجته "
                    HPOS="518"
                    VPOS="1767"
                    WIDTH="1360"
                    HEIGHT="128"
                    ></String>
          </TextLine>
          <TextLine ID="eSc_line_0ad1acdf"
                    TAGREFS="LT1"
                    BASELINE="522 1923 609 1930 1881 1930" 
                    HPOS="518"
                    VPOS="1893"
                    WIDTH="1360"
                    HEIGHT="90">
            <Shape><Polygon POINTS="521 1920 518 1966 702 1966 727 1983 818 1963 863 1983 946 1963 1035 1983 1198 1981 1216 1963 1324 1983 1395 1983 1420 1966 1438 1983 1571 1983 1596 1966 1634 1983 1657 1966 1732 1963 1752 1983 1836 1983 1876 1963 1878 1928 1770 1915 1485 1895 1445 1915 1347 1915 1319 1893 1219 1893 1203 1908 1166 1893 891 1893 753 1915 521 1915 521 1920"/></Shape>
            <String CONTENT="هذه احتاج إلى مال ليفرقه على الأمراء فحمل
إليه بكتمر أربعين ألف دينار "
                    HPOS="518"
                    VPOS="1893"
                    WIDTH="1360"
                    HEIGHT="90"
                    ></String>
          </TextLine>
          <TextLine ID="eSc_line_ecc1bae5"
                    TAGREFS="LT1"
                    BASELINE="533 2016 1881 2021" 
                    HPOS="528"
                    VPOS="1986"
                    WIDTH="1350"
                    HEIGHT="80">
            <Shape><Polygon POINTS="531 2014 528 2044 750 2064 853 2046 876 2064 1075 2064 1113 2046 1151 2064 1203 2046 1241 2066 1292 2049 1339 2066 1533 2049 1574 2066 1800 2066 1876 2049 1878 2019 1876 1986 1548 1986 1508 2014 1458 1986 1289 1993 1239 2014 1151 1996 1113 2011 531 2008 531 2014"/></Shape>
            <String CONTENT="قرضا وكان مع السلطان في هذه السفرة ثلاثة
آلاف ومائة عليقة "
                    HPOS="528"
                    VPOS="1986"
                    WIDTH="1350"
                    HEIGHT="80"
                    ></String>
          </TextLine>
          <TextLine ID="eSc_line_bbd24ff1"
                    TAGREFS="LT1"
                    BASELINE="522 2117 692 2109 1853 2099" 
                    HPOS="521"
                    VPOS="1983"
                    WIDTH="1330"
                    HEIGHT="174">
            <Shape><Polygon POINTS="1198 2016 1072 2016 1065 2019 1060 2016 544 2016 531 1983 521 2144 601 2157 627 2137 742 2137 785 2157 846 2134 1017 2154 1098 2134 1229 2152 1259 2132 1319 2152 1473 2132 1498 2149 1586 2149 1848 2127 1851 2097 1621 2061 1438 2064 1395 2024 1226 2024 1198 2016"/></Shape>
            <String CONTENT="في كل يوم وكان مع بكتمر ثلاثة آلاف عليقة
 وبلغت خيله مائة طوالة ك"
                    HPOS="521"
                    VPOS="1983"
                    WIDTH="1330"
                    HEIGHT="174"
                    ></String>
          </TextLine>
          <TextLine ID="eSc_line_fb7f0029"
                    TAGREFS="LT1"
                    BASELINE="522 2201 1881 2173" 
                    HPOS="521"
                    VPOS="2154"
                    WIDTH="1357"
                    HEIGHT="96">
            <Shape><Polygon POINTS="521 2230 669 2225 780 2250 941 2233 979 2248 1027 2217 1138 2245 1355 2240 1387 2217 1483 2238 1581 2233 1634 2205 1710 2222 1750 2205 1775 2225 1803 2205 1878 2210 1878 2172 1876 2167 1553 2175 1523 2154 1501 2177 1400 2177 1382 2160 1294 2157 1213 2182 1151 2160 1088 2185 1065 2162 969 2177 889 2165 816 2187 758 2170 727 2192 521 2195 521 2200 521 2230"/></Shape>
            <String CONTENT="بماية سايس وماية صطل وكان عليقه فى كل يوم الف ومايه عليقه"
                    HPOS="521"
                    VPOS="2154"
                    WIDTH="1357"
                    HEIGHT="96"
                    ></String>
          </TextLine>
          <TextLine ID="eSc_line_f140b700"
                    TAGREFS="LT1"
                    BASELINE="522 2279 1871 2260" 
                    HPOS="521"
                    VPOS="2243"
                    WIDTH="1347"
                    HEIGHT="90">
            <Shape><Polygon POINTS="521 2333 561 2318 687 2333 760 2311 823 2331 858 2308 894 2328 1055 2306 1100 2326 1287 2323 1304 2308 1329 2323 1443 2300 1498 2321 1624 2298 1730 2298 1757 2316 1790 2295 1868 2293 1868 2258 1863 2253 1360 2243 1231 2245 1213 2260 1151 2248 1009 2265 944 2250 924 2265 793 2253 551 2270 521 2278 521 2333"/></Shape>
            <String CONTENT="طل وكانت عليقة خيله في كل يوم الف ا ومائة عليقة
 ووجد له بعد موته ستة وثلاثون ألف إردب غلة وحواصل سلاح و"
                    HPOS="521"
                    VPOS="2243"
                    WIDTH="1347"
                    HEIGHT="90"
                    ></String>
          </TextLine>
          <TextLine ID="eSc_line_14467902"
                    BASELINE="518 2282 631 2228" 
                    HPOS="513"
                    VPOS="2200"
                    WIDTH="124"
                    HEIGHT="93">
            <Shape><Polygon POINTS="521 2293 637 2245 629 2227 614 2200 513 2263 516 2280 521 2293"/></Shape>
            <String CONTENT="غيره "
                    HPOS="513"
                    VPOS="2200"
                    WIDTH="124"
                    HEIGHT="93"
                    ></String>
          </TextLine>
          <TextLine ID="eSc_line_ee101c5a"
                    TAGREFS="LT1"
                    BASELINE="522 2361 1163 2368 1849 2358" 
                    HPOS="521"
                    VPOS="2336"
                    WIDTH="1327"
                    HEIGHT="85">
            <Shape><Polygon POINTS="521 2421 591 2419 617 2394 707 2419 805 2396 838 2419 977 2419 1022 2401 1337 2419 1397 2399 1450 2411 1581 2391 1659 2391 1684 2409 1768 2391 1846 2401 1848 2356 1843 2351 1632 2353 1581 2336 1561 2356 1528 2338 1317 2356 1206 2356 1186 2341 1168 2356 1135 2338 1118 2356 939 2356 916 2338 521 2353 521 2358 521 2421"/></Shape>
            <String CONTENT="بما ينيف على مايه الف دينار وخص موسى صيرفيه مما تقاسمه مباشرون"
                    HPOS="521"
                    VPOS="2336"
                    WIDTH="1327"
                    HEIGHT="85"
                    ></String>
          </TextLine>
          <TextLine ID="eSc_line_5ce91c30"
                    TAGREFS="LT1"
                    BASELINE="559 2469 1855 2443" 
                    HPOS="556"
                    VPOS="2419"
                    WIDTH="1297"
                    HEIGHT="90">
            <Shape><Polygon POINTS="556 2504 1191 2509 1274 2487 1433 2502 1498 2482 1725 2477 1808 2497 1853 2474 1853 2441 1848 2436 1614 2424 1559 2441 1483 2419 1458 2444 1360 2444 1332 2424 1281 2447 1208 2444 1188 2426 1085 2444 1025 2429 979 2452 944 2429 571 2459 556 2467 556 2504"/></Shape>
            <String CONTENT="ديوانه بعد موته خمسة وعشرون ألف
دينار فانظر إلى مال يسرق "
                    HPOS="556"
                    VPOS="2419"
                    WIDTH="1297"
                    HEIGHT="90"
                    ></String>
          </TextLine>
          <TextLine ID="eSc_line_44ed7bce"
                    TAGREFS="LT1"
                    BASELINE="522 2563 700 2555 1866 2530" 
                    HPOS="521"
                    VPOS="2406"
                    WIDTH="1342"
                    HEIGHT="202">
            <Shape><Polygon POINTS="1853 2520 1833 2464 1594 2469 1569 2447 1543 2447 1501 2459 1400 2449 1375 2452 1173 2454 1148 2457 569 2467 551 2406 521 2562 521 2593 581 2608 697 2587 798 2603 861 2582 926 2603 959 2582 979 2600 1083 2600 1251 2582 1281 2595 1314 2572 1344 2593 1415 2593 1445 2570 1503 2582 1548 2567 1569 2587 1619 2587 1647 2567 1682 2582 1702 2565 1863 2562 1861 2464 1853 2520"/></Shape>
            <String CONTENT="منه الصيرفي هذا القدر ما يكون جملته
 وكان بكتمر فيه من الحشمة "
                    HPOS="521"
                    VPOS="2406"
                    WIDTH="1342"
                    HEIGHT="202"
                    ></String>
          </TextLine>
          <TextLine ID="eSc_line_f634529d"
                    TAGREFS="LT1"
                    BASELINE="522 2650 1367 2635 1861 2615" 
                    HPOS="518"
                    VPOS="2547"
                    WIDTH="1340"
                    HEIGHT="151">
            <Shape><Polygon POINTS="1853 2562 1783 2575 1740 2560 1682 2590 1473 2580 1337 2598 1312 2575 1231 2593 1206 2570 1120 2590 1067 2547 1027 2550 999 2575 972 2550 805 2555 780 2572 755 2555 644 2555 644 2557 637 2557 614 2557 594 2560 569 2560 544 2562 518 2562 521 2648 521 2673 554 2673 589 2698 647 2678 725 2696 785 2676 816 2693 866 2671 904 2691 1045 2688 1072 2668 1113 2686 1264 2666 1365 2681 1397 2655 1556 2671 1581 2648 1637 2660 1697 2645 1737 2666 1858 2643 1858 2613 1856 2587 1853 2562"/></Shape>
            <String CONTENT="والرئاسة ورصانة العقل والسكون ما لا يوجد في
أحد من أمثاله
 وكا"
                    HPOS="518"
                    VPOS="2547"
                    WIDTH="1340"
                    HEIGHT="151"
                    ></String>
          </TextLine>
          <TextLine ID="eSc_line_dbf7a251"
                    TAGREFS="LT1"
                    BASELINE="518 2617 554 2606" 
                    HPOS="508"
                    VPOS="2572"
                    WIDTH="43"
                    HEIGHT="56">
            <Shape><Polygon POINTS="508 2590 516 2615 518 2628 551 2613 551 2605 538 2572 508 2587 508 2590"/></Shape>
            <String CONTENT="ن "
                    HPOS="508"
                    VPOS="2572"
                    WIDTH="43"
                    HEIGHT="56"
                    ></String>
          </TextLine>
        </TextBlock>
        <TextBlock HPOS="181"
                   VPOS="1278"
                   WIDTH="343"
                   HEIGHT="1441"
                   ID="eSc_textblock_fafd57ed"
                   TAGREFS="BT1063">
          <Shape><Polygon POINTS="181 2666 201 1319 524 1278 497 2624 492 2624 492 2700 497 2700 497 2719 203 2719"/></Shape>
          <TextLine ID="eSc_line_ab01ee28"
                    TAGREFS="LT1"
                    BASELINE="216 1361 519 1378" 
                    HPOS="211"
                    VPOS="1306"
                    WIDTH="307"
                    HEIGHT="113">
            <Shape><Polygon POINTS="518 1344 382 1306 219 1326 214 1359 211 1402 345 1394 476 1419 516 1404 518 1377 518 1344"/></Shape>
            <String CONTENT="وعظم
شأنه وصار هو "
                    HPOS="211"
                    VPOS="1306"
                    WIDTH="307"
                    HEIGHT="113"
                    ></String>
          </TextLine>
          <TextLine ID="eSc_line_6e69851c"
                    TAGREFS="LT1"
                    BASELINE="224 1440 512 1447" 
                    HPOS="219"
                    VPOS="1397"
                    WIDTH="292"
                    HEIGHT="73">
            <Shape><Polygon POINTS="219 1465 508 1470 511 1445 458 1424 332 1397 224 1407 221 1437 219 1465"/></Shape>
            <String CONTENT="الدولة لا يكاد السلطان "
                    HPOS="219"
                    VPOS="1397"
                    WIDTH="292"
                    HEIGHT="73"
                    ></String>
          </TextLine>
          <TextLine ID="eSc_line_a2f12941"
                    TAGREFS="LT1"
                    BASELINE="213 1495 309 1524 330 1537 519 1518" 
                    HPOS="241"
                    VPOS="1485"
                    WIDTH="277"
                    HEIGHT="75">
            <Shape><Polygon POINTS="518 1515 491 1502 382 1485 294 1492 272 1518 254 1502 241 1513 244 1560 518 1535 518 1528"/></Shape>
            <String CONTENT="يفارقه إما أن يكون "
                    HPOS="241"
                    VPOS="1485"
                    WIDTH="277"
                    HEIGHT="75"
                    ></String>
          </TextLine>
          <TextLine ID="eSc_line_f3c37282"
                    TAGREFS="LT1"
                    BASELINE="213 1599 445 1594 510 1586" 
                    HPOS="211"
                    VPOS="1548"
                    WIDTH="297"
                    HEIGHT="80">
            <Shape><Polygon POINTS="211 1628 508 1626 508 1583 506 1548 342 1558 314 1586 229 1588 211 1598 211 1628"/></Shape>
            <String CONTENT="بكتمر عنده أو
يكون "
                    HPOS="211"
                    VPOS="1548"
                    WIDTH="297"
                    HEIGHT="80"
                    ></String>
          </TextLine>
          <TextLine ID="eSc_line_c42ae541"
                    TAGREFS="LT1"
                    BASELINE="209 1676 523 1667" 
                    HPOS="206"
                    VPOS="1636"
                    WIDTH="315"
                    HEIGHT="80">
            <Shape><Polygon POINTS="206 1716 521 1699 521 1666 518 1659 420 1636 347 1638 319 1664 216 1666 206 1674 206 1716"/></Shape>
            <String CONTENT="هو في بيت بكتمر وأكثر "
                    HPOS="206"
                    VPOS="1636"
                    WIDTH="315"
                    HEIGHT="80"
                    ></String>
          </TextLine>
          <TextLine ID="eSc_line_880044f5"
                    TAGREFS="LT1"
                    BASELINE="214 1752 304 1762 530 1747" 
                    HPOS="211"
                    VPOS="1709"
                    WIDTH="317"
                    HEIGHT="96">
            <Shape><Polygon POINTS="211 1787 251 1805 390 1800 415 1779 528 1772 528 1744 513 1729 435 1734 390 1709 287 1729 256 1716 226 1734 211 1749 211 1787"/></Shape>
            <String CONTENT="أكله في بيت بكتمر مما "
                    HPOS="211"
                    VPOS="1709"
                    WIDTH="317"
                    HEIGHT="96"
                    ></String>
          </TextLine>
          <TextLine ID="eSc_line_da33165a"
                    TAGREFS="LT1"
                    BASELINE="208 1859 524 1819" 
                    HPOS="206"
                    VPOS="1772"
                    WIDTH="317"
                    HEIGHT="118">
            <Shape><Polygon POINTS="209 1890 521 1835 523 1827 523 1817 486 1772 251 1837 206 1857 209 1890"/></Shape>
            <String CONTENT="تطبخه له أم أحمد "
                    HPOS="206"
                    VPOS="1772"
                    WIDTH="317"
                    HEIGHT="118"
                    ></String>
          </TextLine>
          <TextLine ID="eSc_line_a7ec1186"
                    TAGREFS="LT1"
                    BASELINE="226 1913 397 1913 531 1891" 
                    HPOS="224"
                    VPOS="1885"
                    WIDTH="304"
                    HEIGHT="66">
            <Shape><Polygon POINTS="224 1943 400 1951 523 1923 526 1918 528 1918 528 1890 526 1885 224 1905 224 1910 224 1943"/></Shape>
            <String CONTENT="بن
بكتمر في قدر فضة "
                    HPOS="224"
                    VPOS="1885"
                    WIDTH="304"
                    HEIGHT="66"
                    ></String>
          </TextLine>
          <TextLine ID="eSc_line_bf9c5ef0"
                    TAGREFS="LT1"
                    BASELINE="253 2008 519 1983" 
                    HPOS="246"
                    VPOS="1925"
                    WIDTH="272"
                    HEIGHT="116">
            <Shape><Polygon POINTS="246 1971 251 2006 254 2041 518 2003 518 1981 511 1925 352 1968 254 1968 246 1971"/></Shape>
            <String CONTENT="وينام عندهم حتى "
                    HPOS="246"
                    VPOS="1925"
                    WIDTH="272"
                    HEIGHT="116"
                    ></String>
          </TextLine>
          <TextLine ID="eSc_line_240cdfc4"
                    TAGREFS="LT1"
                    BASELINE="211 1988 308 1956" 
                    HPOS="191"
                    VPOS="1913"
                    WIDTH="118"
                    HEIGHT="83">
            <Shape><Polygon POINTS="261 1913 256 1913 191 1930 209 1986 211 1996 309 1968 307 1953 279 1913 261 1913"/></Shape>
            <String CONTENT="ظن "
                    HPOS="191"
                    VPOS="1913"
                    WIDTH="118"
                    HEIGHT="83"
                    ></String>
          </TextLine>
          <TextLine ID="eSc_line_eabef87a"
                    TAGREFS="LT1"
                    BASELINE="226 2071 515 2061" 
                    HPOS="224"
                    VPOS="2008"
                    WIDTH="289"
                    HEIGHT="84">
            <Shape><Polygon POINTS="224 2092 513 2084 513 2059 481 2008 274 2051 224 2069 224 2092"/></Shape>
            <String CONTENT="جماعة أن أحمد ابن "
                    HPOS="224"
                    VPOS="2008"
                    WIDTH="289"
                    HEIGHT="84"
                    ></String>
          </TextLine>
          <TextLine ID="eSc_line_5ff90bef"
                    TAGREFS="LT1"
                    BASELINE="229 2149 522 2143" 
                    HPOS="226"
                    VPOS="2107"
                    WIDTH="295"
                    HEIGHT="73">
            <Shape><Polygon POINTS="501 2137 498 2129 294 2107 239 2134 226 2147 226 2177 297 2160 332 2180 425 2177 521 2154 521 2142 506 2132 501 2129 501 2137"/></Shape>
            <String CONTENT="السلطان مما يحبه
"
                    HPOS="226"
                    VPOS="2107"
                    WIDTH="295"
                    HEIGHT="73"
                    ></String>
          </TextLine>
          <TextLine ID="eSc_line_eb44b4fa"
                    TAGREFS="LT1"
                    BASELINE="210 2218 508 2217" 
                    HPOS="209"
                    VPOS="2185"
                    WIDTH="297"
                    HEIGHT="65">
            <Shape><Polygon POINTS="209 2250 261 2235 476 2245 506 2230 506 2215 496 2202 279 2185 229 2202 209 2217 209 2250"/></Shape>
            <String CONTENT="ويقبله ويحمله فشهر "
                    HPOS="209"
                    VPOS="2185"
                    WIDTH="297"
                    HEIGHT="65"
                    ></String>
          </TextLine>
          <TextLine ID="eSc_line_302d4b6d"
                    TAGREFS="LT1"
                    BASELINE="274 2312 503 2281" 
                    HPOS="272"
                    VPOS="2245"
                    WIDTH="231"
                    HEIGHT="86">
            <Shape><Polygon POINTS="491 2245 405 2245 365 2293 287 2303 272 2311 274 2331 465 2323 503 2303 501 2280 498 2275 491 2245"/></Shape>
            <String CONTENT="ذكر بكتمر بحيث "
                    HPOS="272"
                    VPOS="2245"
                    WIDTH="231"
                    HEIGHT="86"
                    ></String>
          </TextLine>
          <TextLine ID="eSc_line_f3153dd8"
                    TAGREFS="LT1"
                    BASELINE="211 2358 508 2362" 
                    HPOS="206"
                    VPOS="2323"
                    WIDTH="300"
                    HEIGHT="88">
            <Shape><Polygon POINTS="206 2386 284 2386 360 2411 503 2389 506 2361 496 2351 357 2323 214 2348 209 2356 206 2386"/></Shape>
            <String CONTENT="كان لا يهدى "
                    HPOS="206"
                    VPOS="2323"
                    WIDTH="300"
                    HEIGHT="88"
                    ></String>
          </TextLine>
          <TextLine ID="eSc_line_a3269f41"
                    TAGREFS="LT1"
                    BASELINE="216 2301 311 2271" 
                    HPOS="214"
                    VPOS="2220"
                    WIDTH="100"
                    HEIGHT="103">
            <Shape><Polygon POINTS="309 2270 292 2220 226 2283 214 2300 221 2323 314 2290 309 2270"/></Shape>
            <String CONTENT="كان "
                    HPOS="214"
                    VPOS="2220"
                    WIDTH="100"
                    HEIGHT="103"
                    ></String>
          </TextLine>
          <TextLine ID="eSc_line_a16533d6"
                    TAGREFS="LT1"
                    BASELINE="206 2453 507 2442" 
                    HPOS="204"
                    VPOS="2411"
                    WIDTH="302"
                    HEIGHT="73">
            <Shape><Polygon POINTS="204 2484 506 2462 506 2441 503 2431 420 2411 214 2444 204 2452 204 2484"/></Shape>
            <String CONTENT="شي الا ويهدى لبكتمر"
                    HPOS="204"
                    VPOS="2411"
                    WIDTH="302"
                    HEIGHT="73"
                    ></String>
          </TextLine>
          <TextLine ID="eSc_line_4b4589f0"
                    TAGREFS="LT1"
                    BASELINE="211 2523 508 2509" 
                    HPOS="209"
                    VPOS="2492"
                    WIDTH="297"
                    HEIGHT="58">
            <Shape><Polygon POINTS="209 2550 402 2550 423 2532 506 2527 506 2507 493 2499 355 2492 226 2512 209 2522 209 2550"/></Shape>
            <String CONTENT="مثله وغالب ما يحمل "
                    HPOS="209"
                    VPOS="2492"
                    WIDTH="297"
                    HEIGHT="58"
                    ></String>
          </TextLine>
          <TextLine ID="eSc_line_4c26c6d4"
                    TAGREFS="LT1"
                    BASELINE="211 2577 507 2566" 
                    HPOS="209"
                    VPOS="2550"
                    WIDTH="297"
                    HEIGHT="73">
            <Shape><Polygon POINTS="209 2620 350 2623 506 2598 506 2565 501 2560 355 2550 324 2567 289 2552 209 2570 209 2575 209 2620"/></Shape>
            <String CONTENT="إلى السلطان يكون "
                    HPOS="209"
                    VPOS="2550"
                    WIDTH="297"
                    HEIGHT="73"
                    ></String>
          </TextLine>
          <TextLine ID="eSc_line_9160824c"
                    TAGREFS="LT1"
                    BASELINE="206 2686 504 2650" 
                    HPOS="201"
                    VPOS="2610"
                    WIDTH="305"
                    HEIGHT="111">
            <Shape><Polygon POINTS="204 2683 209 2721 297 2701 347 2718 483 2703 506 2683 503 2648 498 2610 385 2633 340 2666 201 2681 204 2683"/></Shape>
            <String CONTENT="لبكتمر فعظمت أمواله
"
                    HPOS="201"
                    VPOS="2610"
                    WIDTH="305"
                    HEIGHT="111"
                    ></String>
          </TextLine>
        </TextBlock>
        <TextBlock HPOS="1869"
                   VPOS="1290"
                   WIDTH="96"
                   HEIGHT="807"
                   ID="eSc_textblock_78a698d9"
                   TAGREFS="BT1063">
          <Shape><Polygon POINTS="1965 1290 1965 2095 1869 2097 1869 1290"/></Shape>
          <TextLine ID="eSc_line_9d2949c5"
                    TAGREFS="LT222"
                    BASELINE="1907 1307 1915 2096" 
                    HPOS="1868"
                    VPOS="1304"
                    WIDTH="96"
                    HEIGHT="790">
            <Shape><Polygon POINTS="1961 2084 1961 2059 1961 2034 1961 2008 1961 1983 1961 1958 1961 1933 1961 1908 1961 1883 1961 1857 1961 1842 1941 1802 1954 1304 1906 1306 1881 1306 1868 1404 1886 1578 1876 2094 1914 2094 1964 2092 1964 2087 1961 2084"/></Shape>
            <String CONTENT="كل طواله سته ارؤس سوى ما فى الجشارات"
                    HPOS="1868"
                    VPOS="1304"
                    WIDTH="96"
                    HEIGHT="790"
                    ></String>
          </TextLine>
        </TextBlock>
        <TextBlock HPOS="1875"
                   VPOS="2097"
                   WIDTH="92"
                   HEIGHT="213"
                   ID="eSc_textblock_bd389729"
                   TAGREFS="BT1063">
          <Shape><Polygon POINTS="1967 2097 1958 2310 1875 2264 1875 2097"/></Shape>
          <TextLine ID="eSc_line_cd10deda"
                    TAGREFS="LT220"
                    BASELINE="1929 2271 1917 2126" 
                    HPOS="1881"
                    VPOS="2119"
                    WIDTH="83"
                    HEIGHT="151">
            <Shape><Polygon POINTS="1916 2124 1881 2127 1891 2265 1896 2270 1926 2270 1964 2265 1964 2119 1916 2124"/></Shape>
            <String CONTENT="خيله فى"
                    HPOS="1881"
                    VPOS="2119"
                    WIDTH="83"
                    HEIGHT="151"
                    ></String>
          </TextLine>
        </TextBlock>
        <TextBlock HPOS="1854"
                   VPOS="2279"
                   WIDTH="98"
                   HEIGHT="583"
                   ID="eSc_textblock_73135361"
                   TAGREFS="BT1063">
          <Shape><Polygon POINTS="1952 2862 1887 2860 1868 2714 1875 2614 1870 2614 1870 2564 1854 2564 1860 2279 1928 2297 1944 2668"/></Shape>
          <TextLine ID="eSc_line_8bf633c0"
                    TAGREFS="LT222"
                    BASELINE="1920 2853 1898 2296" 
                    HPOS="1861"
                    VPOS="2293"
                    WIDTH="85"
                    HEIGHT="559">
            <Shape><Polygon POINTS="1896 2295 1861 2295 1871 2613 1873 2625 1871 2628 1878 2804 1883 2827 1886 2852 1919 2852 1946 2849 1946 2660 1926 2603 1939 2419 1914 2293 1896 2295"/></Shape>
            <String CONTENT="وبيعت خيله بعد ما اخذ السلطان منها"
                    HPOS="1861"
                    VPOS="2293"
                    WIDTH="85"
                    HEIGHT="559"
                    ></String>
          </TextLine>
        </TextBlock>
        <TextBlock HPOS="493"
                   VPOS="2628"
                   WIDTH="1380"
                   HEIGHT="268"
                   ID="eSc_textblock_e6052817"
                   TAGREFS="BT1063">
          <Shape><Polygon POINTS="1873 2873 1768 2874 508 2896 493 2676 607 2696 1796 2639 1852 2628 1871 2672 1860 2719"/></Shape>
          <TextLine ID="eSc_line_84d9a6fd"
                    TAGREFS="LT220"
                    BASELINE="1823 2639 1857 2850" 
                    HPOS="1800"
                    VPOS="2633"
                    WIDTH="66"
                    HEIGHT="219">
            <Shape><Polygon POINTS="1863 2834 1861 2809 1861 2784 1858 2759 1856 2734 1856 2706 1856 2701 1851 2633 1820 2638 1800 2640 1800 2746 1828 2852 1856 2849 1866 2847 1863 2834"/></Shape>
            <String CONTENT="أربعين فرسا "
                    HPOS="1800"
                    VPOS="2633"
                    WIDTH="66"
                    HEIGHT="219"
                    ></String>
          </TextLine>
          <TextLine ID="eSc_line_191c63a5"
                    TAGREFS="LT220"
                    BASELINE="1754 2647 1805 2856" 
                    HPOS="1712"
                    VPOS="2640"
                    WIDTH="134"
                    HEIGHT="222">
            <Shape><Polygon POINTS="1773 2640 1752 2645 1712 2653 1740 2706 1765 2862 1803 2854 1846 2842 1800 2731 1808 2678 1783 2643 1773 2640"/></Shape>
            <String CONTENT="بألفي
ألف ومائتي "
                    HPOS="1712"
                    VPOS="2640"
                    WIDTH="134"
                    HEIGHT="222"
                    ></String>
          </TextLine>
          <TextLine ID="eSc_line_851b81bb"
                    TAGREFS="LT220"
                    BASELINE="1684 2651 1731 2868" 
                    HPOS="1669"
                    VPOS="2645"
                    WIDTH="63"
                    HEIGHT="227">
            <Shape><Polygon POINTS="1669 2653 1695 2872 1730 2867 1732 2864 1725 2696 1705 2645 1682 2650 1669 2653"/></Shape>
            <String CONTENT="ألف وثمانين "
                    HPOS="1669"
                    VPOS="2645"
                    WIDTH="63"
                    HEIGHT="227"
                    ></String>
          </TextLine>
          <TextLine ID="eSc_line_d3813500"
                    TAGREFS="LT220"
                    BASELINE="1633 2651 1662 2869" 
                    HPOS="1596"
                    VPOS="2645"
                    WIDTH="81"
                    HEIGHT="224">
            <Shape><Polygon POINTS="1632 2650 1596 2653 1637 2869 1659 2867 1659 2864 1659 2746 1677 2716 1659 2645 1632 2650"/></Shape>
            <String CONTENT="ألف درهم سوى "
                    HPOS="1596"
                    VPOS="2645"
                    WIDTH="81"
                    HEIGHT="224"
                    ></String>
          </TextLine>
          <TextLine ID="eSc_line_0a740321"
                    TAGREFS="LT220"
                    BASELINE="1567 2661 1603 2865" 
                    HPOS="1536"
                    VPOS="2660"
                    WIDTH="73"
                    HEIGHT="207">
            <Shape><Polygon POINTS="1606 2862 1609 2769 1586 2749 1596 2713 1571 2660 1566 2660 1536 2666 1574 2867 1601 2864 1606 2862"/></Shape>
            <String CONTENT="ما في الجشارا"
                    HPOS="1536"
                    VPOS="2660"
                    WIDTH="73"
                    HEIGHT="207"
                    ></String>
          </TextLine>
          <TextLine ID="eSc_line_7d7ddfc3"
                    BASELINE="1598 2647 1618 2701" 
                    HPOS="1586"
                    VPOS="2645"
                    WIDTH="43"
                    HEIGHT="56">
            <Shape><Polygon POINTS="1611 2660 1604 2648 1596 2645 1586 2648 1604 2701 1616 2698 1629 2691 1616 2673 1609 2666"/></Shape>
            <String CONTENT="ت "
                    HPOS="1586"
                    VPOS="2645"
                    WIDTH="43"
                    HEIGHT="56"
                    ></String>
          </TextLine>
          <TextLine ID="eSc_line_d9ce15d2"
                    TAGREFS="LT220"
                    BASELINE="1494 2661 1533 2872" 
                    HPOS="1455"
                    VPOS="2658"
                    WIDTH="91"
                    HEIGHT="216">
            <Shape><Polygon POINTS="1455 2666 1503 2819 1493 2874 1531 2869 1536 2839 1526 2769 1546 2739 1531 2658 1493 2660 1455 2666"/></Shape>
            <String CONTENT="وسوى ما نهبه
"
                    HPOS="1455"
                    VPOS="2658"
                    WIDTH="91"
                    HEIGHT="216"
                    ></String>
          </TextLine>
          <TextLine ID="eSc_line_482bbc65"
                    TAGREFS="LT220"
                    BASELINE="1443 2664 1474 2874" 
                    HPOS="1425"
                    VPOS="2663"
                    WIDTH="91"
                    HEIGHT="211">
            <Shape><Polygon POINTS="1473 2872 1516 2852 1455 2686 1440 2663 1425 2666 1440 2874 1473 2872"/></Shape>
            <String CONTENT="الخاصكية "
                    HPOS="1425"
                    VPOS="2663"
                    WIDTH="91"
                    HEIGHT="211"
                    ></String>
          </TextLine>
          <TextLine ID="eSc_line_bcef25d4"
                    TAGREFS="LT220"
                    BASELINE="1364 2666 1405 2898" 
                    HPOS="1332"
                    VPOS="2660"
                    WIDTH="146"
                    HEIGHT="240">
            <Shape><Polygon POINTS="1433 2880 1465 2849 1463 2834 1402 2663 1390 2660 1362 2663 1332 2668 1362 2711 1380 2900 1402 2897 1478 2880 1478 2877 1433 2880"/></Shape>
            <String CONTENT="وأخذوه بمن "
                    HPOS="1332"
                    VPOS="2660"
                    WIDTH="146"
                    HEIGHT="240"
                    ></String>
          </TextLine>
          <TextLine ID="eSc_line_7da35d3e"
                    TAGREFS="LT220"
                    BASELINE="1310 2770 1350 2892" 
                    HPOS="1289"
                    VPOS="2769"
                    WIDTH="83"
                    HEIGHT="126">
            <Shape><Polygon POINTS="1367 2880 1370 2872 1370 2824 1355 2812 1344 2809 1342 2801 1327 2789 1309 2769 1289 2774 1329 2895 1349 2890 1372 2880 1367 2880"/></Shape>
            <String CONTENT="بخس
 "
                    HPOS="1289"
                    VPOS="2769"
                    WIDTH="83"
                    HEIGHT="126"
                    ></String>
          </TextLine>
          <TextLine ID="eSc_line_f851c70c"
                    TAGREFS="LT220"
                    BASELINE="1323 2666 1349 2811" 
                    HPOS="1261"
                    VPOS="2663"
                    WIDTH="114"
                    HEIGHT="154">
            <Shape><Polygon POINTS="1329 2663 1322 2663 1261 2673 1292 2756 1289 2817 1347 2809 1375 2796 1342 2671 1329 2663"/></Shape>
            <String CONTENT="ووجد "
                    HPOS="1261"
                    VPOS="2663"
                    WIDTH="114"
                    HEIGHT="154"
                    ></String>
          </TextLine>
          <TextLine ID="eSc_line_40401c3f"
                    TAGREFS="LT220"
                    BASELINE="1243 2704 1286 2892" 
                    HPOS="1229"
                    VPOS="2701"
                    WIDTH="83"
                    HEIGHT="196">
            <Shape><Polygon POINTS="1229 2706 1231 2786 1254 2824 1246 2897 1284 2890 1312 2882 1269 2701 1241 2703 1229 2706"/></Shape>
            <String CONTENT="له سرج وا"
                    HPOS="1229"
                    VPOS="2701"
                    WIDTH="83"
                    HEIGHT="196"
                    ></String>
          </TextLine>
          <TextLine ID="eSc_line_0009dedb"
                    BASELINE="1273 2674 1304 2747" 
                    HPOS="1256"
                    VPOS="2673"
                    WIDTH="68"
                    HEIGHT="76">
            <Shape><Polygon POINTS="1256 2678 1287 2749 1302 2746 1324 2734 1284 2681 1271 2673 1256 2678"/></Shape>
            <String CONTENT="حد "
                    HPOS="1256"
                    VPOS="2673"
                    WIDTH="68"
                    HEIGHT="76"
                    ></String>
          </TextLine>
          <TextLine ID="eSc_line_138b0698"
                    TAGREFS="LT220"
                    BASELINE="1168 2706 1217 2897" 
                    HPOS="1148"
                    VPOS="2693"
                    WIDTH="103"
                    HEIGHT="207">
            <Shape><Polygon POINTS="1148 2706 1193 2900 1216 2895 1251 2882 1211 2786 1198 2693 1166 2703 1148 2706"/></Shape>
            <String CONTENT="وسيف وا"
                    HPOS="1148"
                    VPOS="2693"
                    WIDTH="103"
                    HEIGHT="207"
                    ></String>
          </TextLine>
          <TextLine ID="eSc_line_30c3e3a4"
                    TAGREFS="LT220"
                    BASELINE="1206 2682 1232 2774" 
                    HPOS="1193"
                    VPOS="2666"
                    WIDTH="53"
                    HEIGHT="110">
            <Shape><Polygon POINTS="1241 2721 1246 2713 1246 2666 1203 2681 1193 2683 1208 2776 1231 2771 1246 2764 1246 2744 1241 2721"/></Shape>
            <String CONTENT="حد "
                    HPOS="1193"
                    VPOS="2666"
                    WIDTH="53"
                    HEIGHT="110"
                    ></String>
          </TextLine>
          <TextLine ID="eSc_line_287b1f89"
                    TAGREFS="LT220"
                    BASELINE="1105 2690 1147 2887" 
                    HPOS="1090"
                    VPOS="2688"
                    WIDTH="91"
                    HEIGHT="199">
            <Shape><Polygon POINTS="1173 2867 1166 2731 1168 2723 1168 2723 1168 2721 1181 2698 1103 2688 1090 2691 1093 2822 1120 2887 1145 2885 1166 2874 1173 2867"/></Shape>
            <String CONTENT="قيمتهما ستمائة "
                    HPOS="1090"
                    VPOS="2688"
                    WIDTH="91"
                    HEIGHT="199"
                    ></String>
          </TextLine>
          <TextLine ID="eSc_line_255b742e"
                    TAGREFS="LT220"
                    BASELINE="1048 2682 1082 2893" 
                    HPOS="1015"
                    VPOS="2676"
                    WIDTH="103"
                    HEIGHT="219">
            <Shape><Polygon POINTS="1118 2882 1088 2769 1090 2676 1047 2681 1015 2683 1037 2718 1052 2895 1080 2892 1118 2885 1118 2882"/></Shape>
            <String CONTENT="ألف أخذهما "
                    HPOS="1015"
                    VPOS="2676"
                    WIDTH="103"
                    HEIGHT="219"
                    ></String>
          </TextLine>
          <TextLine ID="eSc_line_fa836bf0"
                    TAGREFS="LT220"
                    BASELINE="990 2679 1016 2892" 
                    HPOS="962"
                    VPOS="2678"
                    WIDTH="78"
                    HEIGHT="214">
            <Shape><Polygon POINTS="1040 2882 1040 2791 1020 2774 1032 2721 1007 2681 997 2678 989 2678 962 2681 979 2723 984 2892 1015 2890 1030 2887 1040 2882"/></Shape>
            <String CONTENT="السلطان وأخذ "
                    HPOS="962"
                    VPOS="2678"
                    WIDTH="78"
                    HEIGHT="214"
                    ></String>
          </TextLine>
          <TextLine ID="eSc_line_fbba6b8c"
                    TAGREFS="LT220"
                    BASELINE="928 2688 957 2899" 
                    HPOS="901"
                    VPOS="2686"
                    WIDTH="73"
                    HEIGHT="211">
            <Shape><Polygon POINTS="962 2882 962 2880 974 2688 926 2686 909 2688 901 2764 931 2897 954 2897 962 2887 962 2882 962 2882"/></Shape>
            <String CONTENT="له
ثلاث ة صناديق "
                    HPOS="901"
                    VPOS="2686"
                    WIDTH="73"
                    HEIGHT="211"
                    ></String>
          </TextLine>
          <TextLine ID="eSc_line_cb924625"
                    TAGREFS="LT220"
                    BASELINE="875 2683 889 2892" 
                    HPOS="838"
                    VPOS="2681"
                    WIDTH="73"
                    HEIGHT="209">
            <Shape><Polygon POINTS="838 2681 863 2809 848 2864 868 2890 886 2890 911 2887 886 2698 873 2681 838 2681"/></Shape>
            <String CONTENT="فيها الجواهر لا "
                    HPOS="838"
                    VPOS="2681"
                    WIDTH="73"
                    HEIGHT="209"
                    ></String>
          </TextLine>
          <TextLine ID="eSc_line_6ae91a6e"
                    TAGREFS="LT220"
                    BASELINE="803 2698 834 2887" 
                    HPOS="775"
                    VPOS="2696"
                    WIDTH="86"
                    HEIGHT="191">
            <Shape><Polygon POINTS="775 2698 805 2887 833 2885 841 2862 861 2716 800 2696 775 2698"/></Shape>
            <String CONTENT="يدري ما قيمتها "
                    HPOS="775"
                    VPOS="2696"
                    WIDTH="86"
                    HEIGHT="191"
                    ></String>
          </TextLine>
          <TextLine ID="eSc_line_77b8366d"
                    TAGREFS="LT220"
                    BASELINE="720 2698 766 2900" 
                    HPOS="702"
                    VPOS="2688"
                    WIDTH="83"
                    HEIGHT="217">
            <Shape><Polygon POINTS="783 2887 783 2885 778 2791 740 2688 717 2696 702 2698 717 2734 710 2819 735 2844 730 2905 765 2897 785 2890 783 2887"/></Shape>
            <String CONTENT="وأبيع له من "
                    HPOS="702"
                    VPOS="2688"
                    WIDTH="83"
                    HEIGHT="217"
                    ></String>
          </TextLine>
          <TextLine ID="eSc_line_4c883ea4"
                    TAGREFS="LT220"
                    BASELINE="647 2705 699 2907" 
                    HPOS="619"
                    VPOS="2693"
                    WIDTH="106"
                    HEIGHT="214">
            <Shape><Polygon POINTS="712 2892 722 2880 680 2693 644 2703 619 2708 680 2907 697 2905 725 2895 725 2892 712 2892"/></Shape>
            <String CONTENT="سائر الأصنا"
                    HPOS="619"
                    VPOS="2693"
                    WIDTH="106"
                    HEIGHT="214"
                    ></String>
          </TextLine>
          <TextLine ID="eSc_line_c642443c"
                    TAGREFS="LT220"
                    BASELINE="689 2690 708 2751" 
                    HPOS="677"
                    VPOS="2688"
                    WIDTH="43"
                    HEIGHT="63">
            <Shape><Polygon POINTS="677 2691 697 2751 707 2749 720 2741 695 2691 687 2688 677 2691"/></Shape>
            <String CONTENT="ف
"
                    HPOS="677"
                    VPOS="2688"
                    WIDTH="43"
                    HEIGHT="63"
                    ></String>
          </TextLine>
          <TextLine ID="eSc_line_efb6a9e8"
                    TAGREFS="LT220"
                    BASELINE="588 2716 619 2895" 
                    HPOS="566"
                    VPOS="2713"
                    WIDTH="71"
                    HEIGHT="182">
            <Shape><Polygon POINTS="566 2716 584 2895 617 2892 637 2887 634 2713 586 2713 566 2716"/></Shape>
            <String CONTENT="مدة أشهر ما "
                    HPOS="566"
                    VPOS="2713"
                    WIDTH="71"
                    HEIGHT="182"
                    ></String>
          </TextLine>
          <TextLine ID="eSc_line_8408977b"
                    TAGREFS="LT220"
                    BASELINE="525 2684 562 2886" 
                    HPOS="488"
                    VPOS="2681"
                    WIDTH="116"
                    HEIGHT="209">
            <Shape><Polygon POINTS="533 2681 523 2683 488 2688 501 2812 531 2890 561 2885 604 2874 564 2779 571 2698 551 2683 533 2681"/></Shape>
            <String CONTENT="بلغ مالا عظيما"
                    HPOS="488"
                    VPOS="2681"
                    WIDTH="116"
                    HEIGHT="209"
                    ></String>
          </TextLine>
        </TextBlock>
      </PrintSpace>
    </Page>
  </Layout>
</alto>
