<?xml version="1.0" encoding="UTF-8"?>
<alto xmlns:xsi="http://www.w3.org/2001/XMLSchema-instance"
      xmlns="http://www.loc.gov/standards/alto/ns-v4#"
      xsi:schemaLocation="http://www.loc.gov/standards/alto/ns-v4# http://www.loc.gov/standards/alto/v4/alto-4-2.xsd">
  <Description>
    <MeasurementUnit>pixel</MeasurementUnit>
    <sourceImageInformation>
      <fileName>Muqaffa-or14533-3.pdf_page_73.png</fileName>
      <fileIdentifier>pdf//Muqaffa-or14533-3.pdf</fileIdentifier>
    </sourceImageInformation>
  </Description>
  <Tags>
    <OtherTag ID="BT1094" LABEL="text" DESCRIPTION="block type text"/><OtherTag ID="BT1066" LABEL="Chancery_Material" DESCRIPTION="block type Chancery_Material"/><OtherTag ID="BT1065" LABEL="Flyleaf" DESCRIPTION="block type Flyleaf"/><OtherTag ID="BT1064" LABEL="default" DESCRIPTION="block type default"/><OtherTag ID="BT1063" LABEL="Marginal_Material" DESCRIPTION="block type Marginal_Material"/><OtherTag ID="BT1062" LABEL="Catchword" DESCRIPTION="block type Catchword"/><OtherTag ID="BT4" LABEL="Illustration" DESCRIPTION="block type Illustration"/><OtherTag ID="BT3" LABEL="Commentary" DESCRIPTION="block type Commentary"/><OtherTag ID="BT2" LABEL="Main" DESCRIPTION="block type Main"/><OtherTag ID="BT1" LABEL="Title" DESCRIPTION="block type Title"/>
    <OtherTag ID="LT1" LABEL="Main" DESCRIPTION="line type Main"/><OtherTag ID="LT219" LABEL="default" DESCRIPTION="line type default"/><OtherTag ID="LT220" LABEL="Main-90" DESCRIPTION="line type Main-90"/><OtherTag ID="LT221" LABEL="Main-180" DESCRIPTION="line type Main-180"/><OtherTag ID="LT222" LABEL="Main-270" DESCRIPTION="line type Main-270"/>
  </Tags>
  <Layout>
    <Page WIDTH="3991"
          HEIGHT="3021"
          PHYSICAL_IMG_NR="269"
          ID="eSc_dummypage_">
      <PrintSpace HPOS="0"
                  VPOS="0"
                  WIDTH="3991"
                  HEIGHT="3021">
        <TextBlock HPOS="2179"
                   VPOS="271"
                   WIDTH="1348"
                   HEIGHT="662"
                   ID="eSc_textblock_ae2c7ee4"
                   TAGREFS="BT2">
          <Shape><Polygon POINTS="3517 302 3527 933 2197 917 2179 305 2203 292 2507 271"/></Shape>
          <TextLine ID="eSc_line_91c3a935"
                    TAGREFS="LT1"
                    BASELINE="2165 362 3505 367" 
                    HPOS="2162"
                    VPOS="302"
                    WIDTH="1343"
                    HEIGHT="115">
            <Shape><Polygon POINTS="2165 327 2165 362 2162 392 2336 415 2417 415 2437 395 2621 415 2767 397 2807 415 2852 397 2946 417 3026 402 3152 417 3180 397 3230 397 3250 417 3391 397 3426 417 3502 397 3505 367 3502 302 3230 302 3129 319 3107 304 2961 302 2928 329 2873 314 2850 334 2799 317 2739 334 2538 334 2497 317 2439 334 2339 309 2256 329 2220 304 2167 322 2165 327"/></Shape>
            <String CONTENT="ونفيه ال ما المسحونين فهدمواعيا من عشرسه رحب مسنه سبع وعتت"
                    HPOS="2162"
                    VPOS="302"
                    WIDTH="1343"
                    HEIGHT="115"
                    ></String>
          </TextLine>
          <TextLine ID="eSc_line_6f86c466"
                    TAGREFS="LT1"
                    BASELINE="2184 450 3510 460" 
                    HPOS="2180"
                    VPOS="425"
                    WIDTH="1327"
                    HEIGHT="88">
            <Shape><Polygon POINTS="2180 500 2346 488 2402 506 2578 490 2598 508 2709 508 2769 490 2794 508 2888 495 2930 511 2953 495 3026 511 3162 493 3202 511 3391 495 3432 513 3505 495 3507 458 3472 450 3212 450 3147 430 3094 448 2993 430 2898 448 2845 427 2611 445 2588 427 2510 427 2485 443 2455 425 2434 440 2397 425 2374 443 2324 427 2185 443 2183 448 2180 500"/></Shape>
            <String CONTENT="وارساه وومو العين ف الم ارصرك ثمر اخض هوو الابر كراب لفرح"
                    HPOS="2180"
                    VPOS="425"
                    WIDTH="1327"
                    HEIGHT="88"
                    ></String>
          </TextLine>
          <TextLine ID="eSc_line_2e630039"
                    TAGREFS="LT1"
                    BASELINE="2184 551 3507 546" 
                    HPOS="2183"
                    VPOS="518"
                    WIDTH="1322"
                    HEIGHT="86">
            <Shape><Polygon POINTS="2183 604 2276 584 2429 584 2452 604 2523 584 2555 604 2651 584 2769 604 2830 589 2968 601 3008 581 3059 601 3149 586 3238 601 3263 581 3351 601 3381 581 3426 601 3502 581 3505 543 3499 538 3069 518 3049 538 2956 538 2935 518 2840 518 2777 541 2611 521 2591 541 2462 541 2447 526 2220 541 2183 548 2183 604"/></Shape>
            <String CONTENT="تكعهك ولها ود بركه امحاع خرح البهاء الام معلطاى مالي وصعد"
                    HPOS="2183"
                    VPOS="518"
                    WIDTH="1322"
                    HEIGHT="86"
                    ></String>
          </TextLine>
          <TextLine ID="eSc_line_c495b5cd"
                    TAGREFS="LT1"
                    BASELINE="2184 646 3522 636" 
                    HPOS="2183"
                    VPOS="609"
                    WIDTH="1337"
                    HEIGHT="88">
            <Shape><Polygon POINTS="2183 674 2382 672 2434 689 2470 672 2515 687 2575 669 2658 687 2704 672 2752 697 2837 692 2860 672 2933 694 3185 694 3280 687 3313 667 3376 692 3452 692 3517 667 3520 634 3515 629 2956 609 2880 631 2764 631 2699 611 2648 634 2533 634 2497 614 2472 634 2424 616 2356 636 2278 614 2195 636 2183 644 2183 674"/></Shape>
            <String CONTENT="قلعه الجمل سحر يكتم بها الى من سوم السست بصف سعبال"
                    HPOS="2183"
                    VPOS="609"
                    WIDTH="1337"
                    HEIGHT="88"
                    ></String>
          </TextLine>
          <TextLine ID="eSc_line_eb5bf735"
                    TAGREFS="LT220"
                    BASELINE="2130 357 2152 704" 
                    HPOS="2102"
                    VPOS="354"
                    WIDTH="73"
                    HEIGHT="348">
            <Shape><Polygon POINTS="2173 697 2175 405 2150 357 2127 354 2102 357 2105 624 2125 702 2150 702 2173 697"/></Shape>
            <String CONTENT="ودفرالقرافه"
                    HPOS="2102"
                    VPOS="354"
                    WIDTH="73"
                    HEIGHT="348"
                    ></String>
          </TextLine>
          <TextLine ID="eSc_line_0d5f7e54"
                    TAGREFS="LT1"
                    BASELINE="2190 720 3512 727" 
                    HPOS="2188"
                    VPOS="699"
                    WIDTH="1324"
                    HEIGHT="78">
            <Shape><Polygon POINTS="2190 720 2188 752 2253 775 2326 755 2341 770 2500 757 2517 775 2618 762 2633 777 3510 760 3512 727 3505 722 3280 722 3258 707 3228 720 3195 704 3082 722 3064 702 3026 720 2958 702 2900 720 2860 702 2626 699 2502 717 2462 699 2439 717 2190 714 2190 720"/></Shape>
            <String CONTENT="منسمه ماف ونحر وسبعابه فشبهه ابام اخبا رنه وكاف خسوار"
                    HPOS="2188"
                    VPOS="699"
                    WIDTH="1324"
                    HEIGHT="78"
                    ></String>
          </TextLine>
          <TextLine ID="eSc_line_5eff3e25"
                    TAGREFS="LT1"
                    BASELINE="2188 800 2631 815 3515 815" 
                    HPOS="2185"
                    VPOS="780"
                    WIDTH="1330"
                    HEIGHT="93">
            <Shape><Polygon POINTS="2185 850 2787 873 2842 853 2875 873 3029 873 3051 850 3097 850 3122 873 3162 853 3411 855 3452 871 3474 853 3512 871 3515 815 3479 808 3185 793 3144 805 3109 785 3051 805 3011 785 2633 803 2608 782 2523 782 2497 800 2439 782 2414 803 2389 780 2188 800 2185 850"/></Shape>
            <String CONTENT="له صدقات ومعروف، سليم الباطن.
وترك ولدين من أمراء الطبلخ"
                    HPOS="2185"
                    VPOS="780"
                    WIDTH="1330"
                    HEIGHT="93"
                    ></String>
          </TextLine>
          <TextLine ID="eSc_line_f77bb326"
                    TAGREFS="LT1"
                    BASELINE="3054 901 3510 896" 
                    HPOS="3054"
                    VPOS="873"
                    WIDTH="456"
                    HEIGHT="86">
            <Shape><Polygon POINTS="3054 944 3507 959 3510 896 3494 888 3356 873 3306 888 3278 873 3230 891 3170 876 3082 891 3054 901 3054 944"/></Shape>
            <String CONTENT="بمصر ولم يقع هذا"
                    HPOS="3054"
                    VPOS="873"
                    WIDTH="456"
                    HEIGHT="86"
                    ></String>
          </TextLine>
        </TextBlock>
        <TextBlock HPOS="433"
                   VPOS="281"
                   WIDTH="1475"
                   HEIGHT="2465"
                   ID="eSc_textblock_b60fa8b6"
                   TAGREFS="BT2">
          <Shape><Polygon POINTS="1797 281 1908 322 1898 2696 1374 2746 513 2736 473 2716 493 2598 453 2253 433 322 1520 281"/></Shape>
          <TextLine ID="eSc_line_db8b1208"
                    TAGREFS="LT1"
                    BASELINE="450 448 1870 420" 
                    HPOS="450"
                    VPOS="397"
                    WIDTH="1420"
                    HEIGHT="106">
            <Shape><Polygon POINTS="450 475 569 503 805 498 828 483 964 495 1009 478 1057 493 1097 468 1165 478 1256 460 1455 458 1480 473 1528 455 1563 475 1641 453 1707 478 1757 453 1870 450 1870 420 1863 415 1666 402 1639 417 1608 397 1478 397 1399 400 1377 422 1321 402 1271 420 1221 402 1198 422 1180 405 1092 407 1062 430 1022 412 964 430 916 412 893 433 760 435 730 420 702 435 478 440 450 448 450 475"/></Shape>
            <String CONTENT=" لغيره
 "
                    HPOS="450"
                    VPOS="397"
                    WIDTH="1420"
                    HEIGHT="106"
                    ></String>
          </TextLine>
          <TextLine ID="eSc_line_8c2625ab"
                    TAGREFS="LT1"
                    BASELINE="511 362 1855 342" 
                    HPOS="508"
                    VPOS="292"
                    WIDTH="1347"
                    HEIGHT="118">
            <Shape><Polygon POINTS="558 317 533 317 508 317 511 362 511 410 667 410 710 392 767 407 800 387 868 405 936 390 961 405 1080 402 1112 382 1180 397 1246 380 1271 400 1294 380 1352 377 1425 395 1503 380 1656 395 1676 375 1855 370 1855 342 1853 302 1765 292 1659 312 1548 294 1473 319 1394 297 1342 322 1193 304 1133 324 1009 324 949 304 795 324 564 314 558 317"/></Shape>
            <String CONTENT="بيبرس وسلار كان من أهل ال"
                    HPOS="508"
                    VPOS="292"
                    WIDTH="1347"
                    HEIGHT="118"
                    ></String>
          </TextLine>
          <TextLine ID="eSc_line_8e7f6cd6"
                    TAGREFS="LT1"
                    BASELINE="458 536 1860 503" 
                    HPOS="458"
                    VPOS="483"
                    WIDTH="1402"
                    HEIGHT="101">
            <Shape><Polygon POINTS="458 561 672 584 997 576 1105 556 1160 568 1201 546 1485 561 1553 538 1709 548 1860 531 1860 503 1858 498 1578 506 1558 488 1450 483 1420 506 1359 485 1211 488 1123 490 1075 518 989 521 929 495 896 521 848 500 808 523 737 508 458 531 458 536 458 561"/></Shape>
            <String CONTENT="هم سن وستلام كات من ها الحل والعفر وثز بول السلب لن صريحم"
                    HPOS="458"
                    VPOS="483"
                    WIDTH="1402"
                    HEIGHT="101"
                    ></String>
          </TextLine>
          <TextLine ID="eSc_line_9728f735"
                    TAGREFS="LT1"
                    BASELINE="458 631 1865 589" 
                    HPOS="458"
                    VPOS="558"
                    WIDTH="1407"
                    HEIGHT="119">
            <Shape><Polygon POINTS="458 677 541 657 621 674 798 667 818 649 871 667 984 649 1085 659 1125 639 1201 657 1306 634 1450 649 1865 619 1865 589 1840 581 1679 566 1641 584 1611 558 1558 573 1364 566 1321 594 1296 571 1211 571 1095 604 1044 581 989 606 954 584 901 609 841 596 825 611 740 601 513 621 458 631 458 677"/></Shape>
            <String CONTENT="هلاون يقول له ادا حاطنه باعم وتقول تلا منه باصوالهين يجهر ما"
                    HPOS="458"
                    VPOS="558"
                    WIDTH="1407"
                    HEIGHT="119"
                    ></String>
          </TextLine>
          <TextLine ID="eSc_line_f59c73b8"
                    TAGREFS="LT1"
                    BASELINE="443 717 1868 679" 
                    HPOS="443"
                    VPOS="659"
                    WIDTH="1425"
                    HEIGHT="108">
            <Shape><Polygon POINTS="443 750 536 767 561 750 619 765 647 745 712 762 788 760 823 740 878 757 1019 740 1107 752 1175 732 1198 750 1583 720 1717 717 1772 735 1868 714 1868 679 1865 674 1767 659 1744 677 1719 662 1684 679 1578 669 1525 684 1495 667 1223 689 1196 674 1100 697 1027 684 901 702 883 684 820 684 798 704 732 687 715 707 443 712 443 717 443 750"/></Shape>
            <String CONTENT="ونح بع مسنه سح بايه واتفقه بحته كمبببه وماسن اف ويبام"
                    HPOS="443"
                    VPOS="659"
                    WIDTH="1425"
                    HEIGHT="108"
                    ></String>
          </TextLine>
          <TextLine ID="eSc_line_017c55b2"
                    TAGREFS="LT1"
                    BASELINE="445 803 838 803 1868 772" 
                    HPOS="445"
                    VPOS="755"
                    WIDTH="1423"
                    HEIGHT="105">
            <Shape><Polygon POINTS="445 845 571 860 647 840 745 858 783 838 815 858 838 843 936 855 1085 835 1188 848 1256 828 1281 845 1445 840 1528 818 1558 835 1664 835 1684 818 1722 835 1760 813 1868 810 1868 772 1855 767 1639 760 1608 775 1541 755 1500 777 1427 757 1337 780 1258 762 1223 780 1193 765 1143 782 1034 767 931 793 810 795 737 775 712 790 682 777 584 800 460 798 445 803 445 845"/></Shape>
            <String CONTENT="وصبع معووف العيوا من تخلنه انه تحك ف البح سبعه مواكب مسحونه"
                    HPOS="445"
                    VPOS="755"
                    WIDTH="1423"
                    HEIGHT="105"
                    ></String>
          </TextLine>
          <TextLine ID="eSc_line_e132d2a9"
                    TAGREFS="LT1"
                    BASELINE="462 906 1853 882" 
                    HPOS="460"
                    VPOS="863"
                    WIDTH="1390"
                    HEIGHT="96">
            <Shape><Polygon POINTS="460 931 533 944 629 928 715 959 735 944 803 959 838 928 936 956 1075 956 1223 954 1289 921 1415 949 1480 916 1596 946 1636 913 1694 931 1724 911 1850 908 1850 881 1848 876 1384 863 1304 886 1241 866 1208 888 1158 868 1138 888 997 871 871 891 793 873 762 896 699 878 460 898 460 903 460 931"/></Shape>
            <String CONTENT="ناللم عف فسح وانعوابح ال دام منا يين مسكرم بحسل ورمت وضعول"
                    HPOS="460"
                    VPOS="863"
                    WIDTH="1390"
                    HEIGHT="96"
                    ></String>
          </TextLine>
          <TextLine ID="eSc_line_978500e5"
                    TAGREFS="LT1"
                    BASELINE="465 999 1863 974" 
                    HPOS="465"
                    VPOS="954"
                    WIDTH="1398"
                    HEIGHT="98">
            <Shape><Polygon POINTS="465 1014 501 1014 551 1052 702 1034 745 1009 883 1007 969 1044 1042 1022 1085 1042 1304 1039 1410 1012 1455 1029 1480 1012 1535 1029 1553 1014 1576 1032 1674 1014 1712 1027 1860 991 1863 974 1860 969 1636 954 1608 974 1578 954 1525 976 1440 956 1211 981 1019 964 956 981 908 966 878 989 737 991 710 974 667 991 465 994 465 999 465 1014"/></Shape>
            <String CONTENT="حود كلموا ي سا ما يمبع منه بلته فبعلها التم فعكره بيه"
                    HPOS="465"
                    VPOS="954"
                    WIDTH="1398"
                    HEIGHT="98"
                    ></String>
          </TextLine>
          <TextLine ID="eSc_line_a6d2d18a"
                    TAGREFS="LT1"
                    BASELINE="470 1087 1865 1067" 
                    HPOS="470"
                    VPOS="1047"
                    WIDTH="1395"
                    HEIGHT="88">
            <Shape><Polygon POINTS="470 1117 579 1132 674 1115 770 1135 795 1120 951 1117 992 1132 1012 1110 1052 1130 1165 1130 1316 1127 1347 1110 1377 1125 1505 1122 1535 1105 1636 1122 1692 1100 1719 1112 1865 1097 1865 1067 1860 1062 1450 1047 1387 1064 1349 1047 1211 1049 1163 1072 1017 1052 941 1074 833 1054 501 1080 470 1087 470 1117"/></Shape>
            <String CONTENT="اسعا فامنل التلال ورقى ححر من ب ان مخفاخا الى موته اوس"
                    HPOS="470"
                    VPOS="1047"
                    WIDTH="1395"
                    HEIGHT="88"
                    ></String>
          </TextLine>
          <TextLine ID="eSc_line_fff4d452"
                    TAGREFS="LT1"
                    BASELINE="465 1168 1863 1155" 
                    HPOS="465"
                    VPOS="1125"
                    WIDTH="1398"
                    HEIGHT="101">
            <Shape><Polygon POINTS="465 1198 538 1200 591 1226 694 1210 838 1223 861 1205 888 1220 914 1203 1037 1220 1163 1220 1191 1203 1264 1220 1304 1195 1437 1218 1473 1190 1548 1210 1598 1188 1634 1215 1666 1188 1697 1208 1722 1195 1770 1210 1863 1185 1863 1155 1840 1147 1586 1125 1324 1127 1299 1153 1264 1137 1221 1150 1198 1132 1175 1153 1080 1153 1052 1135 989 1155 966 1132 896 1132 846 1153 536 1158 465 1168 465 1198"/></Shape>
            <String CONTENT="من الادام اوالسبر والحلوى فليحرفنهالخفاخور كعمهر وفرف"
                    HPOS="465"
                    VPOS="1125"
                    WIDTH="1398"
                    HEIGHT="101"
                    ></String>
          </TextLine>
          <TextLine ID="eSc_line_11a14952"
                    TAGREFS="LT1"
                    BASELINE="475 1258 1868 1238" 
                    HPOS="475"
                    VPOS="1218"
                    WIDTH="1393"
                    HEIGHT="86">
            <Shape><Polygon POINTS="475 1288 526 1304 553 1286 672 1301 692 1283 750 1301 969 1301 1044 1278 1128 1299 1347 1281 1508 1293 1530 1278 1757 1288 1795 1268 1868 1268 1868 1238 1863 1233 1573 1220 1508 1238 1369 1218 1279 1238 1226 1220 1168 1243 1123 1223 1072 1241 999 1223 971 1246 876 1246 820 1226 770 1243 664 1228 629 1251 493 1251 475 1258 475 1288"/></Shape>
            <String CONTENT="كا بما من ابحضر مس ال حفا وبحل اهار سبع ووافن بقيه ن"
                    HPOS="475"
                    VPOS="1218"
                    WIDTH="1393"
                    HEIGHT="86"
                    ></String>
          </TextLine>
          <TextLine ID="eSc_line_c53489c7"
                    TAGREFS="LT1"
                    BASELINE="503 1334 1870 1329" 
                    HPOS="503"
                    VPOS="1309"
                    WIDTH="1367"
                    HEIGHT="78">
            <Shape><Polygon POINTS="503 1367 556 1364 579 1387 725 1387 755 1369 778 1387 1024 1372 1168 1387 1193 1361 1236 1384 1427 1361 1475 1384 1541 1364 1566 1384 1649 1364 1760 1384 1868 1361 1870 1329 1868 1324 1473 1309 1450 1324 1357 1311 1301 1326 1183 1309 1135 1329 1085 1311 914 1311 846 1329 805 1311 783 1329 725 1314 523 1329 503 1334 503 1367"/></Shape>
            <String CONTENT="الرا لتسله ححلها ألى مكه وفووم فيها بحه اها مكه عل وم اسح"
                    HPOS="503"
                    VPOS="1309"
                    WIDTH="1367"
                    HEIGHT="78"
                    ></String>
          </TextLine>
          <TextLine ID="eSc_line_80b4504f"
                    TAGREFS="LT1"
                    BASELINE="496 1427 1870 1419" 
                    HPOS="496"
                    VPOS="1389"
                    WIDTH="1374"
                    HEIGHT="91">
            <Shape><Polygon POINTS="496 1460 561 1480 664 1475 689 1457 722 1480 762 1460 846 1480 914 1457 989 1472 1019 1457 1042 1477 1284 1477 1311 1455 1420 1452 1460 1470 1490 1452 1533 1467 1629 1452 1687 1470 1707 1452 1747 1472 1790 1452 1868 1452 1870 1419 1865 1414 1724 1414 1694 1394 1606 1414 1568 1389 1538 1407 1425 1389 1072 1407 1027 1392 929 1419 790 1402 752 1419 531 1419 496 1427 496 1460"/></Shape>
            <String CONTENT="رعام الى مصر وام مزل تحا حاله الى ان سحر المكف الوص من سف ابحر عليه"
                    HPOS="496"
                    VPOS="1389"
                    WIDTH="1374"
                    HEIGHT="91"
                    ></String>
          </TextLine>
          <TextLine ID="eSc_line_91b2b73d"
                    TAGREFS="LT1"
                    BASELINE="508 1515 1860 1500" 
                    HPOS="508"
                    VPOS="1480"
                    WIDTH="1352"
                    HEIGHT="83">
            <Shape><Polygon POINTS="508 1545 541 1563 730 1563 926 1560 959 1538 1017 1558 1123 1538 1352 1555 1377 1535 1475 1548 1669 1530 1689 1550 1734 1550 1767 1530 1858 1530 1860 1500 1858 1495 1631 1485 1561 1500 1518 1480 1407 1480 1213 1502 1180 1482 1115 1505 989 1485 888 1507 835 1487 800 1507 727 1495 508 1510 508 1515 508 1545"/></Shape>
            <String CONTENT="وعمم ما ممكنته بحه القبا معه فاسبه عا مكم مرا واعلمه بحاله "
                    HPOS="508"
                    VPOS="1480"
                    WIDTH="1352"
                    HEIGHT="83"
                    ></String>
          </TextLine>
          <TextLine ID="eSc_line_b2b5651a"
                    TAGREFS="LT1"
                    BASELINE="511 1613 1860 1588" 
                    HPOS="511"
                    VPOS="1568"
                    WIDTH="1349"
                    HEIGHT="96">
            <Shape><Polygon POINTS="511 1646 579 1664 657 1641 747 1664 803 1648 914 1661 969 1643 1125 1656 1185 1631 1294 1631 1329 1648 1410 1628 1447 1651 1495 1626 1674 1646 1697 1626 1739 1643 1858 1621 1860 1588 1855 1583 1319 1568 1160 1573 1095 1596 966 1575 911 1601 866 1588 541 1606 511 1613 511 1646"/></Shape>
            <String CONTENT="عرم عليه فواقعه بحلام اراد وانه لهجح بل ابوام بن هرين وسلاوى"
                    HPOS="511"
                    VPOS="1568"
                    WIDTH="1349"
                    HEIGHT="96"
                    ></String>
          </TextLine>
          <TextLine ID="eSc_line_4aee557c"
                    TAGREFS="LT1"
                    BASELINE="516 1701 1873 1689" 
                    HPOS="516"
                    VPOS="1661"
                    WIDTH="1357"
                    HEIGHT="91">
            <Shape><Polygon POINTS="516 1752 589 1737 606 1752 672 1737 707 1752 1019 1749 1102 1727 1133 1744 1178 1727 1387 1742 1437 1724 1553 1742 1606 1721 1795 1742 1870 1721 1873 1689 1828 1681 1573 1684 1551 1666 1490 1679 1462 1661 1326 1661 1243 1664 1208 1686 1097 1664 541 1691 516 1701 516 1752"/></Shape>
            <String CONTENT="بيوهما ونانهمما فعل الخر اليهما وخرسا نح ارفسهما وبارت فتب كسمع"
                    HPOS="516"
                    VPOS="1661"
                    WIDTH="1357"
                    HEIGHT="91"
                    ></String>
          </TextLine>
          <TextLine ID="eSc_line_de7f2803"
                    TAGREFS="LT1"
                    BASELINE="521 1800 1868 1782" 
                    HPOS="521"
                    VPOS="1757"
                    WIDTH="1347"
                    HEIGHT="95">
            <Shape><Polygon POINTS="521 1852 644 1852 674 1832 778 1850 803 1827 876 1850 1009 1825 1070 1842 1097 1822 1188 1822 1241 1842 1291 1820 1352 1840 1389 1820 1671 1840 1865 1815 1868 1782 1863 1777 1631 1764 1601 1779 1583 1762 1480 1757 1455 1782 1289 1759 1226 1777 1196 1762 1032 1764 1009 1787 974 1764 906 1764 851 1789 742 1777 551 1792 521 1800 521 1852"/></Shape>
            <String CONTENT="واكف المى احمراج طلامه مق مة صليعه الساطان الى اللعم مبوومع ببرال"
                    HPOS="521"
                    VPOS="1757"
                    WIDTH="1347"
                    HEIGHT="95"
                    ></String>
          </TextLine>
          <TextLine ID="eSc_line_7e4751ac"
                    TAGREFS="LT1"
                    BASELINE="538 1895 1873 1870" 
                    HPOS="538"
                    VPOS="1852"
                    WIDTH="1335"
                    HEIGHT="91">
            <Shape><Polygon POINTS="538 1938 803 1943 939 1918 1014 1918 1055 1938 1133 1935 1150 1918 1208 1933 1246 1915 1294 1933 1326 1918 1425 1930 1457 1910 1606 1905 1729 1925 1873 1900 1873 1870 1870 1865 1651 1870 1535 1852 1503 1873 1168 1880 1070 1857 936 1860 543 1890 538 1895 538 1938"/></Shape>
            <String CONTENT="الصبيعة صف يحرم سنه سدح وسدع ماده فاوام ه الم سعوان"
                    HPOS="538"
                    VPOS="1852"
                    WIDTH="1335"
                    HEIGHT="91"
                    ></String>
          </TextLine>
          <TextLine ID="eSc_line_bbd536f2"
                    TAGREFS="LT1"
                    BASELINE="528 1978 1865 1966" 
                    HPOS="528"
                    VPOS="1940"
                    WIDTH="1337"
                    HEIGHT="86">
            <Shape><Polygon POINTS="528 2021 594 2026 624 2006 793 2026 830 2006 883 2024 982 2008 1037 2024 1117 2001 1316 2021 1417 2019 1450 1998 1541 2019 1586 2001 1654 2016 1687 1998 1863 1996 1865 1966 1860 1961 1598 1940 1533 1963 1470 1946 1452 1963 1321 1966 1261 1946 1233 1966 1095 1966 1060 1946 561 1971 528 1978 528 2021"/></Shape>
            <String CONTENT="معها مرسم له بيف به فريهم وفه مسعر نعتاه ورلها حما بمكم مه مهوف"
                    HPOS="528"
                    VPOS="1940"
                    WIDTH="1337"
                    HEIGHT="86"
                    ></String>
          </TextLine>
          <TextLine ID="eSc_line_d2e4dece"
                    TAGREFS="LT1"
                    BASELINE="518 2074 1865 2049" 
                    HPOS="518"
                    VPOS="2024"
                    WIDTH="1347"
                    HEIGHT="108">
            <Shape><Polygon POINTS="518 2109 652 2132 722 2107 785 2129 976 2102 1034 2117 1092 2099 1130 2122 1188 2122 1213 2097 1261 2119 1324 2119 1442 2117 1483 2092 1586 2114 1661 2094 1687 2109 1722 2089 1865 2087 1865 2049 1858 2041 1724 2024 1639 2046 1493 2034 1420 2051 1399 2031 1359 2049 1324 2031 1291 2051 1261 2034 1208 2034 1175 2056 1077 2036 1029 2059 976 2039 951 2059 898 2041 551 2066 518 2074 518 2109"/></Shape>
            <String CONTENT="فامو امر كبعه معه فصبى حكر بعاربحسكر مفه قمارارها الى بتح"
                    HPOS="518"
                    VPOS="2024"
                    WIDTH="1347"
                    HEIGHT="108"
                    ></String>
          </TextLine>
          <TextLine ID="eSc_line_fa0437fe"
                    TAGREFS="LT1"
                    BASELINE="551 2165 1870 2139" 
                    HPOS="551"
                    VPOS="2119"
                    WIDTH="1319"
                    HEIGHT="96">
            <Shape><Polygon POINTS="551 2195 752 2215 878 2197 929 2212 951 2195 1208 2207 1347 2185 1442 2202 1500 2180 1546 2192 1614 2172 1870 2167 1870 2139 1865 2134 1598 2124 1551 2139 1508 2119 1485 2137 1407 2122 1384 2139 1342 2122 1321 2139 1304 2124 1208 2124 1183 2147 1027 2149 946 2129 878 2152 747 2134 710 2154 569 2157 551 2165 551 2195"/></Shape>
            <String CONTENT="ملاف النعام من الكرمت وسام ال ومسق موحه أليه وقدم معه معن"
                    HPOS="551"
                    VPOS="2119"
                    WIDTH="1319"
                    HEIGHT="96"
                    ></String>
          </TextLine>
          <TextLine ID="eSc_line_4973882c"
                    TAGREFS="LT1"
                    BASELINE="571 2253 1339 2238 1863 2210" 
                    HPOS="569"
                    VPOS="2200"
                    WIDTH="1294"
                    HEIGHT="111">
            <Shape><Polygon POINTS="571 2253 571 2311 659 2283 737 2308 987 2300 1052 2280 1082 2295 1223 2293 1279 2273 1314 2290 1573 2255 1775 2263 1863 2248 1863 2210 1860 2212 1656 2217 1568 2200 1485 2202 1432 2225 1354 2207 1334 2227 1193 2233 1150 2212 1070 2215 1047 2238 984 2217 813 2245 778 2230 569 2248 571 2253"/></Shape>
            <String CONTENT="فولاه نيابة السلطنة بديار مصر في يوم الخميس ثالث
"
                    HPOS="569"
                    VPOS="2200"
                    WIDTH="1294"
                    HEIGHT="111"
                    ></String>
          </TextLine>
          <TextLine ID="eSc_line_27bb8e54"
                    TAGREFS="LT1"
                    BASELINE="581 2338 1196 2331 1868 2300" 
                    HPOS="579"
                    VPOS="2288"
                    WIDTH="1289"
                    HEIGHT="98">
            <Shape><Polygon POINTS="581 2338 581 2381 687 2363 800 2386 848 2368 939 2384 984 2368 1251 2376 1284 2353 1334 2374 1437 2343 1508 2356 1616 2336 1666 2363 1724 2356 1755 2331 1865 2328 1868 2300 1865 2298 1583 2288 1488 2311 1369 2313 1334 2295 1218 2318 830 2311 579 2333 581 2338"/></Shape>
            <String CONTENT="عشرين شوال سنة تسع وسبعمائة
 فلما كان في "
                    HPOS="579"
                    VPOS="2288"
                    WIDTH="1289"
                    HEIGHT="98"
                    ></String>
          </TextLine>
          <TextLine ID="eSc_line_e18b0841"
                    TAGREFS="LT1"
                    BASELINE="589 2431 1883 2386" 
                    HPOS="589"
                    VPOS="2371"
                    WIDTH="1294"
                    HEIGHT="113">
            <Shape><Polygon POINTS="589 2467 732 2484 788 2482 808 2459 861 2472 903 2457 944 2477 1143 2454 1342 2462 1382 2436 1485 2452 1525 2431 1704 2431 1732 2449 1755 2424 1883 2424 1883 2386 1880 2381 1566 2371 1520 2394 1455 2374 1427 2396 1241 2381 1175 2384 1150 2406 969 2411 951 2396 926 2414 893 2394 808 2396 740 2419 667 2406 589 2426 589 2431 589 2467"/></Shape>
            <String CONTENT="والف لايودحاج لمصورم عن لومه م بومس م الص  ععبن"
                    HPOS="589"
                    VPOS="2371"
                    WIDTH="1294"
                    HEIGHT="113"
                    ></String>
          </TextLine>
          <TextLine ID="eSc_line_8e992e2b"
                    TAGREFS="LT1"
                    BASELINE="581 2522 1105 2514 1606 2477 1873 2469" 
                    HPOS="581"
                    VPOS="2384"
                    WIDTH="1292"
                    HEIGHT="188">
            <Shape><Polygon POINTS="1332 2406 1306 2409 1281 2409 1256 2409 1231 2411 1206 2411 1180 2411 1155 2414 1130 2414 1105 2414 1080 2416 1055 2416 1039 2416 1027 2421 989 2419 979 2419 954 2419 929 2421 903 2421 878 2421 853 2424 828 2424 803 2426 778 2426 752 2426 727 2429 702 2429 677 2429 652 2431 626 2431 601 2431 591 2384 589 2386 581 2522 584 2555 611 2572 644 2552 702 2572 750 2557 762 2570 780 2552 823 2572 898 2547 931 2567 1188 2542 1243 2555 1274 2535 1304 2552 1452 2537 1488 2514 1528 2527 1669 2507 1687 2522 1727 2504 1873 2499 1873 2469 1692 2434 1566 2439 1490 2401 1349 2411 1342 2406 1332 2406"/></Shape>
            <String CONTENT="بلادسلط او استباربه يط برسن سف ن ابسرهن"
                    HPOS="581"
                    VPOS="2384"
                    WIDTH="1292"
                    HEIGHT="188"
                    ></String>
          </TextLine>
          <TextLine ID="eSc_line_cfb6c0a4"
                    TAGREFS="LT1"
                    BASELINE="584 2620 1105 2610 1276 2595 1306 2593 1571 2567 1878 2555" 
                    HPOS="581"
                    VPOS="2512"
                    WIDTH="1294"
                    HEIGHT="159">
            <Shape><Polygon POINTS="1105 2512 1102 2512 1057 2527 1032 2514 1029 2514 1004 2514 979 2514 969 2514 677 2527 581 2618 581 2668 647 2648 715 2650 735 2671 788 2655 823 2668 861 2648 886 2666 1082 2645 1153 2655 1251 2628 1289 2645 1452 2615 1510 2625 1535 2605 1646 2618 1875 2593 1875 2552 1873 2545 1578 2545 1467 2565 1430 2540 1402 2567 1228 2572 1115 2512 1105 2512"/></Shape>
            <String CONTENT="والبصرا بدحاص وارموسى واربصهر اللتن شبا وتتبع الطر"
                    HPOS="581"
                    VPOS="2512"
                    WIDTH="1294"
                    HEIGHT="159"
                    ></String>
          </TextLine>
          <TextLine ID="eSc_line_3a87352d"
                    TAGREFS="LT1"
                    BASELINE="606 2701 1100 2696 1369 2671 1868 2648" 
                    HPOS="606"
                    VPOS="2620"
                    WIDTH="1262"
                    HEIGHT="131">
            <Shape><Polygon POINTS="1865 2643 1538 2653 1478 2635 1452 2653 1420 2635 1384 2658 1344 2633 1286 2666 1153 2671 1100 2620 717 2628 606 2701 609 2751 1070 2744 1090 2726 1160 2736 1228 2716 1264 2736 1316 2718 1425 2731 1535 2703 1639 2723 1679 2698 1775 2708 1868 2691 1868 2648 1865 2643"/></Shape>
            <String CONTENT="وبورجماعه لثبه نحوان به وعدب فيل اوفعو اسن بديه"
                    HPOS="606"
                    VPOS="2620"
                    WIDTH="1262"
                    HEIGHT="131"
                    ></String>
          </TextLine>
        </TextBlock>
        <TextBlock HPOS="2072"
                   VPOS="352"
                   WIDTH="122"
                   HEIGHT="395"
                   ID="eSc_textblock_6f9a153c"
                   TAGREFS="BT1063">
          <Shape><Polygon POINTS="2072 352 2072 746 2194 747 2194 352"/></Shape>
        </TextBlock>
      </PrintSpace>
    </Page>
  </Layout>
</alto>
